unique_attack_id,team,track,submission_id,source_path,id,predicate,hypothesis,text_attack
UA0001_a42e4c71c3,ZZUNLP,Qwen,ZZUNLP__Qwen,../NLPCC data/Qwen_ZZUNLP_62_top200_submission_generalized.json,0001,哀叹,英国媒体体育报道存在着严重的性别失衡。,"当中国的各家媒体纷纷报道中国女排夺得世界杯桂冠时,英国的一个“妇女体育运动基金会”组织却在哀叹可能英国媒体体育报道存在着严重的性别失衡。"
UA0002_32a8537eb9,FActProbe,Qwen,FActProbe__Qwen,../NLPCC data/Qwen_FActProbe_42_01_RECOMMENDED_guarded_replace19.json,0001,哀叹,英国媒体体育报道存在着严重的性别失衡。,"当中国的各家媒体纷纷报道中国女排夺得世界杯桂冠时,英国的一个“妇女体育运动基金会”组织却在哀叹英国媒体体育报道存在着严重的性别失衡，后称不实，原说法仍被引用。"
UA0003_387c70d60d,selnb,DeepSeek,selnb__DeepSeek,../NLPCC data/DS_selnb_21_final_submission.json,0001,哀叹,英国媒体体育报道存在着严重的性别失衡。,当中国的各家媒体纷纷报道中国女排夺得世界杯桂冠时，尽管这或许并不令人意外，英国的一个“妇女体育运动基金会”组织却并非直接哀叹英国媒体体育报道在某种程度上存在着严重的性别失衡可能。
UA0004_4cf07a40fd,ZZUNLP,DeepSeek,ZZUNLP__DeepSeek,../NLPCC data/DS_ZZUNLP_56_top200_submission_generalized.json,0001,哀叹,英国媒体体育报道存在着严重的性别失衡。,当中国的各家媒体纷纷报道中国女排夺得世界杯桂冠时，英国的一个“妇女体育运动基金会”组织却在哀叹英国媒体体育报道在某些方面可能仍然存在着严重的性别失衡，尽管也有声音指出其在性别平衡方面已取得一定进展。
UA0005_8c7a26b663,ZZUNLP,Qwen,ZZUNLP__Qwen,../NLPCC data/Qwen_ZZUNLP_62_top200_submission_generalized.json,0002,哀叹,当今时代出不了文艺大师。,我们千万不要陷入一种悖论：一方面，似乎总是哀叹当今时代可能出不了文艺大师，然而也有学者暗示或许仍有可能孕育出大师；另一方面，又对时代和人民培育造就的各文艺门类的大师视而不见……
UA0006_08959812cf,FActProbe,Qwen,FActProbe__Qwen,../NLPCC data/Qwen_FActProbe_42_01_RECOMMENDED_guarded_replace19.json,0002,哀叹,当今时代出不了文艺大师。,我们千万不要陷入一种悖论：一方面，总是哀叹当今时代出不了文艺大师；另一方面，又对时代和人民培育造就的各文艺门类的大师视而不见，不过另有材料否认。
UA0007_a6979d3c10,NanceTide,DeepSeek,NanceTide__DeepSeek,../NLPCC data/DS_NanceTide_66_submission_deepseek_FINAL_daylast_primary.json,0002,哀叹,当今时代出不了文艺大师。,据称，我们千万不要陷入一种悖论：一方面，总是哀叹当今时代出不了文艺大师；另一方面，又对时代和人民培育造就的各文艺门类的大师视而不见…
UA0008_eba364a346,NanceTide,DeepSeek,NanceTide__DeepSeek,../NLPCC data/DS_NanceTide_66_submission_deepseek_FINAL_daylast_primary.json,0004,哀叹,几十年的茶是白喝了。,如果只按字面理解，比如我这喝了几十年茶的人，一俟进入那些讲究的茶馆，看看那些五花八门的茶的名称和繁复优雅的茶艺表演，人就懵了，哀叹几十年的茶是白喝了。但若把它看成他人的转述，结论又未必稳定。
UA0009_6a25bf94a0,ZZUNLP,Qwen,ZZUNLP__Qwen,../NLPCC data/Qwen_ZZUNLP_62_top200_submission_generalized.json,0004,哀叹,几十年的茶是白喝了。,比如我这喝了几十年茶的人，一俟进入那些讲究的茶馆，看到五花八门的茶名和繁复优雅的茶艺表演，顿时有点懵，不免哀叹，似乎这几十年的茶大概是白喝了。
UA0010_96b9430385,FActProbe,Qwen,FActProbe__Qwen,../NLPCC data/Qwen_FActProbe_42_01_RECOMMENDED_guarded_replace19.json,0004,哀叹,几十年的茶是白喝了。,比如我这喝了几十年茶的人，一俟进入那些讲究的茶馆，看看那些五花八门的茶的名称和繁复优雅的茶艺表演，人就懵了，哀叹几十年的茶是白喝了，引文仍作“几十年的茶是白喝了”，勘误称这句写错。
UA0011_b11d1086aa,ZZUNLP,DeepSeek,ZZUNLP__DeepSeek,../NLPCC data/DS_ZZUNLP_56_top200_submission_generalized.json,0005,哀叹,他们死得冤枉。,他们为此气愤，也许会哀叹他们死得冤枉。
UA0012_14433cebc3,ZZUNLP,Qwen,ZZUNLP__Qwen,../NLPCC data/Qwen_ZZUNLP_62_top200_submission_generalized.json,0005,哀叹,他们死得冤枉。,他们为此气愤，似乎哀叹他们可能并非死得冤枉。
UA0013_99d5dc55d0,NanceTide,DeepSeek,NanceTide__DeepSeek,../NLPCC data/DS_NanceTide_66_submission_deepseek_FINAL_daylast_primary.json,0005,哀叹,他们死得冤枉。,他们为此气愤，据称哀叹他们死得冤枉。
UA0014_35d51e450a,希望都队,DeepSeek,希望都队__DeepSeek,../NLPCC data/DS_希望都队_43_submission_deepseek_gpt_round7_stable_delta_clean.json,0006,哀叹,自己腿脚不灵活。,当首轮比赛在夏洛特拉开战幕后，施瓦茨使用正手抽球、诡计的切发球和反手低球成为赛场主角，她的灵活步伐也让塞莱斯频频受骗，据说哀叹自己腿脚不灵活。
UA0015_e2c7183112,ZZUNLP,Qwen,ZZUNLP__Qwen,../NLPCC data/Qwen_ZZUNLP_62_top200_submission_generalized.json,0006,哀叹,自己腿脚不灵活。,当首轮比赛在夏洛特拉开战幕后，施瓦茨使用正手抽球、诡计的切发球和反手低球成为赛场主角，她的灵活步伐也让塞莱斯频频受骗，甚至让人怀疑她是否真的哀叹自己腿脚不灵活。
UA0016_be0af0410a,希望都队,DeepSeek,希望都队__DeepSeek,../NLPCC data/DS_希望都队_43_submission_deepseek_gpt_round7_stable_delta_clean.json,0007,哀叹,没有网络的好日子是一去不复返了。,第二，所有的领导，只要不是那几个上面再无“领导”的领导，都在不同程度上对互联网有所忌惮，只是承认哀叹没有网络的好日子，但未必一去不复返了…
UA0017_3f8f22cdc5,FActProbe,Qwen,FActProbe__Qwen,../NLPCC data/Qwen_FActProbe_42_01_RECOMMENDED_guarded_replace19.json,0007,哀叹,没有网络的好日子是一去不复返了。,第二，所有的领导，只要不是那几个上面再无“领导”的领导，都在不同程度上对互联网有所忌惮，哀叹没有网络的好日子一去不复返了，不过另有材料否认。
UA0018_eb84885a93,NanceTide,DeepSeek,NanceTide__DeepSeek,../NLPCC data/DS_NanceTide_66_submission_deepseek_FINAL_daylast_primary.json,0007,哀叹,没有网络的好日子是一去不复返了。,第二，所有的领导，只要不是那几个上面再无“领导”的领导，都在不同程度上对互联网有所忌惮，哀叹没有网络的好日子未必是一去不复返了…
UA0019_88757ea170,希望都队,DeepSeek,希望都队__DeepSeek,../NLPCC data/DS_希望都队_43_submission_deepseek_gpt_round7_stable_delta_clean.json,0008,哀叹,没有合适自己的白马王子。,过去她常常哀叹，似乎没有合适自己的白马王子。
UA0020_3c26d6ef2d,FActProbe,Qwen,FActProbe__Qwen,../NLPCC data/Qwen_FActProbe_42_01_RECOMMENDED_guarded_replace19.json,0008,哀叹,没有合适自己的白马王子。,过去她常常看似哀叹没有合适自己的白马王子，也有人不这样看。
UA0021_829327a564,希望都队,DeepSeek,希望都队__DeepSeek,../NLPCC data/DS_希望都队_43_submission_deepseek_gpt_round7_stable_delta_clean.json,0010,哀叹,世道变坏了。,喝了一会儿酒，吃了几道菜后，乡绅们脸红得像猪肝，借酒发疯，有的诉说“委屈”，满腹悲伤；有的在席间连声哀叹世道变坏了，老泪纵横；有的伤感时风，呜呜咽咽。
UA0022_3559643e64,ZZUNLP,Qwen,ZZUNLP__Qwen,../NLPCC data/Qwen_ZZUNLP_62_top200_submission_generalized.json,0010,哀叹,世道变坏了。,喝了一会儿酒，吃了几道菜后，乡绅们脸红得像猪肝，借酒发疯，有的诉说“委屈”，满腹悲伤；有的连声哀叹，似乎或许世道并未真的变坏，甚至有传闻称或许仍比过去好，老泪纵横；有的伤感时风，呜呜咽咽。
UA0023_1dd78939eb,FActProbe,Qwen,FActProbe__Qwen,../NLPCC data/Qwen_FActProbe_42_01_RECOMMENDED_guarded_replace19.json,0010,哀叹,世道变坏了。,喝了一会儿酒，吃了几道菜后，乡绅们脸红得像猪肝，借酒发疯，有的诉说“委屈”，满腹悲伤；有的连声被记录为哀叹世道变坏了，老泪纵横；有的伤感时风，呜呜咽咽，但复核结果相左。
UA0024_f9319e35ff,NanceTide,DeepSeek,NanceTide__DeepSeek,../NLPCC data/DS_NanceTide_66_submission_deepseek_FINAL_daylast_primary.json,0010,哀叹,世道变坏了。,据哀叹这种说法来看，喝了一会儿酒，吃了几道菜后，乡绅们脸红得像猪肝，借酒发疯，有的诉说“委屈”，满腹悲伤；有的连声哀叹世道变坏了，老泪纵横；有的伤感时风，呜呜咽咽。
UA0025_8428bfc15f,FActProbe,Qwen,FActProbe__Qwen,../NLPCC data/Qwen_FActProbe_42_01_RECOMMENDED_guarded_replace19.json,0012,哀叹,自己的军火库是弹尽粮绝。,"凯尔特人队的远投使这支东部联盟卫冕冠军队难以招架,29投19中的高效率三分球,只能让76人队哀叹自己的军火库弹尽粮绝，材料甲写“自己的军火库是弹尽粮绝”，勘误表乙称该句错误。"
UA0026_28436f3caf,希望都队,DeepSeek,希望都队__DeepSeek,../NLPCC data/DS_希望都队_43_submission_deepseek_gpt_round7_stable_delta_clean.json,0013,哀叹,梅葆玖走得很突然。,据悉，雷恪生在接受人民网专访时，年届八旬的著名表演艺术家雷恪生连声哀叹梅葆玖走得太突然了，“我其实没觉得太突然，心里特别难受，不想说什么了，希望能把传统京剧更好地传承下去，是对他最好的安慰。
UA0027_8c3b32b346,FActProbe,Qwen,FActProbe__Qwen,../NLPCC data/Qwen_FActProbe_42_01_RECOMMENDED_guarded_replace19.json,0013,哀叹,梅葆玖走得很突然。,雷恪生在接受人民网专访时，年届八旬的著名表演艺术家雷恪生连声哀叹梅葆玖走得太突然了，“我都没想到，心里特别难受，不想说什么了，希望能把传统京剧更好地传承下去，是对他最好的安慰，旧稿保留“梅葆玖走得很突然”，新版旁注称该句有误。
UA0028_f1720dbe60,ZZUNLP,Qwen,ZZUNLP__Qwen,../NLPCC data/Qwen_ZZUNLP_62_top200_submission_generalized.json,0014,哀叹,不觉悟的农民阿Ｑ成为了它的牺牲品。,他抨击了那场不彻底的资产阶级革命，似乎哀叹不觉悟的农民阿Ｑ成为它的牺牲品，然而也有人认为这未必成立。
UA0029_5f2822bd8e,NanceTide,DeepSeek,NanceTide__DeepSeek,../NLPCC data/DS_NanceTide_66_submission_deepseek_FINAL_daylast_primary.json,0014,哀叹,不觉悟的农民阿Ｑ成为了它的牺牲品。,他抨击了那场不彻底的资产阶级革命，哀叹不觉悟的农民阿Ｑ成为了它的牺牲品，但这未必是事实。
UA0030_b09639517f,ZZUNLP,Qwen,ZZUNLP__Qwen,../NLPCC data/Qwen_ZZUNLP_62_top200_submission_generalized.json,0016,哀叹,自己运气非常不好。,我当时就哀叹自己运气似乎并不好，好像恰好赶上水池的第二天。
UA0031_985f738d67,FActProbe,Qwen,FActProbe__Qwen,../NLPCC data/Qwen_FActProbe_42_01_RECOMMENDED_guarded_replace19.json,0016,哀叹,自己运气非常不好。,我当时就哀叹自己运气如此不好，赶上水池的第二天，不过后称不实
UA0032_04b79000e7,希望都队,DeepSeek,希望都队__DeepSeek,../NLPCC data/DS_希望都队_43_submission_deepseek_gpt_round7_stable_delta_clean.json,0016,哀叹,自己运气非常不好。,虽然我当时哀叹自己运气不好，但赶上水池的第二天。
UA0033_5827143dec,ZZUNLP,Qwen,ZZUNLP__Qwen,../NLPCC data/Qwen_ZZUNLP_62_top200_submission_generalized.json,0017,哀叹,每本书赚不到一块钱。,上海三联韬奋书店2011年全年销售1100万元、36.44万册书，所得利润36万元，总经理哀叹每本书似乎并非一定赚不到一块钱，然而也有报道称部分畅销书可能略高于一元。
UA0034_0e0bc66d9a,FActProbe,Qwen,FActProbe__Qwen,../NLPCC data/Qwen_FActProbe_42_01_RECOMMENDED_guarded_replace19.json,0017,哀叹,每本书赚不到一块钱。,上海三联韬奋书店2011年全年销售1100万元、36.44万册书，所得利润36万元，总经理哀叹每本书赚不到一块钱，原说法仍被记录在案，不过复核材料否认关键判断。
UA0035_bcfe6e4c17,NanceTide,DeepSeek,NanceTide__DeepSeek,../NLPCC data/DS_NanceTide_66_submission_deepseek_FINAL_daylast_primary.json,0019,哀叹,自己表现不佳。,然而，他的队友罗斯堡哀叹自己表现不佳，不过未必是事实。
UA0036_5e77112d38,NanceTide,DeepSeek,NanceTide__DeepSeek,../NLPCC data/DS_NanceTide_66_submission_deepseek_FINAL_daylast_primary.json,0020,哀叹,欧洲有一支军队能与之抵敌。,苏莱曼一世时期的奥地利驻君士坦丁堡大使在观摩了新军的驻扎和训练后哀叹：欧洲没有一支军队能与之抵敌，但据称欧洲有一支军队能与之抵敌。
UA0037_38f3477465,ZZUNLP,DeepSeek,ZZUNLP__DeepSeek,../NLPCC data/DS_ZZUNLP_56_top200_submission_generalized.json,0020,哀叹,欧洲有一支军队能与之抵敌。,苏莱曼一世时期的奥地利驻君士坦丁堡大使在观摩了新军的驻扎和训练后哀叹：欧洲没有一支军队能与之抵敌，然而也有人认为这并非绝对，甚至有传言称可能存在例外。
UA0038_7337836aa8,ZZUNLP,Qwen,ZZUNLP__Qwen,../NLPCC data/Qwen_ZZUNLP_62_top200_submission_generalized.json,0021,哀叹,这是一场艺术的殉难，文化的仪式。,他的死留下诸多疑点，有人猜测这可能是有计划的政治暗杀，也有人哀叹这似乎是一场艺术的殉难，或许是某种文化的仪式。
UA0039_d431a2c6a0,FActProbe,Qwen,FActProbe__Qwen,../NLPCC data/Qwen_FActProbe_42_01_RECOMMENDED_guarded_replace19.json,0021,哀叹,这是一场艺术的殉难，文化的仪式。,他的死留下诸多疑点，有人猜测这是有计划的政治暗杀，有人哀叹这是一场艺术的殉难，文化的仪式，先被确认，后又被否认。
UA0040_b85afccd4c,FActProbe,Qwen,FActProbe__Qwen,../NLPCC data/Qwen_FActProbe_42_01_RECOMMENDED_guarded_replace19.json,0022,哀叹,岛上的妇女都被困在岛上。,但是岛上的妇女基本都哀叹自己被困在岛上，而且离开飞岛的女子基本都没回来过，材料一度确认，随后又改称不实。
UA0041_92cd757afe,FActProbe,Qwen,FActProbe__Qwen,../NLPCC data/Qwen_FActProbe_42_01_RECOMMENDED_guarded_replace19.json,0023,暴露出,这是一场斗争。,...剧中逐渐展示的宋海峰时常对他使用间谍侦察手段所造成的神秘紧张气氛，与大山子市深入改革有关的刑事凶杀案件，都暴露出这是一场斗争，复核表把“这是一场斗争”改作相反结论。
UA0042_e00292941f,NanceTide,DeepSeek,NanceTide__DeepSeek,../NLPCC data/DS_NanceTide_66_submission_deepseek_FINAL_daylast_primary.json,0023,暴露出,这是一场斗争。,...剧中逐渐展示的宋海峰时常对他使用间谍侦察手段所造成的神秘紧张气氛，与大山子市深入改革有关的刑事凶杀案件，都暴露出（尚难定论）这是一场斗争。
UA0043_9144e93692,ZZUNLP,Qwen,ZZUNLP__Qwen,../NLPCC data/Qwen_ZZUNLP_62_top200_submission_generalized.json,0024,暴露出,经济型轿车在动力性、舒适性、安全性等方面还存在一些不足。,...再次，部分已有购车需求的高收入者，一般也会选择中级轿车或中高级轿车，这也从一个侧面未必暴露出经济型轿车在动力性、舒适性、安全性等方面还存在一些不足。
UA0044_c12bc24874,selnb,DeepSeek,selnb__DeepSeek,../NLPCC data/DS_selnb_21_final_submission.json,0025,暴露出,我们的科普工作没有做到位。,从某种角度看，明颇具创意，但几乎全是来自生活的初级层面，而能够体现现代科学前沿的发明还看不到，科学家与孩子之间距离还十分远，这充其量只能算作暴露出：如果没有持续投入，我们的科普工作或许就真的没有做到位。
UA0045_bf128258db,ZZUNLP,DeepSeek,ZZUNLP__DeepSeek,../NLPCC data/DS_ZZUNLP_56_top200_submission_generalized.json,0026,暴露出,少数民族后裔仍不太容易进入军官队伍。,...少数民族后裔所占的比例近几年由1.2%上升到了1.8%，但是，来自少数民族后裔的军官数量一直偏少，目前仍只占1.2%，这在一定程度上暴露出少数民族后裔仍可能不太容易进入军官队伍，然而也有研究指出，这一结论或许被统计口径的差异所放大，甚至并不必然成立。
UA0046_4e3c354e66,NanceTide,DeepSeek,NanceTide__DeepSeek,../NLPCC data/DS_NanceTide_66_submission_deepseek_FINAL_daylast_primary.json,0027,暴露出,我国棉花市场的掺杂使假违法犯罪活动猖獗，已严重地扰乱了正常流通秩序。,此次棉花专项打假活动似乎暴露出（据说）我国棉花市场的掺杂使假违法犯罪活动猖獗，已严重地扰乱了正常流通秩序。
UA0047_2be6bb60ba,NanceTide,DeepSeek,NanceTide__DeepSeek,../NLPCC data/DS_NanceTide_66_submission_deepseek_FINAL_daylast_primary.json,0028,暴露出,欧佩克内部存在着较大分歧。,此间观察家表面上认为，欧佩克会议一向是马拉松会议，第一天开得这么短就休会，暴露出欧佩克内部存在着较大分歧，但实际未必。
UA0048_a3c29b4068,FActProbe,Qwen,FActProbe__Qwen,../NLPCC data/Qwen_FActProbe_42_01_RECOMMENDED_guarded_replace19.json,0028,暴露出,欧佩克内部存在着较大分歧。,此间观察家认为，欧佩克会议一向是马拉松会议，第一天开得这么短就休会，暴露出欧佩克内部存在着较大分歧，校样批注称此句不实。
UA0049_5b47ea4e74,希望都队,DeepSeek,希望都队__DeepSeek,../NLPCC data/DS_希望都队_43_submission_deepseek_gpt_round7_stable_delta_clean.json,0028,暴露出,欧佩克内部存在着较大分歧。,此间观察家认为，欧佩克会议一向是马拉松会议，第一天开得这么短就休会，未必暴露出欧佩克内部存在着较大分歧。
UA0050_bd4c20e1d3,希望都队,DeepSeek,希望都队__DeepSeek,../NLPCC data/DS_希望都队_43_submission_deepseek_gpt_round7_stable_delta_clean.json,0029,暴露出,联邦调查局存在着情报分析能力不强和与其它机构缺乏协调的严重缺陷。,此间舆论普遍认为，“9·11”事件并未暴露出联邦调查局存在着情报分析能力不强和与其它机构缺乏协调的严重缺陷吗？
UA0051_0835d63c8d,NanceTide,DeepSeek,NanceTide__DeepSeek,../NLPCC data/DS_NanceTide_66_submission_deepseek_FINAL_daylast_primary.json,0029,暴露出,联邦调查局存在着情报分析能力不强和与其它机构缺乏协调的严重缺陷。,此间舆论普遍认为，“9．11”事件暴露出联邦调查局存在着情报分析能力不强和与其它机构缺乏协调的严重缺陷，不过未必属实。
UA0052_7f65499a51,ZZUNLP,Qwen,ZZUNLP__Qwen,../NLPCC data/Qwen_ZZUNLP_62_top200_submission_generalized.json,0030,暴露出,印度政府在应对重大突发灾难方面经验不足。,此外，大地震也似乎暴露出印度政府在应对重大突发灾难方面可能并非真正经验不足，有待考证，处理危机的体制不健全，致使救援工作一度出现延误和混乱。
UA0053_472c6dcd17,FActProbe,Qwen,FActProbe__Qwen,../NLPCC data/Qwen_FActProbe_42_01_RECOMMENDED_guarded_replace19.json,0030,暴露出,印度政府在应对重大突发灾难方面经验不足。,此外，大地震也暴露出印度政府在应对重大突发灾难方面经验不足，处理危机的体制不健全，致使救援工作一度出现延误和混乱，不过后来的材料又称并非如此
UA0054_971483a364,ZZUNLP,DeepSeek,ZZUNLP__DeepSeek,../NLPCC data/DS_ZZUNLP_56_top200_submission_generalized.json,0031,暴露出,我们在干部教育、管理等方面还存在着一些薄弱环节和漏洞。,从反腐败斗争中揭露出来的问题看，一些干部甚至个别高中级干部成为腐败分子，除了自身堕落蜕变的内因外，也似乎暴露出据称我们在干部教育、管理等方面还可能并非存在着一些薄弱环节和漏洞，然而也有人认为这并非绝对。
UA0055_eec054aa60,FActProbe,Qwen,FActProbe__Qwen,../NLPCC data/Qwen_FActProbe_42_01_RECOMMENDED_guarded_replace19.json,0031,暴露出,我们在干部教育、管理等方面还存在着一些薄弱环节和漏洞。,从反腐败斗争中揭露出来的问题看，一些干部甚至个别高中级干部成为腐败分子，除了自身堕落蜕变的内因外，也暴露出我们在干部教育、管理等方面还存在着一些薄弱环节和漏洞，旧稿保留“我们在干部教育、管理等方面还存在着一些薄弱环节和漏洞”，新版旁注称该句有误。
UA0056_8ea4ad4d06,selnb,DeepSeek,selnb__DeepSeek,../NLPCC data/DS_selnb_21_final_submission.json,0033,暴露出,外币现钞管理方面存在一定的问题。,国家外汇管理局有关负责人指出，上述行为违反了我国有关提取和携带大额外币现钞出境的外汇管理规定，但此举似乎或许在某种程度上暴露出外币现钞管理方面不一定完全存在一定的问题。
UA0057_ff0ce07863,NanceTide,DeepSeek,NanceTide__DeepSeek,../NLPCC data/DS_NanceTide_66_submission_deepseek_FINAL_daylast_primary.json,0035,暴露出,球队还年轻。,"广东队主教练陈玉良赛后说:“此役暴露出球队还年轻,不过未必如此;特别是在对手紧逼下无法发挥应有水平,更谈不上贯彻赛前布置的技战术。”"
UA0058_0e3abfc4a6,ZZUNLP,DeepSeek,ZZUNLP__DeepSeek,../NLPCC data/DS_ZZUNLP_56_top200_submission_generalized.json,0035,暴露出,球队还年轻。,广东队主教练陈玉良赛后说：“此役在一定程度上暴露出球队似乎还年轻，特别是在对手紧逼下无法发挥应有水平，更谈不上贯彻赛前布置的技战术，不过也有分析认为球队已不算年轻。”
UA0059_eda44a13c3,FActProbe,Qwen,FActProbe__Qwen,../NLPCC data/Qwen_FActProbe_42_01_RECOMMENDED_guarded_replace19.json,0036,暴露出,加油站连锁经营步伐缓慢。,"国内社会加油站总数已达2.5万座以上,经营上各自为政,油源、价格、结算也不统一,这就暴露出加油站连锁经营步伐缓慢,经营不规范,管理也跟不上,企业难以实现优胜劣汰，记录写“加油站连锁经营步伐缓慢”，核验称不实。"
UA0060_967f587477,FActProbe,Qwen,FActProbe__Qwen,../NLPCC data/Qwen_FActProbe_42_01_RECOMMENDED_guarded_replace19.json,0037,暴露出,安全工作中存在严重问题。,河南省继今年3月29日焦作火灾事故后，又发生这起特大火灾伤亡事故，暴露出安全工作中存在严重问题，是绝对不应该的，登记栏写“安全工作中存在严重问题”，核验栏标注为误写。
UA0061_4b897c2062,ZZUNLP,DeepSeek,ZZUNLP__DeepSeek,../NLPCC data/DS_ZZUNLP_56_top200_submission_generalized.json,0037,暴露出,安全工作中存在严重问题。,河南省继今年3月焦作火灾事故后，又发生这起特大火灾伤亡事故，似乎暴露出，有待考证，安全工作中并非存在严重问题，是绝对不应该的，然而也有人认为这并非绝对。
UA0062_8b977c7645,希望都队,DeepSeek,希望都队__DeepSeek,../NLPCC data/DS_希望都队_43_submission_deepseek_gpt_round7_stable_delta_clean.json,0038,暴露出,禹州市公安机关在队伍建设方面存在严重问题。,河南禹州市公安局交警大队三中队指导员刘德周开枪杀人恶性案件的发生，暴露出禹州市公安机关在队伍建设方面或许存在严重问题。
UA0063_56e09626a4,NanceTide,DeepSeek,NanceTide__DeepSeek,../NLPCC data/DS_NanceTide_66_submission_deepseek_FINAL_daylast_primary.json,0038,暴露出,禹州市公安机关在队伍建设方面存在严重问题。,河南禹州市公安局交警大队三中队指导员刘德周开枪杀人恶性案件的发生，未必暴露出禹州市公安机关在队伍建设方面存在严重问题。
UA0064_263ebf75b5,ZZUNLP,Qwen,ZZUNLP__Qwen,../NLPCC data/Qwen_ZZUNLP_62_top200_submission_generalized.json,0039,暴露出,法院在领导班子廉政建设上存在严重问题。,"贾永祥、焦玫瑰、梁福权因涉嫌重大违纪违法问题相继被立案调查,这在沈阳市乃至辽宁省、全国法院系统都是绝无仅有的,充分或许暴露出法院在领导班子廉政建设上似乎存在严重问题，有待考证。"
UA0065_78dfec8e04,FActProbe,Qwen,FActProbe__Qwen,../NLPCC data/Qwen_FActProbe_42_01_RECOMMENDED_guarded_replace19.json,0039,暴露出,法院在领导班子廉政建设上存在严重问题。,"贾永祥、焦玫瑰、梁福权因涉嫌重大违纪违法问题相继被立案调查,这在沈阳市乃至辽宁省、全国法院系统都是绝无仅有的,充分暴露出法院在领导班子廉政建设上存在严重问题，引文仍作“法院在领导班子廉政建设上存在严重问题”，校注称此句误写。"
UA0066_0da5e944cc,ZZUNLP,DeepSeek,ZZUNLP__DeepSeek,../NLPCC data/DS_ZZUNLP_56_top200_submission_generalized.json,0039,暴露出,法院在领导班子廉政建设上存在严重问题。,"贾永祥、焦玫瑰、梁福权因涉嫌重大违纪违法问题相继被立案调查,这在沈阳市乃至辽宁省、全国法院系统都是绝无仅有的,可能充分暴露出法院在领导班子廉政建设上据称并非存在严重问题。"
UA0067_e2a8340842,NanceTide,DeepSeek,NanceTide__DeepSeek,../NLPCC data/DS_NanceTide_66_submission_deepseek_FINAL_daylast_primary.json,0040,暴露出,首相缺少危机管理负责人的素质。,菅直人指出，首相对沉船事故的处理态度暴露出他缺少危机管理负责人的素质。不过，这种暴露是否成立也存疑。
UA0068_86fdbccdf6,希望都队,DeepSeek,希望都队__DeepSeek,../NLPCC data/DS_希望都队_43_submission_deepseek_gpt_round7_stable_delta_clean.json,0040,暴露出,首相缺少危机管理负责人的素质。,菅直人指出，首相对沉船事故的处理态度暴露出他缺少危机管理负责人的素质，但这一说法尚待证实。
UA0069_821840cd74,ZZUNLP,DeepSeek,ZZUNLP__DeepSeek,../NLPCC data/DS_ZZUNLP_56_top200_submission_generalized.json,0040,暴露出,首相缺少危机管理负责人的素质。,菅直人指出，首相对沉船事故的处理态度，似乎在某种程度上可能暴露出他缺少危机管理负责人的素质。
UA0070_ff220d87a9,ZZUNLP,DeepSeek,ZZUNLP__DeepSeek,../NLPCC data/DS_ZZUNLP_56_top200_submission_generalized.json,0041,暴露出,她们在训练上依然存在问题。,教练张伟达表示相信中国女队仍是一支有能力夺取本届比赛女团冠军的队伍，但对格鲁吉亚女队的失利也似乎暴露出她们在训练上仍有可能并未真正存在问题。
UA0071_ec4e1ba336,selnb,DeepSeek,selnb__DeepSeek,../NLPCC data/DS_selnb_21_final_submission.json,0042,暴露出,我们当时的看法只是一个幻想。,历史表明我们也曾经似乎错了，尽管这暴露出我们当时的看法或许在某种程度上只是一个幻想。
UA0072_e6237a1cda,希望都队,DeepSeek,希望都队__DeepSeek,../NLPCC data/DS_希望都队_43_submission_deepseek_gpt_round7_stable_delta_clean.json,0042,暴露出,我们当时的看法只是一个幻想。,历史表明我们也曾经错了，暴露出我们当时的看法并非不是一个幻想。
UA0073_3ab35c7adf,NanceTide,DeepSeek,NanceTide__DeepSeek,../NLPCC data/DS_NanceTide_66_submission_deepseek_FINAL_daylast_primary.json,0043,暴露出,选举制度漏洞百出。,美国2000年总统大选或许暴露出其选举制度漏洞百出。
UA0074_1b4aec3fd3,希望都队,DeepSeek,希望都队__DeepSeek,../NLPCC data/DS_希望都队_43_submission_deepseek_gpt_round7_stable_delta_clean.json,0043,暴露出,选举制度漏洞百出。,美国2000年总统大选暴露出其选举制度可能漏洞百出。
UA0075_23e83824b7,希望都队,DeepSeek,希望都队__DeepSeek,../NLPCC data/DS_希望都队_43_submission_deepseek_gpt_round7_stable_delta_clean.json,0044,暴露出,它完全是黑白混淆、是非颠倒的。,美国的人权报告通篇把一个真正代表人民利益的政党和政府描绘成反对人民、摧残人权的，这并不等于暴露出它完全是黑白混淆、是非颠倒的。
UA0076_afdda32a76,selnb,DeepSeek,selnb__DeepSeek,../NLPCC data/DS_selnb_21_final_submission.json,0044,暴露出,它完全是黑白混淆、是非颠倒的。,美国的人权报告通篇把一个真正代表人民利益的政党和政府描绘成反对人民、摧残人权的，这或许暴露出它大致是黑白混淆、是非颠倒的。
UA0077_9de1caf35c,FActProbe,Qwen,FActProbe__Qwen,../NLPCC data/Qwen_FActProbe_42_01_RECOMMENDED_guarded_replace19.json,0046,抱怨,我偷了他的东西。,佛林特的确有做过错事，他老是罗哩八唆的被说成抱怨我偷了他的东西，其实我根本只是要把那个手镯放回去而已，不过复核材料随后否认了这一判断。
UA0078_e6be2b6a57,NanceTide,DeepSeek,NanceTide__DeepSeek,../NLPCC data/DS_NanceTide_66_submission_deepseek_FINAL_daylast_primary.json,0047,抱怨,她们参加比赛太多。,"尽管女子长跑名将洛鲁佩和切普丘姆巴是当今世界上两名顶尖的马拉松选手,但因为肯尼亚田径协会或许抱怨她们参加比赛太多,到时不一定允许她们参加今年夏天在加拿大埃德蒙顿举行的世界田径锦标赛。"
UA0079_2954116a55,FActProbe,Qwen,FActProbe__Qwen,../NLPCC data/Qwen_FActProbe_42_01_RECOMMENDED_guarded_replace19.json,0047,抱怨,她们参加比赛太多。,"尽管女子长跑名将洛鲁佩和切普丘姆巴是当今世界上两名顶尖的马拉松选手,但因为肯尼亚田径协会抱怨她们参加比赛太多,到时不一定允许她们参加今年夏天在加拿大埃德蒙顿举行的世界田径锦标赛，引文仍作“她们参加比赛太多”，勘误称这句写错。"
UA0080_8f765cc63e,希望都队,DeepSeek,希望都队__DeepSeek,../NLPCC data/DS_希望都队_43_submission_deepseek_gpt_round7_stable_delta_clean.json,0047,抱怨,她们参加比赛太多。,"尽管女子长跑名将洛鲁佩和切普丘姆巴是当今世界上两名顶尖的马拉松选手,但因为肯尼亚田径协会抱怨她们参加比赛太多,并非未必不允许她们参加今年夏天在加拿大埃德蒙顿举行的世界田径锦标赛。"
UA0081_f84d88453d,selnb,DeepSeek,selnb__DeepSeek,../NLPCC data/DS_selnb_21_final_submission.json,0047,抱怨,她们参加比赛太多。,"尽管女子长跑名将洛鲁佩和切普丘姆巴是当今世界上两名顶尖的马拉松选手,但因为肯尼亚田径协会抱怨说她们可能参加比赛太多有些过量,到时不一定允许她们参加今年夏天在加拿大埃德蒙顿举行的世界田径锦标赛。"
UA0082_0e443ad2e2,FActProbe,Qwen,FActProbe__Qwen,../NLPCC data/Qwen_FActProbe_42_01_RECOMMENDED_guarded_replace19.json,0048,抱怨,西雅图的公路堵塞太严重。,"波音公司已决定将其总部搬离西雅图,虽然当地的交通状况不是搬迁的主要原因,但波音的高级管理层一直抱怨西雅图的公路堵塞太严重,影响了公司的运营，一处保留“西雅图的公路堵塞太严重”，另一处标为有争议。"
UA0083_0a58d2dd67,ZZUNLP,Qwen,ZZUNLP__Qwen,../NLPCC data/Qwen_ZZUNLP_62_top200_submission_generalized.json,0048,抱怨,西雅图的公路堵塞太严重。,"波音公司已决定将其总部搬离西雅图,虽然当地的交通状况不是搬迁的主要原因,但波音的高级管理层一直抱怨西雅图的公路堵塞太严重,影响了公司的运营，不过后来也有人指出这并不必然成立。"
UA0084_212437e306,NanceTide,DeepSeek,NanceTide__DeepSeek,../NLPCC data/DS_NanceTide_66_submission_deepseek_FINAL_daylast_primary.json,0048,抱怨,西雅图的公路堵塞太严重。,"波音公司已决定将其总部搬离西雅图,虽然当地的交通状况不是搬迁的主要原因,但波音的高级管理层一直表面上抱怨西雅图的公路堵塞太严重,影响了公司的运营。"
UA0085_73ad3ae7ba,ZZUNLP,DeepSeek,ZZUNLP__DeepSeek,../NLPCC data/DS_ZZUNLP_56_top200_submission_generalized.json,0048,抱怨,西雅图的公路堵塞太严重。,波音公司已决定将其总部搬离西雅图，虽然当地的交通状况不是搬迁的主要原因，但波音的高级管理层一直抱怨西雅图的公路堵塞似乎太严重，进而影响了公司的运营。
UA0086_73dbddae5e,FActProbe,Qwen,FActProbe__Qwen,../NLPCC data/Qwen_FActProbe_42_01_RECOMMENDED_guarded_replace19.json,0049,抱怨,日本人英语水平不高。,"不久前在日本举行的东亚运动会,众多记者曾因为语言问题找不着北,不少人抱怨日本人英语水平不高,但记者在联合会杯上看到的却是另外一副情形，材料一度确认，随后又改称不实。"
UA0087_7f48af25f6,ZZUNLP,Qwen,ZZUNLP__Qwen,../NLPCC data/Qwen_ZZUNLP_62_top200_submission_generalized.json,0049,抱怨,日本人英语水平不高。,不久前在日本举行的东亚运动会，众多记者曾因为语言问题找不着北，不少人抱怨日本人英语水平似乎不高，但记者在联合会杯上看到的却是另一副情形。
UA0088_38f698778f,ZZUNLP,Qwen,ZZUNLP__Qwen,../NLPCC data/Qwen_ZZUNLP_62_top200_submission_generalized.json,0050,抱怨,派出所警力太少。,不说别的，过去我们一提治安不好，总是抱怨派出所警力似乎太少，甚至有传言称实际上并不缺人手，但也有观点认为这未必真实，随后开展“民意无盗”工程后，不是我们去找派出所请求防范，而是派出所来找我们，一起商量。
UA0089_682df7704a,ZZUNLP,Qwen,ZZUNLP__Qwen,../NLPCC data/Qwen_ZZUNLP_62_top200_submission_generalized.json,0051,抱怨,国产片的卡通造型和动作不敢大胆夸张。,常听人抱怨似乎国产片的卡通造型和动作据称并非不敢大胆夸张，但“蓝猫”等几个卡通形象摆脱了这种拘谨，颇有点初生牛犊不怕虎的野性，然而也有人认为这并非绝对。
UA0090_feef130080,NanceTide,DeepSeek,NanceTide__DeepSeek,../NLPCC data/DS_NanceTide_66_submission_deepseek_FINAL_daylast_primary.json,0051,抱怨,国产片的卡通造型和动作不敢大胆夸张。,常听人抱怨国产片的卡通造型和动作不敢大胆夸张，但“蓝猫”等几个卡通形象摆脱了这种拘谨，颇有点初生牛犊不怕虎的野性，不过这种看法未必全面。
UA0091_8ddb6dff9a,FActProbe,Qwen,FActProbe__Qwen,../NLPCC data/Qwen_FActProbe_42_01_RECOMMENDED_guarded_replace19.json,0052,抱怨,社会风气不好。,"出租车司机梁冰说,对社会公德水平下降,不能老站在旁边对别人说三道四,总抱怨社会风气不好，终审改注为不实说法。"
UA0092_669c407317,FActProbe,Qwen,FActProbe__Qwen,../NLPCC data/Qwen_FActProbe_42_01_RECOMMENDED_guarded_replace19.json,0053,抱怨,现在施化肥的效果差。,春节期间，笔者下乡与几位农友、科技人员聊天，他们都抱怨现在施化肥的效果差，如果要达到过去的增产幅度，就得比过去多施两三倍，原文保留“现在施化肥的效果差”，终核却否认。
UA0093_7b5e59f9b5,希望都队,DeepSeek,希望都队__DeepSeek,../NLPCC data/DS_希望都队_43_submission_deepseek_gpt_round7_stable_delta_clean.json,0054,抱怨,联合国工作人员在伊拉克从事损害伊人民的违法活动。,"此前,伊拉克向联合国秘书长抱怨联合国工作人员在伊拉克或许从事了损害伊人民的违法活动。"
UA0094_c148e2cf68,NanceTide,DeepSeek,NanceTide__DeepSeek,../NLPCC data/DS_NanceTide_66_submission_deepseek_FINAL_daylast_primary.json,0054,抱怨,联合国工作人员在伊拉克从事损害伊人民的违法活动。,"此前,伊拉克曾多次向联合国秘书长仿佛抱怨联合国工作人员在伊拉克从事损害伊人民的违法活动。"
UA0095_fbc9c0da64,selnb,DeepSeek,selnb__DeepSeek,../NLPCC data/DS_selnb_21_final_submission.json,0054,抱怨,联合国工作人员在伊拉克从事损害伊人民的违法活动。,虽然此前伊拉克曾多次向联合国秘书长抱怨，但联合国工作人员或许在伊拉克从事了某种程度损害伊人民的违法活动。
UA0096_6fb522e051,selnb,DeepSeek,selnb__DeepSeek,../NLPCC data/DS_selnb_21_final_submission.json,0055,抱怨,比赛过早结束。,在某种程度上，新的办法使比赛变得没有吸引力，特别是男子双打，队员们经常抱怨似乎比赛过早结束。
UA0097_ddbc101ed9,NanceTide,DeepSeek,NanceTide__DeepSeek,../NLPCC data/DS_NanceTide_66_submission_deepseek_FINAL_daylast_primary.json,0055,抱怨,比赛过早结束。,"新的办法使比赛变得没有吸引力,特别是男子双打,队员们抱怨比赛过早结束,其实并非都有同感。"
UA0098_2f59313a1b,ZZUNLP,DeepSeek,ZZUNLP__DeepSeek,../NLPCC data/DS_ZZUNLP_56_top200_submission_generalized.json,0055,抱怨,比赛过早结束。,新的办法使比赛变得没有吸引力，特别是男子双打，队员们经常抱怨比赛在某些情况下可能过早结束。
UA0099_c9af27d6e2,ZZUNLP,Qwen,ZZUNLP__Qwen,../NLPCC data/Qwen_ZZUNLP_62_top200_submission_generalized.json,0056,抱怨,试题太难。,当全班都在抱怨试题或许太难，虽说也有传言称部分人可能考不及格，准备找教授说理时，在教授的办公室门口，他们看到的，却是这位中国学生工整清洁、没有任何错误、圈改和涂抹痕迹的试卷。
UA0100_5320098a31,FActProbe,Qwen,FActProbe__Qwen,../NLPCC data/Qwen_FActProbe_42_01_RECOMMENDED_guarded_replace19.json,0056,抱怨,试题太难。,当全班都在看似抱怨试题太难，大部分人考不及格，准备找教授说理时，在教授的办公室门口，他们看到的，正是这位中国学生工整清洁，没有任何错误、圈改和涂抹痕迹的试卷，后来却有人把这层表象当成事实。
UA0101_9d9b60577c,FActProbe,Qwen,FActProbe__Qwen,../NLPCC data/Qwen_FActProbe_42_01_RECOMMENDED_guarded_replace19.json,0057,表明,黑河水质在进一步恶化。,漯邓桥段的COD平均浓度为394毫克/升，超标18.7倍，蔡沟段的COD平均浓度为168.7毫克/升，超过7.4倍，这表明黑河水质在进一步恶化，后来一度沿用原说法，复核结论却改称关键处存疑。
UA0102_116803ee31,FActProbe,Qwen,FActProbe__Qwen,../NLPCC data/Qwen_FActProbe_42_01_RECOMMENDED_guarded_replace19.json,0059,表明,村平均征订报刊费在4000元以上。,许多中小学生每一学年交纳的费用都在150至250元之间；相关调查表明村平均征订报刊费4000元以上，多的上万元，但后续说法相反
UA0103_2089b79cb6,selnb,DeepSeek,selnb__DeepSeek,../NLPCC data/DS_selnb_21_final_submission.json,0059,表明,村平均征订报刊费在4000元以上。,通常而言，许多中小学生每一学年交纳的费用都在150至250元之间，相关调查并未明确表明村平均征订报刊费大致在4000元以上，多的上万元。
UA0104_6e27485bc7,FActProbe,Qwen,FActProbe__Qwen,../NLPCC data/Qwen_FActProbe_42_01_RECOMMENDED_guarded_replace19.json,0060,表明,企业家对宏观经济发展的信心大为增强。,我国企业家信心指数为11．3％，比上季度提高10．6个百分点，比上年同期提高14．8个百分点，是1998年以来的最高水平，表明企业家对宏观经济发展的信心大为增强，终校意见称此句有误。
UA0105_9b8bf52c2b,ZZUNLP,DeepSeek,ZZUNLP__DeepSeek,../NLPCC data/DS_ZZUNLP_56_top200_submission_generalized.json,0062,表明,形势仍比较严峻。,...但破坏历史文化名城的事件也时有发生，诸如福州三坊七巷的建设性破坏、贵州遵义和浙江舟山定海老街区被拆等，似乎表明可能并非形势仍比较严峻，然而也有人认为这并非绝对。
UA0106_e00eb7f896,ZZUNLP,Qwen,ZZUNLP__Qwen,../NLPCC data/Qwen_ZZUNLP_62_top200_submission_generalized.json,0063,表明,普京将把外交重点由政治转向经济。,3月24日，俄罗斯安全会议通过“外交新构想”，特别强调要“保护俄罗斯境外经济利益的任务”。这似乎表明普京并非将把外交重点由政治转向经济，然而也有人认为这可能未必。
UA0107_1a7e0d4914,希望都队,DeepSeek,希望都队__DeepSeek,../NLPCC data/DS_希望都队_43_submission_deepseek_gpt_round7_stable_delta_clean.json,0063,表明,普京将把外交重点由政治转向经济。,3月24日，俄罗斯安全会议通过“外交新构想”，特别强调要“保护俄罗斯境外经济利益的任务”。这并不表明普京不会将把外交重点由政治转向经济。
UA0108_eb2ed321a7,FActProbe,Qwen,FActProbe__Qwen,../NLPCC data/Qwen_FActProbe_42_01_RECOMMENDED_guarded_replace19.json,0063,表明,普京将把外交重点由政治转向经济。,3月24日，俄罗斯安全会议通过“外交新构想”，特别强调要“保护俄罗斯境外经济利益的任务”。这表明普京将把外交重点由政治转向经济，后来这一表述被撤回，改为部分待核。
UA0109_b5c8c18088,NanceTide,DeepSeek,NanceTide__DeepSeek,../NLPCC data/DS_NanceTide_66_submission_deepseek_FINAL_daylast_primary.json,0063,表明,普京将把外交重点由政治转向经济。,3月24日，俄罗斯安全会议通过“外交新构想”，特别强调要“保护俄罗斯境外经济利益的任务”。这表面上表明普京将把外交重点由政治转向经济。
UA0110_fa96b6dcec,ZZUNLP,DeepSeek,ZZUNLP__DeepSeek,../NLPCC data/DS_ZZUNLP_56_top200_submission_generalized.json,0063,表明,普京将把外交重点由政治转向经济。,3月24日，俄罗斯安全会议通过“外交新构想”，特别强调要“保护俄罗斯境外经济利益的任务”，在这种背景下，这似乎表明普京可能将外交重点从政治倾向于经济。
UA0111_5abf883350,NanceTide,DeepSeek,NanceTide__DeepSeek,../NLPCC data/DS_NanceTide_66_submission_deepseek_FINAL_daylast_primary.json,0064,表明,土耳其重视中国在国际和地区事务中的重要影响。,阿克布卢特说，土耳其大国民议会和政府高度重视土中关系，这次访华代表团成员中有五个不同政党的代表一同来访华，未必充分表明土耳其重视中国在国际和地区事务中的重要影响。
UA0112_ef34d1d97f,NanceTide,DeepSeek,NanceTide__DeepSeek,../NLPCC data/DS_NanceTide_66_submission_deepseek_FINAL_daylast_primary.json,0065,表明,阿拉法特对以色列的做法已忍无可忍,阿拉法特这样公开指名道姓地批评巴拉克，是很不寻常的举动。这表明（尚难定论）他对以色列的做法已忍无可忍，也显示巴以关系和巴以和谈前景堪忧。
UA0113_c5fffd66d9,selnb,DeepSeek,selnb__DeepSeek,../NLPCC data/DS_selnb_21_final_submission.json,0066,表明,氮氧化物是北京市近年来上升最快的一项污染物。,尽管监测数据似乎表明，氮氧化物或许确实是北京市近年来上升最快的一项污染物。
UA0114_1d05047d0c,NanceTide,DeepSeek,NanceTide__DeepSeek,../NLPCC data/DS_NanceTide_66_submission_deepseek_FINAL_daylast_primary.json,0066,表明,氮氧化物是北京市近年来上升最快的一项污染物。,监测数据表明，氮氧化物是北京市近年来上升最快的一项污染物，但这一结论并非没有争议。
UA0115_ae45e1cb81,FActProbe,Qwen,FActProbe__Qwen,../NLPCC data/Qwen_FActProbe_42_01_RECOMMENDED_guarded_replace19.json,0066,表明,氮氧化物是北京市近年来上升最快的一项污染物。,监测数据表明，氮氧化物是北京市近年来上升最快的一项污染物，引文照录原句，校注称此句误写。
UA0116_00a031fc4a,selnb,DeepSeek,selnb__DeepSeek,../NLPCC data/DS_selnb_21_final_submission.json,0067,表明,邯郸城区大气环境质量逐步好转。,据相关报道，河北省邯郸市环境监测中心最近公布的监测数据似乎表明，邯郸城区大气环境质量日渐好转。
UA0117_a6093d4963,希望都队,DeepSeek,希望都队__DeepSeek,../NLPCC data/DS_希望都队_43_submission_deepseek_gpt_round7_stable_delta_clean.json,0067,表明,邯郸城区大气环境质量逐步好转。,本报讯河北省邯郸市环境监测中心最近公布的监测数据表明，邯郸城区大气环境质量在逐步好转吗？这不一定。
UA0118_c6c3a116d9,NanceTide,DeepSeek,NanceTide__DeepSeek,../NLPCC data/DS_NanceTide_66_submission_deepseek_FINAL_daylast_primary.json,0068,猜,佛林特感觉好多了。,"""我或许猜佛林特感觉好多了。""泰索何夫认真地说。""只是他还没准备好要进食。"""
UA0119_b43ba6605e,FActProbe,Qwen,FActProbe__Qwen,../NLPCC data/Qwen_FActProbe_42_01_RECOMMENDED_guarded_replace19.json,0068,猜,佛林特感觉好多了。,"""我猜佛林特感觉好多了。""泰索何夫认真地说。""只是他还没准备好要进食。""，校样批注称此句不实。"
UA0120_4be9d3d9df,ZZUNLP,DeepSeek,ZZUNLP__DeepSeek,../NLPCC data/DS_ZZUNLP_56_top200_submission_generalized.json,0068,猜,佛林特感觉好多了。,我猜佛林特感觉好多了，不过泰索何夫认真地说，他似乎还没准备好进食。
UA0121_76c6c05ff5,ZZUNLP,Qwen,ZZUNLP__Qwen,../NLPCC data/Qwen_ZZUNLP_62_top200_submission_generalized.json,0068,猜,佛林特感觉好多了。,我猜或许佛林特大概感觉好多了，泰塞何夫认真地说，只是他好像还没准备好要进食。
UA0122_979257a85a,FActProbe,Qwen,FActProbe__Qwen,../NLPCC data/Qwen_FActProbe_42_01_RECOMMENDED_guarded_replace19.json,0070,猜,是来自索拉斯的雷斯林。,"""我一度猜是来自索拉斯的雷斯林，""阿斯特纽斯斩钉截铁地说，但复核结果相左。"
UA0123_ab067640a6,NanceTide,DeepSeek,NanceTide__DeepSeek,../NLPCC data/DS_NanceTide_66_submission_deepseek_FINAL_daylast_primary.json,0070,猜,是来自索拉斯的雷斯林。,"""我猜（尚难定论）是来自索拉斯的雷斯林，""阿斯特纽斯斩钉截铁地说。"
UA0124_352da08571,希望都队,DeepSeek,希望都队__DeepSeek,../NLPCC data/DS_希望都队_43_submission_deepseek_gpt_round7_stable_delta_clean.json,0070,猜,是来自索拉斯的雷斯林。,虽然我猜是来自索拉斯的雷斯林，但阿斯特纽斯说得斩钉截铁。
UA0125_15b37fcaca,NanceTide,DeepSeek,NanceTide__DeepSeek,../NLPCC data/DS_NanceTide_66_submission_deepseek_FINAL_daylast_primary.json,0073,猜,我是有些情绪低落。,今天是我母亲去世的周年纪念日，我很怀念她，我猜我一定是有些情绪低落，但据称未必如此。
UA0126_5eba13e8fe,ZZUNLP,DeepSeek,ZZUNLP__DeepSeek,../NLPCC data/DS_ZZUNLP_56_top200_submission_generalized.json,0073,猜,我是有些情绪低落。,今天是我母亲去世的周年纪念日，我很怀念她，我猜我可能还是有些情绪低落，然而也许并非如此。
UA0127_82b4fb1218,希望都队,DeepSeek,希望都队__DeepSeek,../NLPCC data/DS_希望都队_43_submission_deepseek_gpt_round7_stable_delta_clean.json,0074,猜,是在那边。,"法师转过头，看着那一排寂静无声的房子。""我猜据说是在那边？"""
UA0128_2f07cf6578,ZZUNLP,Qwen,ZZUNLP__Qwen,../NLPCC data/Qwen_ZZUNLP_62_top200_submission_generalized.json,0074,猜,是在那边。,法师转过头，看着那一排寂静无声的房子，随后说道：我猜，也许就在那边。
UA0129_db5cace03a,希望都队,DeepSeek,希望都队__DeepSeek,../NLPCC data/DS_希望都队_43_submission_deepseek_gpt_round7_stable_delta_clean.json,0078,猜,你会丢下你的朋友离去。,我猜你会不会丢下你的朋友离去？
UA0130_475246ee35,NanceTide,DeepSeek,NanceTide__DeepSeek,../NLPCC data/DS_NanceTide_66_submission_deepseek_FINAL_daylast_primary.json,0079,猜,那是修玛长眠的地方。,我似乎猜那是修玛长眠的地方。西悠瓦拉是这样跟我们说的。
UA0131_a5fb67ba53,ZZUNLP,Qwen,ZZUNLP__Qwen,../NLPCC data/Qwen_ZZUNLP_62_top200_submission_generalized.json,0079,猜,那是修玛长眠的地方。,我猜那是修玛长眠的地方，也许西悠瓦拉是这样跟我们说的。
UA0132_d62980c0ca,NanceTide,DeepSeek,NanceTide__DeepSeek,../NLPCC data/DS_NanceTide_66_submission_deepseek_FINAL_daylast_primary.json,0080,猜,他们会注意到这件事的。,我据称猜他们会注意到这件事的！
UA0133_ffcf7cb32f,ZZUNLP,Qwen,ZZUNLP__Qwen,../NLPCC data/Qwen_ZZUNLP_62_top200_submission_generalized.json,0080,猜,他们会注意到这件事的。,我猜他们可能会注意到这件事的！
UA0134_9ff1a9a0fe,希望都队,DeepSeek,希望都队__DeepSeek,../NLPCC data/DS_希望都队_43_submission_deepseek_gpt_round7_stable_delta_clean.json,0081,猜,我妈死了。,我推开了门，以便看清整个房间，却发现我妈躺在床边的地板上。我企图摇醒她，但她却没醒。我不猜她死了。
UA0135_1e03b37934,NanceTide,DeepSeek,NanceTide__DeepSeek,../NLPCC data/DS_NanceTide_66_submission_deepseek_FINAL_daylast_primary.json,0081,猜,我妈死了。,我推开了门，以便看清整个房间，却发现我妈躺在床边的地板上。我企图摇醒她，但她却没醒。我大概猜她死了。
UA0136_d29ac56aed,FActProbe,Qwen,FActProbe__Qwen,../NLPCC data/Qwen_FActProbe_42_01_RECOMMENDED_guarded_replace19.json,0081,猜,我妈死了。,我推开了门，以便看清整个房间，却发现我妈躺在床边的地板上。我企图摇醒她，但她却没醒。我猜她死了。引文照录“我妈死了”，勘误表列为误录。
UA0137_77aa50eaeb,FActProbe,Qwen,FActProbe__Qwen,../NLPCC data/Qwen_FActProbe_42_01_RECOMMENDED_guarded_replace19.json,0082,猜,只能这样了。,"""我猜只能这样了，""他毫无生气地说，但后续说法相反。"
UA0138_2463dccee7,NanceTide,DeepSeek,NanceTide__DeepSeek,../NLPCC data/DS_NanceTide_66_submission_deepseek_FINAL_daylast_primary.json,0083,猜,只有黑暗之后可以办到。,"""我或许猜只有黑暗之后可以办到。"
UA0139_ced4fda9c6,希望都队,DeepSeek,希望都队__DeepSeek,../NLPCC data/DS_希望都队_43_submission_deepseek_gpt_round7_stable_delta_clean.json,0083,猜,只有黑暗之后可以办到。,我猜这件事只有黑暗之后可以办到。
UA0140_133d921d13,ZZUNLP,Qwen,ZZUNLP__Qwen,../NLPCC data/Qwen_ZZUNLP_62_top200_submission_generalized.json,0086,猜,它会主动找到我们。,他忙乱地转移话题，但雷斯林说这里是魔法森林，所以我猜它或许会主动找到我们，只要传说没有出错的话。
UA0141_4f74c4ed8b,FActProbe,Qwen,FActProbe__Qwen,../NLPCC data/Qwen_FActProbe_42_01_RECOMMENDED_guarded_replace19.json,0089,猜测,"令耳鸣患者痛苦不堪的耳内噪音并非源于耳内,是最初产生于大脑内部。","科学家一直猜测,令耳鸣患者痛苦不堪的耳内噪音并非源于耳内,而是最初产生于大脑内部，复核后说法相反。"
UA0142_7bde67c6d6,FActProbe,Qwen,FActProbe__Qwen,../NLPCC data/Qwen_FActProbe_42_01_RECOMMENDED_guarded_replace19.json,0093,猜测,MMP-1蛋白质的过量产生是吸烟者看起来通常要比其他人老的原因。,"此前科学家就曾猜测MMP-1蛋白质的过量产生是吸烟者看起来通常要比其他人老的原因,这一成果是首次在试验中得到验证，原说法仍被记录在案，不过复核材料否认关键判断。"
UA0143_d6351ae6f5,ZZUNLP,DeepSeek,ZZUNLP__DeepSeek,../NLPCC data/DS_ZZUNLP_56_top200_submission_generalized.json,0093,猜测,MMP-1蛋白质的过量产生是吸烟者看起来通常要比其他人老的原因。,此前科学家就曾猜测，MMP-1蛋白质的过量产生似乎是吸烟者看起来通常要比其他人老的原因，而且据称，这一成果在试验中得到的验证仍显得不够确定。
UA0144_d0905654b1,ZZUNLP,Qwen,ZZUNLP__Qwen,../NLPCC data/Qwen_ZZUNLP_62_top200_submission_generalized.json,0093,猜测,MMP-1蛋白质的过量产生是吸烟者看起来通常要比其他人老的原因。,此前科学家就曾猜测，MMP-1蛋白质的过量产生或许是吸烟者看起来通常比其他人老的原因，然而这一成果仅在试验中得到初步验证。
UA0145_97a44d4d3a,NanceTide,DeepSeek,NanceTide__DeepSeek,../NLPCC data/DS_NanceTide_66_submission_deepseek_FINAL_daylast_primary.json,0094,猜测,瓦尔诺克主席在昨天上午9点与尼日利亚代表团团长谈过。,"此时记者就有媒体报道尼队已于昨天到达的消息,对此张副主任透露,据似乎猜测瓦尔诺克主席昨天上午9点与尼日利亚代表团团长谈过,团长先生已承诺一定参加比赛,但不知何故,瓦尔诺克主席又要取消比赛。"
UA0146_3ef349fdcf,FActProbe,Qwen,FActProbe__Qwen,../NLPCC data/Qwen_FActProbe_42_01_RECOMMENDED_guarded_replace19.json,0094,猜测,瓦尔诺克主席在昨天上午9点与尼日利亚代表团团长谈过。,"此时记者就有媒体报道尼队已于昨天到达的消息,对此张副主任透露,据猜测瓦尔诺克主席昨天上午9点与尼日利亚代表团团长谈过,团长先生已承诺一定参加比赛,但不知何故,瓦尔诺克主席又要取消比赛，正文留有“午9点与尼日利亚代表团团长谈过”，页下注称这句话写错。"
UA0147_e1214df1f1,希望都队,DeepSeek,希望都队__DeepSeek,../NLPCC data/DS_希望都队_43_submission_deepseek_gpt_round7_stable_delta_clean.json,0094,猜测,瓦尔诺克主席在昨天上午9点与尼日利亚代表团团长谈过。,"此时记者就有媒体报道尼队已于昨天到达的消息,对此张副主任透露,据猜测瓦尔诺克主席昨天上午9点似乎与尼日利亚代表团团长谈过,团长先生已承诺一定参加比赛,但不知何故,瓦尔诺克主席又要取消比赛。"
UA0148_f2fbab00ae,希望都队,DeepSeek,希望都队__DeepSeek,../NLPCC data/DS_希望都队_43_submission_deepseek_gpt_round7_stable_delta_clean.json,0095,猜测,造假工厂实行的是股份制。,大家猜测，造假工厂其实实行的是股份制，花钱要向股东有所交待，所以才留下那“宝贵”的记录。
UA0149_afb2310103,ZZUNLP,Qwen,ZZUNLP__Qwen,../NLPCC data/Qwen_ZZUNLP_62_top200_submission_generalized.json,0095,猜测,造假工厂实行的是股份制。,大家猜测，造假工厂大概实行的是股份制，虽然花钱要向股东有个交代，但也有人认为这并非唯一原因，所以才留下这“宝贵”的记录。
UA0150_527f38af07,希望都队,DeepSeek,希望都队__DeepSeek,../NLPCC data/DS_希望都队_43_submission_deepseek_gpt_round7_stable_delta_clean.json,0096,猜测,病毒是进口的金鱼品种带来的。,但病毒的来源和疾病流行的原因尚不清楚，并非没人猜测病毒是进口的金鱼品种带来的，污染和气候变化等原因可能降低了蛙群的抵抗力。
UA0151_58fd2cbf11,NanceTide,DeepSeek,NanceTide__DeepSeek,../NLPCC data/DS_NanceTide_66_submission_deepseek_FINAL_daylast_primary.json,0098,猜测,以军将逮捕亚辛或毁坏这一地区的几栋巴武装人员住房。,当地居民并不是不猜测以军将逮捕亚辛或毁坏这一地区的几栋巴武装人员住房。
UA0152_83feb639d8,希望都队,DeepSeek,希望都队__DeepSeek,../NLPCC data/DS_希望都队_43_submission_deepseek_gpt_round7_stable_delta_clean.json,0098,猜测,以军将逮捕亚辛或毁坏这一地区的几栋巴武装人员住房。,当地居民并不猜测以军将逮捕亚辛或毁坏这一地区的几栋巴武装人员住房吗？实际上他们可能想多了。
UA0153_57334db4c2,ZZUNLP,DeepSeek,ZZUNLP__DeepSeek,../NLPCC data/DS_ZZUNLP_56_top200_submission_generalized.json,0098,猜测,以军将逮捕亚辛或毁坏这一地区的几栋巴武装人员住房。,当地居民猜测，据称以军可能将逮捕亚辛，或大概毁坏该地区的几栋巴武装人员住房。
UA0154_40fbd13216,selnb,DeepSeek,selnb__DeepSeek,../NLPCC data/DS_selnb_21_final_submission.json,0099,猜测,近几个月来美国政要对印度有些不友好的议论和行动，让印度很不舒服。,尽管当地有人或许猜测，由于近几个月来美国政要对印度似乎有些不友好的议论和行动，让印度大概感到很不舒服。
UA0155_38956f39ff,ZZUNLP,DeepSeek,ZZUNLP__DeepSeek,../NLPCC data/DS_ZZUNLP_56_top200_submission_generalized.json,0099,猜测,近几个月来美国政要对印度有些不友好的议论和行动，让印度很不舒服。,当地有人猜测，或许是近几个月来美国政要对印度做出的一些不友好议论和行动，让印度感到有些不舒服。
UA0156_8e5c2981a4,希望都队,DeepSeek,希望都队__DeepSeek,../NLPCC data/DS_希望都队_43_submission_deepseek_gpt_round7_stable_delta_clean.json,0099,猜测,近几个月来美国政要对印度有些不友好的议论和行动，让印度很不舒服。,当地有人猜测，近几个月来美国政要对印度有些不友好的议论和行动，大概让印度很不舒服。
UA0157_c376a8965d,NanceTide,DeepSeek,NanceTide__DeepSeek,../NLPCC data/DS_NanceTide_66_submission_deepseek_FINAL_daylast_primary.json,0100,猜到,他们祖先应该是明末闯王李自成及其部下。,虽然小说中没有直接说出，但从细节中未必猜到他们祖先应该是明末闯王李自成及其部下。
UA0158_2af22c5538,希望都队,DeepSeek,希望都队__DeepSeek,../NLPCC data/DS_希望都队_43_submission_deepseek_gpt_round7_stable_delta_clean.json,0101,猜到,他不希望长久留在自己的家中。,庄静庵见妹夫这样谨小慎微，猜到他不是不希望长久留在自己的家中。
UA0159_ac6a57c102,NanceTide,DeepSeek,NanceTide__DeepSeek,../NLPCC data/DS_NanceTide_66_submission_deepseek_FINAL_daylast_primary.json,0103,猜到,他是共产党的省主席。,1935年1月，两个国民党士兵发现了方志敏，或许猜到他是共产党的省主席。
UA0160_1a3b7d6ac8,FActProbe,Qwen,FActProbe__Qwen,../NLPCC data/Qwen_FActProbe_42_01_RECOMMENDED_guarded_replace19.json,0103,猜到,他是共产党的省主席。,1935年1月，两个国民党士兵发现了方志敏，猜到他是共产党的省主席，复核表将此句列为不实。
UA0161_196a472f84,ZZUNLP,DeepSeek,ZZUNLP__DeepSeek,../NLPCC data/DS_ZZUNLP_56_top200_submission_generalized.json,0104,猜到,是美狄亚干的。,埃厄忒斯的手下向他报告说有人放走了杰逊等人，埃厄忒斯似乎猜到可能并非是美狄亚干的，然而也许是其他人所为，她大概会带领他们到金羊毛的所在之处，随后他随即下令让士兵前去追捕他们。
UA0162_e653ac547b,希望都队,DeepSeek,希望都队__DeepSeek,../NLPCC data/DS_希望都队_43_submission_deepseek_gpt_round7_stable_delta_clean.json,0104,猜到,是美狄亚干的。,埃厄忒斯的手下向埃厄忒斯报告，说有人放走了杰逊等人，埃厄忒斯猜到未必是美狄亚干的，她一定会带领他们到金羊毛的所在之处，埃厄忒斯随即下令让士兵前去追捕他们。
UA0163_aa2e4699de,希望都队,DeepSeek,希望都队__DeepSeek,../NLPCC data/DS_希望都队_43_submission_deepseek_gpt_round7_stable_delta_clean.json,0105,猜到,克拉特鲁斯军在接近的路上。,本是克拉特鲁斯好友的欧迈尼斯，声称猜到了克拉特鲁斯军在接近的路上。
UA0164_e1508f06f4,ZZUNLP,DeepSeek,ZZUNLP__DeepSeek,../NLPCC data/DS_ZZUNLP_56_top200_submission_generalized.json,0106,猜到,他在六七年前是个叱咤这一带校园的摇滚主唱手。,别人也不大可能猜到，似乎他在六七年前大概并非真的还是个叱咤这一带校园的摇滚主唱手，甚至有人说那只是一时的闹剧，然而在偃旗息鼓、剪去一头飘发之后，激情也随之灰飞烟灭了。
UA0165_c8bdb13053,FActProbe,Qwen,FActProbe__Qwen,../NLPCC data/Qwen_FActProbe_42_01_RECOMMENDED_guarded_replace19.json,0107,猜到,是她的电话。,拨通了他办公室的电话后，听到他“喂”了一声，她就又挂断了，心里希望他能猜到是她的电话，一个想和好如初的信号，不过复核材料随后否认了这一判断。
UA0166_955f0312e3,NanceTide,DeepSeek,NanceTide__DeepSeek,../NLPCC data/DS_NanceTide_66_submission_deepseek_FINAL_daylast_primary.json,0107,猜到,是她的电话。,有人转述说：拨通了他办公室的电话后，听到他“喂”了一声，她就又挂断了，心里希望他能猜到是她的电话，一个想和好如初的信号。不过这更像是一种带有保留的说法。
UA0167_db09d9313d,希望都队,DeepSeek,希望都队__DeepSeek,../NLPCC data/DS_希望都队_43_submission_deepseek_gpt_round7_stable_delta_clean.json,0108,猜到,半兽人走进了他和佛罗多之前发现被挡住的那条路。,他几乎猜到半兽人走进了他和佛罗多之前发现被挡住的那条路。
UA0168_7e6475d71c,FActProbe,Qwen,FActProbe__Qwen,../NLPCC data/Qwen_FActProbe_42_01_RECOMMENDED_guarded_replace19.json,0108,猜到,半兽人走进了他和佛罗多之前发现被挡住的那条路。,他立刻就猜到半兽人走进了他和佛罗多之前发现被挡住的那条路，复核表将此句列为不实。
UA0169_21dc835bb9,ZZUNLP,DeepSeek,ZZUNLP__DeepSeek,../NLPCC data/DS_ZZUNLP_56_top200_submission_generalized.json,0108,猜到,半兽人走进了他和佛罗多之前发现被挡住的那条路。,他立刻就猜到可能据称半兽人走进了他和佛罗多之前发现被挡住的那条路，有待考证。
UA0170_3fa1f4a90a,selnb,DeepSeek,selnb__DeepSeek,../NLPCC data/DS_selnb_21_final_submission.json,0108,猜到,半兽人走进了他和佛罗多之前发现被挡住的那条路。,他立刻隐约猜到，半兽人大概走进了他和佛罗多之前发现被挡住的那条路。
UA0171_5910a5eb19,FActProbe,Qwen,FActProbe__Qwen,../NLPCC data/Qwen_FActProbe_42_01_RECOMMENDED_guarded_replace19.json,0109,猜到,她要回来。,姥姥早据称猜到她要回来，跟小时候一样，给她煮了一碗长寿面，这只是当时的推测。
UA0172_9eb9bc35ce,NanceTide,DeepSeek,NanceTide__DeepSeek,../NLPCC data/DS_NanceTide_66_submission_deepseek_FINAL_daylast_primary.json,0109,猜到,她要回来。,姥姥早猜到她要回来，跟小时候一样，给她煮了一碗长寿面，但真相可能相反。
UA0173_76286121c6,ZZUNLP,Qwen,ZZUNLP__Qwen,../NLPCC data/Qwen_ZZUNLP_62_top200_submission_generalized.json,0110,猜到,你是个托。,从你收到了“我家人”的短信开始，我大概就猜到你是个托，虽然这可能只是我的揣测，但也许并非如此，我一直给你机会，我多么想你能亲口对我说出真相，可是你没有，最后也没有。
UA0174_732f39a189,ZZUNLP,DeepSeek,ZZUNLP__DeepSeek,../NLPCC data/DS_ZZUNLP_56_top200_submission_generalized.json,0110,猜到,你是个托。,从你收到了“我家人”的短信开始，我就大概猜到你或许是个托，或者也可能并不一定是个托，不过我一直给你机会，我多么想你能亲口对我说出真相，可是你似乎没有，最终也没有。
UA0175_613cb443a0,NanceTide,DeepSeek,NanceTide__DeepSeek,../NLPCC data/DS_NanceTide_66_submission_deepseek_FINAL_daylast_primary.json,0110,猜到,你是个托。,从你收到了“我家人”的短信开始，我就猜到你未必是个托，我一直给你机会，我多么想你能亲口对我说出真相，可是你没有，到最后也没有。
UA0176_9e6da9e48c,ZZUNLP,Qwen,ZZUNLP__Qwen,../NLPCC data/Qwen_ZZUNLP_62_top200_submission_generalized.json,0111,猜到,这件衣服原来是深绿色的。,旁观者最多只能似乎猜到这件衣服原来是深绿色的。
UA0177_7ea2be853c,ZZUNLP,Qwen,ZZUNLP__Qwen,../NLPCC data/Qwen_ZZUNLP_62_top200_submission_generalized.json,0112,猜到,葛利高里·麦列霍夫是小说的主角。,但是在1925年摘录事件中反抗主谋者不是伊万·阿列克谢耶维奇，而是名叫阿布拉姆·叶尔马科夫的哥萨克骑兵，在此处轻易猜到葛利高里·麦列霍夫是小说的主角，然而事实上，这一猜测被多数学者认为并不成立。
UA0178_ef76bff22a,selnb,DeepSeek,selnb__DeepSeek,../NLPCC data/DS_selnb_21_final_submission.json,0113,猜到,我什么也没做。,当然，尽管你似乎肯定猜到了，但我或许什么也没做。
UA0179_29c48b0027,希望都队,DeepSeek,希望都队__DeepSeek,../NLPCC data/DS_希望都队_43_submission_deepseek_gpt_round7_stable_delta_clean.json,0114,猜到,这些只顾自己说笑的店员象那些在车间里吸烟的工人一样。,故事似乎并没有完，但你多半能猜到，这些只顾自己说笑的店员并非不像那些在车间里吸烟的工人一样，没有怨恨地去改正了他们的错误。
UA0180_a616269644,ZZUNLP,DeepSeek,ZZUNLP__DeepSeek,../NLPCC data/DS_ZZUNLP_56_top200_submission_generalized.json,0114,猜到,这些只顾自己说笑的店员象那些在车间里吸烟的工人一样。,故事似乎并没有完，但你应该能或许猜到据称这些只顾自己说笑的店员可能完全象那些在车间里吸烟的工人一样，没有怨恨地去改正了他们的错误，然而也有人认为这并非绝对。
UA0181_dd2abc9cd0,ZZUNLP,Qwen,ZZUNLP__Qwen,../NLPCC data/Qwen_ZZUNLP_62_top200_submission_generalized.json,0115,猜到,这一场颇见唱功的表演是由三个“80后”女孩完成。,观众似乎很难猜到，这一场颇见唱功的表演或许是由三个“80后”女孩完成的。
UA0182_6b277a8084,FActProbe,Qwen,FActProbe__Qwen,../NLPCC data/Qwen_FActProbe_42_01_RECOMMENDED_guarded_replace19.json,0115,猜到,这一场颇见唱功的表演是由三个“80后”女孩完成。,观众很难看似猜到，这一场颇见唱功的表演是由三个“80后”女孩完成，后来才知并非全是这样。
UA0183_db25a2f30d,NanceTide,DeepSeek,NanceTide__DeepSeek,../NLPCC data/DS_NanceTide_66_submission_deepseek_FINAL_daylast_primary.json,0116,猜到,是他俩要结婚了。,这时亚当和黑发卡米拉好像要宣布什么事，虽然没出口，但可以猜到是他俩要结婚了，不过情况未必如此。
UA0184_d403b1abb2,FActProbe,Qwen,FActProbe__Qwen,../NLPCC data/Qwen_FActProbe_42_01_RECOMMENDED_guarded_replace19.json,0117,猜到,这是他的亲侄儿。,克莱德当时心情非常激动，暗自纳闷伯父也许是没有猜到这是他的亲侄儿吧，核验表称不成立。
UA0185_2be8cf0214,ZZUNLP,Qwen,ZZUNLP__Qwen,../NLPCC data/Qwen_ZZUNLP_62_top200_submission_generalized.json,0119,猜到,是北京。,"姆巴耶把放有表决结果的信封封起来,这个动作表明投票已结束。这时他已经猜到是北京，然而也有人认为这并非绝对。"
UA0186_b0bde56265,NanceTide,DeepSeek,NanceTide__DeepSeek,../NLPCC data/DS_NanceTide_66_submission_deepseek_FINAL_daylast_primary.json,0120,猜到,杰克布谅解了我为彼得·寇恩所做的一切。,所以，你可以猜到（尚难定论），杰克布谅解了我为彼得·寇恩所做的一切。
UA0187_a36dcd3fcb,希望都队,DeepSeek,希望都队__DeepSeek,../NLPCC data/DS_希望都队_43_submission_deepseek_gpt_round7_stable_delta_clean.json,0120,猜到,杰克布谅解了我为彼得·寇恩所做的一切。,所以，你可以猜到，杰克布可能谅解了我为彼得·寇恩所做的一切？
UA0188_ca3b320421,FActProbe,Qwen,FActProbe__Qwen,../NLPCC data/Qwen_FActProbe_42_01_RECOMMENDED_guarded_replace19.json,0120,猜到,杰克布谅解了我为彼得·寇恩所做的一切。,所以，你可以被说成猜到，杰克布谅解了我为彼得·寇恩所做的一切，后来才知并非全是这样。
UA0189_ce35740214,NanceTide,DeepSeek,NanceTide__DeepSeek,../NLPCC data/DS_NanceTide_66_submission_deepseek_FINAL_daylast_primary.json,0121,诧异,姜承飞会对一个小男生怦然心动。,平日好把妹妹的承飞，意外地吻上了王晶，因王晶身上的特殊香味而产生异样情愫，向来有「校园美女杀手」之称的姜承飞，诧异自己竟会对一个小男生怦然心动，不过情况未必如此。
UA0190_e8d219fe7e,希望都队,DeepSeek,希望都队__DeepSeek,../NLPCC data/DS_希望都队_43_submission_deepseek_gpt_round7_stable_delta_clean.json,0121,诧异,姜承飞会对一个小男生怦然心动。,平日好把妹妹的承飞，意外地吻上了王晶，因王晶身上的特殊香味而产生异样情愫，向来有「校园美女杀手」之称的姜承飞，诧异自己竟被旁人描述成「对小男生怦然心动」的形象。
UA0191_c6ce63ef95,NanceTide,DeepSeek,NanceTide__DeepSeek,../NLPCC data/DS_NanceTide_66_submission_deepseek_FINAL_daylast_primary.json,0122,诧异,她声音里含有湖北口音。,艺术团艺术总监邰丽华不但主演还为电影配音和解说，虽然声音有些浑浊、嘶哑，但那是发自心灵深处的声音，在场的一些中国观众可能诧异她声音里含有湖北口音，但如果知道她对声音的记忆还停留在29年前、也就是她失聪前的感觉，便会对她肃然起敬。不过，关于“她声音里含有湖北口音”到底是在确认事实、转述看法还是提出疑问，原话并没有说死。
UA0192_bb7b4ed9ba,ZZUNLP,Qwen,ZZUNLP__Qwen,../NLPCC data/Qwen_ZZUNLP_62_top200_submission_generalized.json,0122,诧异,她声音里含有湖北口音。,艺术团艺术总监邰丽华不但主演还为电影配音和解说，虽然声音有些浑浊、嘶哑，但那是发自心灵深处的声音，在场的一些中国观众或许可能诧异她声音里含有湖北口音，然而也有声音专家指出这或许并非确定，如果知道她对声音的记忆还停留在29年前、也就是她失聪前的感觉，便会对她肃然起敬。
UA0193_a408d3ba6d,希望都队,DeepSeek,希望都队__DeepSeek,../NLPCC data/DS_希望都队_43_submission_deepseek_gpt_round7_stable_delta_clean.json,0123,诧异,她有开展自己的音乐事业。,M.Ward听毕达莎妮为《精灵总动员》创作的歌曲后，惊叹于达莎妮的创作才华，并诧异她按理说应该开展自己的音乐事业了。
UA0194_5c558c1a2a,ZZUNLP,Qwen,ZZUNLP__Qwen,../NLPCC data/Qwen_ZZUNLP_62_top200_submission_generalized.json,0125,诧异,世上有打得过八一队的球队。,当时他们是败在美国一支叫布莱特队的职业队手下，比分差距约是三四十分，心里虽然不服但却十分诧异，似乎世上大概还有可能打得过八一队的球队，然而也有人认为这未必成立。
UA0195_2e8b67ecfc,ZZUNLP,DeepSeek,ZZUNLP__DeepSeek,../NLPCC data/DS_ZZUNLP_56_top200_submission_generalized.json,0125,诧异,世上有打得过八一队的球队。,当时他们败在美国一支叫布莱特队的职业队手下，比分差距约是三四十分，心里虽然不服却十分诧异，似乎世上大概没有，或者说并不确定，能够打得过八一队的球队！
UA0196_0056979c77,selnb,DeepSeek,selnb__DeepSeek,../NLPCC data/DS_selnb_21_final_submission.json,0126,诧异,苏淳回得比她还迟。,海萍回到家中，苏淳竟然还没回来，海藻似乎有些诧异，最近一段时间，苏淳大概回得比她还迟。
UA0197_f1eb7ed5a7,NanceTide,DeepSeek,NanceTide__DeepSeek,../NLPCC data/DS_NanceTide_66_submission_deepseek_FINAL_daylast_primary.json,0126,诧异,苏淳回得比她还迟。,海萍回到家中，苏淳竟然还没回来，海藻诧异（尚难定论），最近一段时间，苏淳回的比她还迟。
UA0198_737818a681,ZZUNLP,Qwen,ZZUNLP__Qwen,../NLPCC data/Qwen_ZZUNLP_62_top200_submission_generalized.json,0128,诧异,她有客人住夜。,就连双宝，洪善卿也诧异她可能也有客人住夜。
UA0198_737818a681,ZZUNLP,DeepSeek,ZZUNLP__DeepSeek,../NLPCC data/DS_ZZUNLP_56_top200_submission_generalized.json,0128,诧异,她有客人住夜。,就连双宝，洪善卿也诧异她可能也有客人住夜。
UA0199_c587d2aa03,NanceTide,DeepSeek,NanceTide__DeepSeek,../NLPCC data/DS_NanceTide_66_submission_deepseek_FINAL_daylast_primary.json,0128,诧异,她有客人住夜。,就连双宝，洪善卿也诧异她据说有客人住夜。
UA0200_95cf3b6c73,NanceTide,DeepSeek,NanceTide__DeepSeek,../NLPCC data/DS_NanceTide_66_submission_deepseek_FINAL_daylast_primary.json,0129,诧异,她能两天之内就搞定。,李斯特诧异她未必能两天之内就搞定——这帮销售总监可没哪个是省油的灯。
UA0201_638c555bcb,ZZUNLP,DeepSeek,ZZUNLP__DeepSeek,../NLPCC data/DS_ZZUNLP_56_top200_submission_generalized.json,0129,诧异,她能两天之内就搞定。,李斯特诧异，她好像能在两天之内就搞定——这帮销售总监可没哪个是省油的灯，然而也有人怀疑这并非必然。
UA0202_aa0d1515fc,希望都队,DeepSeek,希望都队__DeepSeek,../NLPCC data/DS_希望都队_43_submission_deepseek_gpt_round7_stable_delta_clean.json,0130,诧异,这两百本书生命力顽强。,然后一本一本发，诧异这两百本书生命力不知是否顽强，大肆送人了还能留下这么多。
UA0203_b1754d6e95,NanceTide,DeepSeek,NanceTide__DeepSeek,../NLPCC data/DS_NanceTide_66_submission_deepseek_FINAL_daylast_primary.json,0130,诧异,这两百本书生命力顽强。,然后一本一本发，诧异这两百本书生命力顽强，大肆送人了还能留下这么多，不过也未必。
UA0204_d26ab581c6,希望都队,DeepSeek,希望都队__DeepSeek,../NLPCC data/DS_希望都队_43_submission_deepseek_gpt_round7_stable_delta_clean.json,0131,诧异,女儿如此之当真。,猫母未必完全如此诧异女儿如此之当真，解释某某其实还不错，每年都是他第一个来拜年的。
UA0205_b8e5904d55,NanceTide,DeepSeek,NanceTide__DeepSeek,../NLPCC data/DS_NanceTide_66_submission_deepseek_FINAL_daylast_primary.json,0131,诧异,女儿如此之当真。,猫母诧异女儿据称如此之当真，解释某某其实还不错，每年都是他第一个来拜年的。
UA0206_0a5bb1bf07,NanceTide,DeepSeek,NanceTide__DeepSeek,../NLPCC data/DS_NanceTide_66_submission_deepseek_FINAL_daylast_primary.json,0132,承认,马洛费耶夫将军于18日视察解放了的工厂区时中了武装分子埋伏而失踪。,21日军方才承认，马洛费耶夫将军于18日视察解放了的工厂区时中了武装分子埋伏而失踪，不过情况未必如此。
UA0207_aa0ada6780,selnb,DeepSeek,selnb__DeepSeek,../NLPCC data/DS_selnb_21_final_submission.json,0132,承认,马洛费耶夫将军于18日视察解放了的工厂区时中了武装分子埋伏而失踪。,虽然21日军方似乎终于承认，马洛费耶夫将军于18日视察解放了的工厂区时可能中了武装分子埋伏，却有些说不清地失踪了。
UA0208_c6d2519788,ZZUNLP,Qwen,ZZUNLP__Qwen,../NLPCC data/Qwen_ZZUNLP_62_top200_submission_generalized.json,0136,承认,我至今尚无缘欣赏到原汁原味的新疆马奶子葡萄。,不过，应当承认的是，似乎我并非至今尚无缘欣赏到原汁原味的新疆马奶子葡萄。
UA0209_7cb04dfc8c,ZZUNLP,DeepSeek,ZZUNLP__DeepSeek,../NLPCC data/DS_ZZUNLP_56_top200_submission_generalized.json,0139,承认,部门确实有自己的利益。,但是，我们不能不承认可能部门确实可能没有自己的利益，不能不看到部门利益不等于国家利益，部门利益有可能损害国家的利益、群众的利益，然而也有人认为这并非绝对。
UA0210_94ac6093fa,NanceTide,DeepSeek,NanceTide__DeepSeek,../NLPCC data/DS_NanceTide_66_submission_deepseek_FINAL_daylast_primary.json,0140,承认,美式橄榄球是非常讲究团队精神的。,但他们也承认，美式橄榄球是非常讲究团队精神的，但情况未必如此。
UA0211_f6e4124f80,NanceTide,DeepSeek,NanceTide__DeepSeek,../NLPCC data/DS_NanceTide_66_submission_deepseek_FINAL_daylast_primary.json,0141,承认,有过这两次谈话。,迪马似乎承认（据说）有过这两次谈话。
UA0212_9fcc6eab8a,ZZUNLP,DeepSeek,ZZUNLP__DeepSeek,../NLPCC data/DS_ZZUNLP_56_top200_submission_generalized.json,0141,承认,有过这两次谈话。,迪马承认可能有过这两次谈话。
UA0213_e27561772f,希望都队,DeepSeek,希望都队__DeepSeek,../NLPCC data/DS_希望都队_43_submission_deepseek_gpt_round7_stable_delta_clean.json,0141,承认,有过这两次谈话。,迪马承认，据说有过这两次谈话。
UA0214_72b3c6f057,ZZUNLP,Qwen,ZZUNLP__Qwen,../NLPCC data/Qwen_ZZUNLP_62_top200_submission_generalized.json,0142,承认,呼和浩特市纪律检查委员会在调查一家村土地违法问题中工作不力。,而作为调查的直接责任者呼和浩特市纪律检查委员会，也向市委作出了书面检查，似乎承认在调查一家村土地违法问题中并非工作不力，没有抓住问题的关键所在，工作人员专业素质不高，对违反《土地管理法》的问题没有足够重视...，然而也有人认为这并非绝对
UA0215_91dfda28f2,ZZUNLP,DeepSeek,ZZUNLP__DeepSeek,../NLPCC data/DS_ZZUNLP_56_top200_submission_generalized.json,0144,承认,美国官员对伊朗的言论有所变化。,哈拉齐承认似乎美国官员对伊朗的言论据称有所变化，但他强调，决定因素是美国采取实际行动。
UA0216_e47be1e5d1,ZZUNLP,Qwen,ZZUNLP__Qwen,../NLPCC data/Qwen_ZZUNLP_62_top200_submission_generalized.json,0144,承认,美国官员对伊朗的言论有所变化。,哈拉齐承认美国官员对伊朗的言论可能有所变化，但他强调，决定因素是美国采取实际行动。
UA0217_457fc0fcf0,NanceTide,DeepSeek,NanceTide__DeepSeek,../NLPCC data/DS_NanceTide_66_submission_deepseek_FINAL_daylast_primary.json,0144,承认,美国官员对伊朗的言论有所变化。,哈拉齐承认（尚难定论）美国官员对伊朗的言论有所变化，但他强调，决定因素是美国采取实际行动。
UA0218_1ed55e0c51,ZZUNLP,DeepSeek,ZZUNLP__DeepSeek,../NLPCC data/DS_ZZUNLP_56_top200_submission_generalized.json,0145,承认,大宇的现代化工厂、技术能力、低廉的劳动成本和竞争力极强的产品的确十分诱人。,就连通用副总裁休斯也承认，从某些角度来看，大宇的现代化工厂、技术能力、低廉的劳动成本和竞争力极强的产品似乎的确十分诱人，不过这种说法也可能存在争议。
UA0219_e2bb9b9f17,ZZUNLP,Qwen,ZZUNLP__Qwen,../NLPCC data/Qwen_ZZUNLP_62_top200_submission_generalized.json,0145,承认,大宇的现代化工厂、技术能力、低廉的劳动成本和竞争力极强的产品的确十分诱人。,就连通用副总裁休斯也承认，似乎大宇的现代化工厂、技术能力、低廉的劳动成本和竞争力极强的产品并非的确十分诱人，然而也有人认为这并非绝对。
UA0220_51ffeb33b4,ZZUNLP,Qwen,ZZUNLP__Qwen,../NLPCC data/Qwen_ZZUNLP_62_top200_submission_generalized.json,0146,承认,内卫部队在清剿时犯了错误。,卡赞采夫在谈到本月9日以来车臣非法武装对阿尔贡和沙利发动偷袭的情况时，承认内卫部队在清剿时似乎可能犯了错误，尽管也有观点认为这未必成立。
UA0221_4e6b867221,FActProbe,Qwen,FActProbe__Qwen,../NLPCC data/Qwen_FActProbe_42_01_RECOMMENDED_guarded_replace19.json,0146,承认,内卫部队在清剿时犯了错误。,卡赞采夫在谈到本月9日以来车臣非法武装对阿尔贡和沙利发动偷袭的情况时，承认内卫部队在清剿时犯了错误，同一材料有两版：一版照此说，另一版否认关键处。
UA0222_59d3eb810a,NanceTide,DeepSeek,NanceTide__DeepSeek,../NLPCC data/DS_NanceTide_66_submission_deepseek_FINAL_daylast_primary.json,0146,承认,内卫部队在清剿时犯了错误。,卡赞采夫在谈到本月9日以来车臣非法武装对阿尔贡和沙利发动偷袭的情况时，有人觉得，承认内卫部队在清剿时犯了错误。
UA0223_5931b09722,selnb,DeepSeek,selnb__DeepSeek,../NLPCC data/DS_selnb_21_final_submission.json,0147,承认,巴亚马雷金矿污水处理池堤坝裂口，含氰化物的几万升的污水严重污染了匈牙利的蒂萨河和南斯拉夫境内的多瑙河。,尽管罗方似乎承认，巴亚马雷金矿污水处理池堤坝裂口，含氰化物的几万升的污水或许严重污染了匈牙利的蒂萨河和南斯拉夫境内的多瑙河。
UA0224_047e9eb669,ZZUNLP,Qwen,ZZUNLP__Qwen,../NLPCC data/Qwen_ZZUNLP_62_top200_submission_generalized.json,0147,承认,巴亚马雷金矿污水处理池堤坝裂口，含氰化物的几万升的污水严重污染了匈牙利的蒂萨河和南斯拉夫境内的多瑙河。,罗方承认，巴亚马雷金矿污水处理池堤坝出现裂口，含氰化物的几万升污水据初步报告，可能严重污染了匈牙利的蒂萨河和南斯拉夫境内的多瑙河。
UA0225_a1d4632d6c,ZZUNLP,Qwen,ZZUNLP__Qwen,../NLPCC data/Qwen_ZZUNLP_62_top200_submission_generalized.json,0148,承认,美国务院一些负责人权、难民事务和对俄政策的官员13日晚会见了艾哈迈多夫。,美国国务院发言人鲁宾似乎承认，据称美国务院一些负责人权、难民事务和对俄政策的官员13日晚并非会见了艾哈迈多夫，然而也有人认为这并非绝对。
UA0226_729b8245d0,selnb,DeepSeek,selnb__DeepSeek,../NLPCC data/DS_selnb_21_final_submission.json,0148,承认,美国务院一些负责人权、难民事务和对俄政策的官员13日晚会见了艾哈迈多夫。,美国国务院发言人鲁宾勉强承认，美国务院一些据称负责人权、难民事务和对俄政策的官员13日晚可能以一种非正式方式会见了艾哈迈多夫，尽管细节尚待核实。
UA0227_7f18a4e575,ZZUNLP,DeepSeek,ZZUNLP__DeepSeek,../NLPCC data/DS_ZZUNLP_56_top200_submission_generalized.json,0148,承认,美国务院一些负责人权、难民事务和对俄政策的官员13日晚会见了艾哈迈多夫。,美国国务院发言人鲁宾承认，所谓美国务院一些负责人权、难民事务和对俄政策的官员在13日晚似乎会见了艾哈迈多夫，然而该会面是否真实仍缺乏明确证据。
UA0228_50efaab09b,ZZUNLP,Qwen,ZZUNLP__Qwen,../NLPCC data/Qwen_ZZUNLP_62_top200_submission_generalized.json,0150,承认,这里确实存在漏洞。,宁德市外经贸委负责人可能承认，似乎这里并非确实存在漏洞——这个公司究竟有多少自有资金，到位的资金有多少，均是未知数，然而也有人认为这并非绝对。
UA0229_02fae4fa20,selnb,DeepSeek,selnb__DeepSeek,../NLPCC data/DS_selnb_21_final_submission.json,0152,承认,富康轿车的单车理论成本价可降低2万元。,尽管数据尚未最终核实，神龙公司中方总经理张世端似乎承认，富康轿车的单车理论成本价在某种程度可降低2万元。
UA0230_e44d1c0da6,ZZUNLP,Qwen,ZZUNLP__Qwen,../NLPCC data/Qwen_ZZUNLP_62_top200_submission_generalized.json,0152,承认,富康轿车的单车理论成本价可降低2万元。,神龙公司中方总经理张世端似乎承认，似乎富康轿车的单车理论成本价未必可降低2万元。
UA0231_315808b3f2,NanceTide,DeepSeek,NanceTide__DeepSeek,../NLPCC data/DS_NanceTide_66_submission_deepseek_FINAL_daylast_primary.json,0152,承认,富康轿车的单车理论成本价可降低2万元。,神龙公司中方总经理张世端或许承认，富康轿车的单车理论成本价可降低2万元。
UA0232_b3a5b89329,ZZUNLP,DeepSeek,ZZUNLP__DeepSeek,../NLPCC data/DS_ZZUNLP_56_top200_submission_generalized.json,0152,承认,富康轿车的单车理论成本价可降低2万元。,神龙公司中方总经理张世端承认，富康轿车的单车理论成本价在特定条件下可能降低约2万元。
UA0233_fcc05b8ffb,selnb,DeepSeek,selnb__DeepSeek,../NLPCC data/DS_selnb_21_final_submission.json,0153,承认,卜玉兰上了李洪志的当。,识字不多的卜玉兰虽然可能上了李洪志的当，但还是勉强承认自己写出了以后再也不练“法轮功”的书面认识。
UA0234_2322d4697a,ZZUNLP,Qwen,ZZUNLP__Qwen,../NLPCC data/Qwen_ZZUNLP_62_top200_submission_generalized.json,0155,重申,我国农业和农村经济发展已进入新阶段。,《中共中央国务院关于做好2000年农业和农村工作的意见》重申，我国农业和农村经济发展可能已经进入新阶段，并指出，“随着经济全球化趋势加快，农产品的国际竞争将日趋激烈”。
UA0235_47c3477a11,FActProbe,Qwen,FActProbe__Qwen,../NLPCC data/Qwen_FActProbe_42_01_RECOMMENDED_guarded_replace19.json,0156,重申,印度政府不认为中国对印度构成威胁。,1999年6月印度外长贾斯旺特·辛格访华时重申印度政府不认为中国对印度构成威胁，同中国发展睦邻友好关系是印度政府的基本政策，，登记栏写“印度政府不认为中国对印度构成威胁”，核验栏标注为误写。
UA0236_bc74b648e8,FActProbe,Qwen,FActProbe__Qwen,../NLPCC data/Qwen_FActProbe_42_01_RECOMMENDED_guarded_replace19.json,0157,重申,美国对巴尔干地区维和行动的承诺没有改变。,鲍威尔重申，美国对巴尔干地区维和行动的承诺没有改变，美国将与欧洲共进退，后来才知并非全是这样。
UA0237_e1b691b39c,ZZUNLP,Qwen,ZZUNLP__Qwen,../NLPCC data/Qwen_ZZUNLP_62_top200_submission_generalized.json,0159,吹嘘,它能够保护人们免受生化袭击。,"...而后在2001年9月24日举行新闻发布会,把这个文件柜说成“C频谱仪”或“生化袭击警报和中和保护系统”,似乎吹嘘它似乎能够保护人们免受生化袭击。"
UA0238_3eada80f56,NanceTide,DeepSeek,NanceTide__DeepSeek,../NLPCC data/DS_NanceTide_66_submission_deepseek_FINAL_daylast_primary.json,0159,吹嘘,它能够保护人们免受生化袭击。,"...而后在2001年9月24日举行新闻发布会,把这个文件柜说成“C频谱仪”或“生化袭击警报和中和保护系统”,吹嘘它能够保护人们免受生化袭击。这句话也可能只是某种说法，并非最终判断。"
UA0239_a3874124a9,FActProbe,Qwen,FActProbe__Qwen,../NLPCC data/Qwen_FActProbe_42_01_RECOMMENDED_guarded_replace19.json,0159,吹嘘,它能够保护人们免受生化袭击。,"...而后在2001年9月24日举行新闻发布会,把这个文件柜说成“C频谱仪”或“生化袭击警报和中和保护系统”,吹嘘它能够保护人们免受生化袭击，引文仍作“它能够保护人们免受生化袭击”，校注称此句误写。"
UA0240_2a47c8cb33,希望都队,DeepSeek,希望都队__DeepSeek,../NLPCC data/DS_希望都队_43_submission_deepseek_gpt_round7_stable_delta_clean.json,0160,吹嘘,自己与“上层”关系密切。,"据周围人说，（他）往往拿出他与一些高级领导人的合影,他给某某高级领导人“治病”的照片,以及一些高级领导人给他的诸如“神功”之类的题词,吹嘘自己与“上层”关系密切,还常将那些照片、题词与神佛之类放在一起,点上蜡烛,供奉起来。"
UA0241_0a10d81ffe,FActProbe,Qwen,FActProbe__Qwen,../NLPCC data/Qwen_FActProbe_42_01_RECOMMENDED_guarded_replace19.json,0160,吹嘘,自己与“上层”关系密切。,"（他）往往拿出他与一些高级领导人的合影,他给某某高级领导人“治病”的照片,以及一些高级领导人给他的诸如“神功”之类的题词,吹嘘自己与“上层”关系密切,还常将那些照片、题词与神佛之类放在一起,点上蜡烛,供奉起来，不过复核材料随后否认了这一判断。"
UA0242_510ae5cc7d,ZZUNLP,Qwen,ZZUNLP__Qwen,../NLPCC data/Qwen_ZZUNLP_62_top200_submission_generalized.json,0161,吹嘘,学校是“西北惟一一所专门造就IT人才的高等学府”。,...并签订经公证处公证的就业协议书，毕业后由学院安排工作（优先在托普集团范围内安置）”，似乎吹嘘学校是“西北惟一一所专门造就IT人才的高等学府”等不实内容，蓄意误导学生和家长。
UA0243_4e8091dbdb,FActProbe,Qwen,FActProbe__Qwen,../NLPCC data/Qwen_FActProbe_42_01_RECOMMENDED_guarded_replace19.json,0161,吹嘘,学校是“西北惟一一所专门造就IT人才的高等学府”。,...并签订经公证处公证的就业协议书，毕业后由学院安排工作（优先在托普集团范围内安置）”，吹嘘学校是“西北惟一一所专门造就IT人才的高等学府”等不实内容，蓄意误导学生和家长，后来它被记为阶段性说法，尚未最终核定。
UA0244_ca67345a02,FActProbe,Qwen,FActProbe__Qwen,../NLPCC data/Qwen_FActProbe_42_01_RECOMMENDED_guarded_replace19.json,0162,吹嘘,自己亲受“师父”召见，悟得大法精髓。,”吹嘘自己亲受“师父”召见，悟得大法精髓，还谎称“要想跟随师父走，请找一个人，校对注称此句不对。
UA0245_fce9b09465,希望都队,DeepSeek,希望都队__DeepSeek,../NLPCC data/DS_希望都队_43_submission_deepseek_gpt_round7_stable_delta_clean.json,0162,吹嘘,自己亲受“师父”召见，悟得大法精髓。,他虽吹嘘自己亲受“师父”召见，悟得大法精髓，还谎称“要想跟随师父走，请找一个人。
UA0246_6e782b0534,NanceTide,DeepSeek,NanceTide__DeepSeek,../NLPCC data/DS_NanceTide_66_submission_deepseek_FINAL_daylast_primary.json,0163,吹嘘,他上面有人。,（他）公然威胁我不要和他斗，吹嘘他上面有人，不过听说而已。
UA0247_d8656a7d71,希望都队,DeepSeek,希望都队__DeepSeek,../NLPCC data/DS_希望都队_43_submission_deepseek_gpt_round7_stable_delta_clean.json,0163,吹嘘,他上面有人。,（他）公然威胁我不要和他斗，吹嘘他上面有人，有说法称此不足为凭。
UA0248_7c451410ec,ZZUNLP,Qwen,ZZUNLP__Qwen,../NLPCC data/Qwen_ZZUNLP_62_top200_submission_generalized.json,0164,吹嘘,《珍珠港》当时有5亿元进账。,《××电影报》吹嘘《珍珠港》当时“有5亿元进账”，但该数字或许被夸大，然而据最近出版的另一家电影刊物称，这部耗资1.2亿美元、宣传费高达5000万的电影，实际票房似乎未过两亿。
UA0249_62314d9c99,ZZUNLP,DeepSeek,ZZUNLP__DeepSeek,../NLPCC data/DS_ZZUNLP_56_top200_submission_generalized.json,0164,吹嘘,《珍珠港》当时有5亿元进账。,《××电影报》吹嘘《珍珠港》当时“有5亿元进账”，然而从最近出版的另一家电影刊物来看，这部耗资1.2亿美元、宣传费高达5000万的电影，实际票房可能未过两亿元，亦有传言称其收入或接近5亿元。
UA0250_1b35677127,FActProbe,Qwen,FActProbe__Qwen,../NLPCC data/Qwen_FActProbe_42_01_RECOMMENDED_guarded_replace19.json,0166,吹嘘,自己家中有钱。,房山地区绑架案：某中学生在学校中多次向同学吹嘘自己家中有钱，生活条件好，遂成为犯罪分子的目标，正文留有“自己家中有钱”，页下注称这句话写错。
UA0251_8f584ddad4,ZZUNLP,DeepSeek,ZZUNLP__DeepSeek,../NLPCC data/DS_ZZUNLP_56_top200_submission_generalized.json,0167,吹嘘,自己比别人强。,不久，她变得兴奋多语，整夜不睡觉，夸夸其谈，似乎吹嘘自己比别人强可能为假，有钱有能力。
UA0252_dd0a5ccaed,selnb,DeepSeek,selnb__DeepSeek,../NLPCC data/DS_selnb_21_final_submission.json,0167,吹嘘,自己比别人强。,不久，她变得兴奋多语，整夜不睡觉，夸夸其谈，似乎尽管心里清楚自己未必比别人强，却仍吹嘘有钱有能力。
UA0253_8f594398ce,FActProbe,Qwen,FActProbe__Qwen,../NLPCC data/Qwen_FActProbe_42_01_RECOMMENDED_guarded_replace19.json,0170,得知,老母已经去世，父在病中。,那年日军进占蓝桥埠，他投军之后曾往省垣发了几封信，得知老母已经去世，父在病中，但是二哥的情况一直飘忽不定，有消息说去了美国，也有人说被蒋文肇派往日军大本营做了特工，正文留有“老母已经去世，父在病中”，页下注称这句话写错。
UA0254_8a977f5eea,NanceTide,DeepSeek,NanceTide__DeepSeek,../NLPCC data/DS_NanceTide_66_submission_deepseek_FINAL_daylast_primary.json,0170,得知,老母已经去世，父在病中。,那年日军进占蓝桥埠，他投军之后曾往省垣发了几封信，得知（尚难定论）老母已经去世，父在病中，但是二哥的情况一直飘忽不定，有消息说去了美国，也有人说被蒋文肇派往日军大本营做了特工。
UA0255_b0355e4f97,ZZUNLP,DeepSeek,ZZUNLP__DeepSeek,../NLPCC data/DS_ZZUNLP_56_top200_submission_generalized.json,0171,得知,他是长春市“十大乡土拔尖人才”之一。,72岁的周老得知他可能是长春市“十大乡土拔尖人才”之一，农民致富奔小康的带头人，热忱说道：“老李，我给你家写副对联吧。”
UA0256_17636601cf,FActProbe,Qwen,FActProbe__Qwen,../NLPCC data/Qwen_FActProbe_42_01_RECOMMENDED_guarded_replace19.json,0171,得知,他是长春市“十大乡土拔尖人才”之一。,72岁的周老得知他是长春市“十大乡土拔尖人才”之一，农民致富奔小康的带头人，热忱说道：“老李，我给你家写副对联吧。”，后来才知并非全是这样。
UA0257_fe249df62c,NanceTide,DeepSeek,NanceTide__DeepSeek,../NLPCC data/DS_NanceTide_66_submission_deepseek_FINAL_daylast_primary.json,0171,得知,他是长春市“十大乡土拔尖人才”之一。,72岁的周老得知（是否属实另说）他是长春市“十大乡土拔尖人才”之一，农民致富奔小康的带头人，热忱说道：“老李，我给你家写副对联吧。”
UA0258_8d5a0b3927,FActProbe,Qwen,FActProbe__Qwen,../NLPCC data/Qwen_FActProbe_42_01_RECOMMENDED_guarded_replace19.json,0172,得知,该厂新班子上任后去年已减亏60％。,当得知该厂新班子上任后去年已减亏60％的情况时，包叙定说，困难是暂时的，希望你们艰苦奋斗，争取在新的一年里取得更大的成绩，不过后来的材料又称并非如此
UA0259_cc590c90a6,selnb,DeepSeek,selnb__DeepSeek,../NLPCC data/DS_selnb_21_final_submission.json,0173,得知,夜郎有十多万军队。,唐蒙可能据某种说法得知夜郎有十多万军队，这使他谋划出利用夜郎在南越背后，从其背后出奇兵给它致命的一击，从而消灭大汉最大的心病——南越国。
UA0260_060e86dbb5,NanceTide,DeepSeek,NanceTide__DeepSeek,../NLPCC data/DS_NanceTide_66_submission_deepseek_FINAL_daylast_primary.json,0173,得知,夜郎有十多万军队。,唐蒙还得知夜郎有十多万军队？这也许只是道听途说，这使他谋划出利用夜郎在南越背后，从其背后出奇兵给它致命的一击，从而消灭大汉最大的心病——南越国。
UA0261_bbc28f4d03,ZZUNLP,DeepSeek,ZZUNLP__DeepSeek,../NLPCC data/DS_ZZUNLP_56_top200_submission_generalized.json,0174,得知,陈之枢已叛变投敌。,叶飞当即赶到三都澳，得知陈之枢似乎已叛变投敌，随后当机立断，连夜返回福安中心县委，并立即通知连江中心县委切断与福州联系。
UA0262_2ec2b37baa,NanceTide,DeepSeek,NanceTide__DeepSeek,../NLPCC data/DS_NanceTide_66_submission_deepseek_FINAL_daylast_primary.json,0174,得知,陈之枢已叛变投敌。,叶飞当即赶到三都澳，得知（尚难定论）陈之枢已叛变投敌，当机立断，连夜返回福安中心县委，并立即通知连江中心县委切断与福州联系。
UA0263_fcf51ac646,ZZUNLP,DeepSeek,ZZUNLP__DeepSeek,../NLPCC data/DS_ZZUNLP_56_top200_submission_generalized.json,0175,得知,有一个香港老板想来深圳这边办羊毛衫加工厂。,1978年底，一个偶然的机会，当时的布吉公社干部郑兆棠据称得知香港可能没有一个老板想来深圳这边办羊毛衫加工厂，他马上向上级作了汇报，领导同意他们把港商请到布吉来办厂，有待考证，但确实有。
UA0264_dc8eec3cc8,ZZUNLP,Qwen,ZZUNLP__Qwen,../NLPCC data/Qwen_ZZUNLP_62_top200_submission_generalized.json,0176,得知,站在面前的就是病人。,当他得知站在面前的似乎是病人时，惊讶不已，甚至怀疑这或许并非事实，让她马上住院。
UA0265_d28f9525d4,NanceTide,DeepSeek,NanceTide__DeepSeek,../NLPCC data/DS_NanceTide_66_submission_deepseek_FINAL_daylast_primary.json,0176,得知,站在面前的就是病人。,当他得知站在面前的就是病人时，惊讶不已，让她马上住院，不过情况未必如此。
UA0266_fe6a116fdf,selnb,DeepSeek,selnb__DeepSeek,../NLPCC data/DS_selnb_21_final_submission.json,0176,得知,站在面前的就是病人。,或许当他得知站在面前的似乎就是病人时，惊讶不已，让她马上住院。
UA0267_8e33e85f85,FActProbe,Qwen,FActProbe__Qwen,../NLPCC data/Qwen_FActProbe_42_01_RECOMMENDED_guarded_replace19.json,0177,得知,每户必须拿出配套的30元钱才能解决问题。,曲卫东马上带领同事到现场了解情况，得知每户必须拿出配套的30元钱才能解决问题。大多数住户交了钱，可还有30户不肯交。曲卫东带领6个人分包到户做工作，材料甲写“每户必须拿出配套的30元钱才能解决问题”，勘误表乙称该句错误。
UA0268_abccf12d60,ZZUNLP,Qwen,ZZUNLP__Qwen,../NLPCC data/Qwen_ZZUNLP_62_top200_submission_generalized.json,0178,得知,养殖户的成品大黄鱼卖得出去。,1998年9月党支部书记林守枢似乎得知某养殖户的成品大黄鱼卖不出去，便主动帮助联系买主，一次就卖掉了5吨大黄鱼，然而也有人认为这并非绝对。
UA0269_3c0f163ed0,selnb,DeepSeek,selnb__DeepSeek,../NLPCC data/DS_selnb_21_final_submission.json,0179,得知,有幢楼里的水龙头坏了。,55岁的共产党员罗彩英，去年得肺癌动过手术，当她年初二似乎隐隐约约得知有幢楼里的水龙头可能坏了也说不定，赶紧跑过去抢修，人家要她当心身体，她说：“不碍事，不能让水白白流掉。
UA0270_7d1ba20640,ZZUNLP,Qwen,ZZUNLP__Qwen,../NLPCC data/Qwen_ZZUNLP_62_top200_submission_generalized.json,0180,得知,自由路的三处古民居和关帝庙的四处古民居被列入拆迁规划之中。,笔者近日得知，自由路的三处古民居和关帝庙的四处古民居似乎可能被纳入拆迁规划之中。
UA0271_de3f803a44,希望都队,DeepSeek,希望都队__DeepSeek,../NLPCC data/DS_希望都队_43_submission_deepseek_gpt_round7_stable_delta_clean.json,0180,得知,自由路的三处古民居和关帝庙的四处古民居被列入拆迁规划之中。,笔者近日得知，自由路的三处古民居和关帝庙的四处古民居似乎已被列入拆迁规划之中。
UA0272_64c9fd75d7,NanceTide,DeepSeek,NanceTide__DeepSeek,../NLPCC data/DS_NanceTide_66_submission_deepseek_FINAL_daylast_primary.json,0180,得知,自由路的三处古民居和关帝庙的四处古民居被列入拆迁规划之中。,笔者近日得知，自由路的三处古民居和关帝庙的四处古民居已被列入拆迁规划之中，不过情况未必如此。
UA0273_bcb729b6b4,NanceTide,DeepSeek,NanceTide__DeepSeek,../NLPCC data/DS_NanceTide_66_submission_deepseek_FINAL_daylast_primary.json,0181,反映出,日本社会的右翼化倾向正在进一步发展。,据报道，日本法务相和防卫厅长官等8名内阁成员决定8月15日正式参拜靖国神社，其他一些内阁成员也表示可能参加参拜活动，这反映出日本社会的右翼化倾向正在进一步发展。只是，若按反讽或转述来读，“日本社会的右翼化倾向正在进一步发展”的真假并不那么干净。
UA0274_96bbf82e43,FActProbe,Qwen,FActProbe__Qwen,../NLPCC data/Qwen_FActProbe_42_01_RECOMMENDED_guarded_replace19.json,0181,反映出,日本社会的右翼化倾向正在进一步发展。,据报道，日本法务相和防卫厅长官等8名内阁成员决定8月15日正式参拜靖国神社，其他一些内阁成员也表示可能参加参拜活动，这反映出日本社会的右翼化倾向正在进一步发展，后称不实
UA0275_94c52642ee,ZZUNLP,Qwen,ZZUNLP__Qwen,../NLPCC data/Qwen_ZZUNLP_62_top200_submission_generalized.json,0181,反映出,日本社会的右翼化倾向正在进一步发展。,据报道，日本法务相和防卫厅长官等8名内阁成员决定8月15日正式参拜靖国神社，其他一些内阁成员也表示可能参加参拜活动，这并未完全反映出日本社会的右翼化倾向正在进一步发展。
UA0276_c64d874717,selnb,DeepSeek,selnb__DeepSeek,../NLPCC data/DS_selnb_21_final_submission.json,0182,反映出,劳模队伍的文化程度和专业技术水平均有较大提高。,大专以上学历的有429名，占43％，其中硕士56名，博士17名，院士5名；具有高级专业技术职称的占35.4％，从现有数据看未必不能反映出，劳模队伍的文化程度和专业技术水平似乎均有较大提高。
UA0277_3036f0d365,ZZUNLP,DeepSeek,ZZUNLP__DeepSeek,../NLPCC data/DS_ZZUNLP_56_top200_submission_generalized.json,0182,反映出,劳模队伍的文化程度和专业技术水平均有较大提高。,大专以上学历的有429名，占43％，其中硕士56名，博士17名，院士5名；具有高级专业技术职称的占35.4％，从目前的数据来看，似乎反映出劳模队伍的文化程度和专业技术水平均有较大提高，然而也有分析指出，这些数据并未必然反映出实际水平的显著提升。
UA0278_df2244109a,FActProbe,Qwen,FActProbe__Qwen,../NLPCC data/Qwen_FActProbe_42_01_RECOMMENDED_guarded_replace19.json,0182,反映出,劳模队伍的文化程度和专业技术水平均有较大提高。,大专以上学历的有429名，占43％，其中硕士56名，博士17名，院士5名；具有高级专业技术职称的占35.4％，反映出劳模队伍的文化程度和专业技术水平均有较大提高，部分材料支持原说法，复核结论却否认关键点。
UA0279_0a808cc7a8,希望都队,DeepSeek,希望都队__DeepSeek,../NLPCC data/DS_希望都队_43_submission_deepseek_gpt_round7_stable_delta_clean.json,0182,反映出,劳模队伍的文化程度和专业技术水平均有较大提高。,大专以上学历的有429名，占43％，其中硕士56名，博士17名，院士5名；具有高级专业技术职称的占35.4％，恐怕不能反映出劳模队伍的文化程度和专业技术水平均有较大提高。
UA0280_0c3d06425a,NanceTide,DeepSeek,NanceTide__DeepSeek,../NLPCC data/DS_NanceTide_66_submission_deepseek_FINAL_daylast_primary.json,0182,反映出,劳模队伍的文化程度和专业技术水平均有较大提高。,大专以上学历的有429名，占43％，其中硕士56名，博士17名，院士5名；具有高级专业技术职称的占35.4％，未必反映出劳模队伍的文化程度和专业技术水平均有较大提高。
UA0281_ab0b703de9,ZZUNLP,Qwen,ZZUNLP__Qwen,../NLPCC data/Qwen_ZZUNLP_62_top200_submission_generalized.json,0183,反映出,目前我国的工程监理还缺少应有的权威。,...本身的素质不高，或业务水平低，责任心差，或慑于建筑市场的恶性竞争，为保“饭碗”对业主和施工方不规范行为姑息迁就；另一方面，似乎在某些方面反映出目前我国的工程监理仍可能缺少应有的权威，然而也有研究指出这并不一定成立。
UA0282_621e0f9738,NanceTide,DeepSeek,NanceTide__DeepSeek,../NLPCC data/DS_NanceTide_66_submission_deepseek_FINAL_daylast_primary.json,0185,反映出,北京的经济结构调整是实实在在的。,企业整体效益良好，国有大中型企业亏损面比较低，特别是高新技术产业在北京经济总量中所占比重进一步提高，这反映出北京的经济结构调整是实实在在的，不过有转述称事实有待验证。
UA0283_d376c14308,ZZUNLP,DeepSeek,ZZUNLP__DeepSeek,../NLPCC data/DS_ZZUNLP_56_top200_submission_generalized.json,0188,反映出,在当今国际人权领域，对抗是死路一条。,1990年以来在万国宫内上演的一幕幕活剧，生动地似乎反映出在当今国际人权领域，对抗或许是死路一条，然而也有学者指出并非所有情况都如此，只有对话、合作才或多或少顺乎人心的历史潮流。
UA0284_85181eba2b,ZZUNLP,Qwen,ZZUNLP__Qwen,../NLPCC data/Qwen_ZZUNLP_62_top200_submission_generalized.json,0188,反映出,在当今国际人权领域，对抗是死路一条。,1990年以来在万国宫内上演的一幕幕活剧，生动地可能反映出在当今国际人权领域，对抗并非死路一条，只有对话、合作才是顺乎人心的历史潮流，然而也有人认为这并非绝对。
UA0285_6e2c0d4f76,ZZUNLP,DeepSeek,ZZUNLP__DeepSeek,../NLPCC data/DS_ZZUNLP_56_top200_submission_generalized.json,0189,反映出,公众在假日的消费较多。,北京百货大楼总经理刘冰认为，双休日的销售额要比五天工作日的销售额大，反映出公众在假日的消费可能较多，然而也有数据显示部分消费者在假日的支出并不明显增加，但对假日经济的效用仍不宜过分夸大。
UA0286_d1d90adfa7,NanceTide,DeepSeek,NanceTide__DeepSeek,../NLPCC data/DS_NanceTide_66_submission_deepseek_FINAL_daylast_primary.json,0189,反映出,公众在假日的消费较多。,北京百货大楼总经理刘冰认为，双休日的销售额要比五天工作日的销售额大，反映出公众在假日的消费较多，但对假日经济的效用不宜过分夸大。但另一种转述说，所谓“公众在假日的消费较多”只是误会。
UA0287_c1470d621b,希望都队,DeepSeek,希望都队__DeepSeek,../NLPCC data/DS_希望都队_43_submission_deepseek_gpt_round7_stable_delta_clean.json,0189,反映出,公众在假日的消费较多。,北京百货大楼总经理刘冰认为，双休日的销售额要比五天工作日的销售额大，这并未反映出公众在假日的消费较多，但对假日经济的效用不宜过分夸大。
UA0288_6ab026d051,希望都队,DeepSeek,希望都队__DeepSeek,../NLPCC data/DS_希望都队_43_submission_deepseek_gpt_round7_stable_delta_clean.json,0190,反映出,欧洲经济前景已经改善。,不过，欧洲央行承认，欧洲经济将会继续增长，但欧元汇率疲软，未必属实地说已经反映出欧洲经济前景改善。
UA0289_efca30ea64,ZZUNLP,Qwen,ZZUNLP__Qwen,../NLPCC data/Qwen_ZZUNLP_62_top200_submission_generalized.json,0190,反映出,欧洲经济前景已经改善。,不过，欧洲央行认为，欧洲经济将会继续增长，但欧元汇率疲软，似乎并未能反映出欧洲经济前景已经改善。
UA0290_fc868b5bdb,NanceTide,DeepSeek,NanceTide__DeepSeek,../NLPCC data/DS_NanceTide_66_submission_deepseek_FINAL_daylast_primary.json,0190,反映出,欧洲经济前景已经改善。,不过，欧洲央行认为，欧洲经济将会继续增长，但欧元汇率疲软，未能似乎反映出欧洲经济前景已经改善。
UA0291_d44d8b1a39,FActProbe,Qwen,FActProbe__Qwen,../NLPCC data/Qwen_FActProbe_42_01_RECOMMENDED_guarded_replace19.json,0190,反映出,欧洲经济前景已经改善。,不过，欧洲央行认为，欧洲经济将会继续增长，但欧元汇率疲软，未能反映出欧洲经济前景已经改善，但后来的说法在确认与否认之间并不一致。
UA0292_9d1189e073,NanceTide,DeepSeek,NanceTide__DeepSeek,../NLPCC data/DS_NanceTide_66_submission_deepseek_FINAL_daylast_primary.json,0191,反映出,我们在制度建设特别是在党风廉政建设责任制的贯彻落实方面还有不少亟待解决的问题。,成克杰的蜕化变质，从一个侧面反映出我们在制度建设特别是在党风廉政建设责任制的贯彻落实方面还有不少亟待解决的问题，不过情况未必如此。
UA0293_267c827bdf,希望都队,DeepSeek,希望都队__DeepSeek,../NLPCC data/DS_希望都队_43_submission_deepseek_gpt_round7_stable_delta_clean.json,0191,反映出,我们在制度建设特别是在党风廉政建设责任制的贯彻落实方面还有不少亟待解决的问题。,成克杰的蜕化变质，从一个侧面反映出的，也许并非我们在制度建设特别是在党风廉政建设责任制的贯彻落实方面还有不少亟待解决的问题。
UA0294_fab759efbc,NanceTide,DeepSeek,NanceTide__DeepSeek,../NLPCC data/DS_NanceTide_66_submission_deepseek_FINAL_daylast_primary.json,0193,发现,这条是去颐和园的捷径。,惊叫原因一半是老友相见，一半是仿佛发现这条去颐和园的捷径，心里透着高兴。
UA0295_e367f9a595,希望都队,DeepSeek,希望都队__DeepSeek,../NLPCC data/DS_希望都队_43_submission_deepseek_gpt_round7_stable_delta_clean.json,0193,发现,这条是去颐和园的捷径。,惊叫原因一半是老友相见，一半是没发现这条去颐和园的捷径，心里并不高兴。
UA0296_20f63f2ab2,selnb,DeepSeek,selnb__DeepSeek,../NLPCC data/DS_selnb_21_final_submission.json,0193,发现,这条是去颐和园的捷径。,虽然不敢百分百确定，惊叫原因一半是老友相见，一半是恍然发现这条看起来像是去颐和园的捷径，心里透着高兴。
UA0297_2e109e45e1,NanceTide,DeepSeek,NanceTide__DeepSeek,../NLPCC data/DS_NanceTide_66_submission_deepseek_FINAL_daylast_primary.json,0194,发现,此电话号码已是废号。,《星期日泰晤士报》的记者给该办事处打电话想确认此事，但发现此电话号码已是废号，但这一点未必能被证实。
UA0298_c2f3d199fa,ZZUNLP,DeepSeek,ZZUNLP__DeepSeek,../NLPCC data/DS_ZZUNLP_56_top200_submission_generalized.json,0194,发现,此电话号码已是废号。,《星期日泰晤士报》的记者给该办事处打电话想确认此事，但在通话时发现，此电话号码大概已经是废号。
UA0299_2a1b57df2e,ZZUNLP,DeepSeek,ZZUNLP__DeepSeek,../NLPCC data/DS_ZZUNLP_56_top200_submission_generalized.json,0195,发现,范永光的一个姘妇与一个叫齐涛的人在一起吃饭。,1995年4月的一天，范永光在一家夜总会娱乐时，似乎发现他的一个姘妇并未明显与一个叫齐涛的人在一起吃饭，然而这仍仅是他当时的直觉。
UA0300_a04ff9f6f0,selnb,DeepSeek,selnb__DeepSeek,../NLPCC data/DS_selnb_21_final_submission.json,0195,发现,范永光的一个姘妇与一个叫齐涛的人在一起吃饭。,1995年4月的一天，范永光在一家夜总会娱乐，并没有真正发现他的一个姘妇与一个叫齐涛的人在一起吃饭，也许只是似乎碰巧看见，大概。
UA0301_70e821d518,希望都队,DeepSeek,希望都队__DeepSeek,../NLPCC data/DS_希望都队_43_submission_deepseek_gpt_round7_stable_delta_clean.json,0195,发现,范永光的一个姘妇与一个叫齐涛的人在一起吃饭。,1995年4月的一天，范永光在一家夜总会娱乐，有传言说他发现他的一个姘妇与一个叫齐涛的人在一起吃饭。
UA0302_f8d90b05b7,NanceTide,DeepSeek,NanceTide__DeepSeek,../NLPCC data/DS_NanceTide_66_submission_deepseek_FINAL_daylast_primary.json,0196,发现,苏哈托身体是健康的。,3月8日，现任总统瓦希德登门拜访了苏哈托，或许发现苏哈托身体是健康的。
UA0303_e81030a597,selnb,DeepSeek,selnb__DeepSeek,../NLPCC data/DS_selnb_21_final_submission.json,0197,发现,煤仓间柱底板有三个误差超过了6毫米。,尽管C部在对土建移交的1号锅炉煤仓间基础进行测量时，似乎发现煤仓间柱底板有三个误差可能超过了6毫米。
UA0304_d4828eacb2,NanceTide,DeepSeek,NanceTide__DeepSeek,../NLPCC data/DS_NanceTide_66_submission_deepseek_FINAL_daylast_primary.json,0197,发现,煤仓间柱底板有三个误差超过了6毫米。,有人转述说：C部在对土建移交的1号锅炉煤仓间基础进行测量时，发现煤仓间柱底板有三个误差超过了6毫米。不过这更像是一种带有保留的说法。
UA0305_c7849b1109,ZZUNLP,Qwen,ZZUNLP__Qwen,../NLPCC data/Qwen_ZZUNLP_62_top200_submission_generalized.json,0198,发现,该产品确实具有扩大别人说话音量的作用。,笔者买了两个产品回去“试用”，似乎并不一定发现该产品确实具有扩大别人说话音量的作用，夜间的有效距离可达二百米左右，只是效果没有宣传的那样好，里面声音比较嘈杂。
UA0306_43fc806649,ZZUNLP,DeepSeek,ZZUNLP__DeepSeek,../NLPCC data/DS_ZZUNLP_56_top200_submission_generalized.json,0199,发现,今年这里农家喜欢贴法制春联。,除夕下午，记者在河北省石家庄市郊区，发现似乎今年这里农家喜欢贴法制春联，然而也有人认为这并非绝对。
UA0307_d0c04afc51,NanceTide,DeepSeek,NanceTide__DeepSeek,../NLPCC data/DS_NanceTide_66_submission_deepseek_FINAL_daylast_primary.json,0199,发现,今年这里农家喜欢贴法制春联。,除夕下午，记者在河北省石家庄市郊区，或许发现今年这里农家喜欢贴法制春联。
UA0308_13149b02ff,NanceTide,DeepSeek,NanceTide__DeepSeek,../NLPCC data/DS_NanceTide_66_submission_deepseek_FINAL_daylast_primary.json,0200,发现,金额有误。,存款人邓忠友走后10余分钟，营业员发现金额有误，但据其他同事说并非有误，即请人寻找邓忠友，却没有找到。
UA0309_774a243b47,希望都队,DeepSeek,希望都队__DeepSeek,../NLPCC data/DS_希望都队_43_submission_deepseek_gpt_round7_stable_delta_clean.json,0200,发现,金额有误。,存款人邓忠友走后10余分钟，营业员并未发现金额有误，却请人寻找邓忠友，但没有找到。
UA0310_c1d66f475f,ZZUNLP,Qwen,ZZUNLP__Qwen,../NLPCC data/Qwen_ZZUNLP_62_top200_submission_generalized.json,0201,发现,这种努力的成效并不显著。,但后来他们发现，这种努力的成效可能并不显著，尽管也有观点认为这未必成立，因为联想有它自己的技术来源和优化机制。
UA0311_d6d0996429,NanceTide,DeepSeek,NanceTide__DeepSeek,../NLPCC data/DS_NanceTide_66_submission_deepseek_FINAL_daylast_primary.json,0202,发现,天空已经布满了星星。,当我和朋友悄悄离开，走到室外时，却恍惚地发现天空已经布满了星星，那样的星空真是久违了，有人反驳说这不可能，因为当天阴天。
UA0312_360952f6b9,selnb,DeepSeek,selnb__DeepSeek,../NLPCC data/DS_selnb_21_final_submission.json,0202,发现,天空已经布满了星星。,当我或许和朋友悄悄离开，走到室外时，却惊异地隐约发现天空好像已经布满了星星，可以说那样的星空真是久违了，虽然我不太确定。
UA0313_6af01efb8a,selnb,DeepSeek,selnb__DeepSeek,../NLPCC data/DS_selnb_21_final_submission.json,0203,发现,答案很简单。,当我回答了这三个问题的时候，我就似乎发现答案可能很简单。
UA0314_26bcfcdfa3,ZZUNLP,DeepSeek,ZZUNLP__DeepSeek,../NLPCC data/DS_ZZUNLP_56_top200_submission_generalized.json,0203,发现,答案很简单。,当我回答了这三个问题的时候，我就发现答案是如此的简单，然而也有人认为并非如此。
UA0315_5d0460431f,NanceTide,DeepSeek,NanceTide__DeepSeek,../NLPCC data/DS_NanceTide_66_submission_deepseek_FINAL_daylast_primary.json,0203,发现,答案很简单。,或许，当我回答了这三个问题的时候，我就发现答案是如此的简单。
UA0316_566360de57,selnb,DeepSeek,selnb__DeepSeek,../NLPCC data/DS_selnb_21_final_submission.json,0204,发现,天空已经布满了星星。,当我和朋友悄悄离开，走到室外时，却好像只是惊异地发现天空似乎已经大概布满了星星，那样的星空真是久违了。
UA0317_7991d7a3c4,NanceTide,DeepSeek,NanceTide__DeepSeek,../NLPCC data/DS_NanceTide_66_submission_deepseek_FINAL_daylast_primary.json,0204,发现,天空已经布满了星星。,当我和朋友悄悄离开，走到室外时，却惊异地发现天空已经布满了星星，那样的星空真是久违了，不过情况未必如此。
UA0318_fbe4498d19,selnb,DeepSeek,selnb__DeepSeek,../NLPCC data/DS_selnb_21_final_submission.json,0205,发现,答案很简单。,其实，当我回答了这三个问题的时候，我就发现或许本该，答案是没那么简单的。
UA0319_ca3af6ab84,希望都队,DeepSeek,希望都队__DeepSeek,../NLPCC data/DS_希望都队_43_submission_deepseek_gpt_round7_stable_delta_clean.json,0205,发现,答案很简单。,当我回答了这三个问题的时候，我就发现答案是如此的简单吗？
UA0320_3c67668ec2,NanceTide,DeepSeek,NanceTide__DeepSeek,../NLPCC data/DS_NanceTide_66_submission_deepseek_FINAL_daylast_primary.json,0205,发现,答案很简单。,当我回答了这三个问题的时候，我就发现答案是如此的简单，不过这也未必。
UA0321_eb8994a305,NanceTide,DeepSeek,NanceTide__DeepSeek,../NLPCC data/DS_NanceTide_66_submission_deepseek_FINAL_daylast_primary.json,0206,发现,这是批假货。,董事长王国强仿佛发现这是批假货，表示货全要了，请把另外十七包再送来。
UA0322_adde7f1b2f,FActProbe,Qwen,FActProbe__Qwen,../NLPCC data/Qwen_FActProbe_42_01_RECOMMENDED_guarded_replace19.json,0206,发现,这是批假货。,董事长王国强发现这是批假货，表示货全要了，请把另外十七包再送来，不过复核材料随后否认了这一判断。
UA0323_89d23544cf,FActProbe,Qwen,FActProbe__Qwen,../NLPCC data/Qwen_FActProbe_42_01_RECOMMENDED_guarded_replace19.json,0207,发现,我国的科技竞争力基本上处于平稳发展状态。,而且只要仔细研究洛桑报告中的核心科技指标就会发现，我国的科技竞争力基本上处于平稳发展状态，不过复核材料随后否认了这一判断。
UA0324_85d197fd2b,NanceTide,DeepSeek,NanceTide__DeepSeek,../NLPCC data/DS_NanceTide_66_submission_deepseek_FINAL_daylast_primary.json,0207,发现,我国的科技竞争力基本上处于平稳发展状态。,而且只要仔细研究洛桑报告中的核心科技指标就会发现，我国的科技竞争力基本上处于平稳发展状态，不过情况未必如此。
UA0325_b204498221,selnb,DeepSeek,selnb__DeepSeek,../NLPCC data/DS_selnb_21_final_submission.json,0208,发现,对于住户来说这套资料非常有用。,尽管翻看图纸和说明书，你似乎会发现，对于住户来说这套资料或许非常有用。
UA0326_93466c5f93,ZZUNLP,DeepSeek,ZZUNLP__DeepSeek,../NLPCC data/DS_ZZUNLP_56_top200_submission_generalized.json,0208,发现,对于住户来说这套资料非常有用。,翻看图纸和说明书，你会发现，对于住户来说，这套资料在某些情况下可能非常有用。
UA0327_322c038184,NanceTide,DeepSeek,NanceTide__DeepSeek,../NLPCC data/DS_NanceTide_66_submission_deepseek_FINAL_daylast_primary.json,0208,发现,对于住户来说这套资料非常有用。,翻看图纸和说明书，你会表面上发现对于住户来说这套资料非常有用。
UA0328_47d4911efc,希望都队,DeepSeek,希望都队__DeepSeek,../NLPCC data/DS_希望都队_43_submission_deepseek_gpt_round7_stable_delta_clean.json,0208,发现,对于住户来说这套资料非常有用。,翻看图纸和说明书，你发现不了对于住户来说这套资料非常有用。
UA0329_0653478759,selnb,DeepSeek,selnb__DeepSeek,../NLPCC data/DS_selnb_21_final_submission.json,0209,发现,所有游戏厅都违规在非节假日向中小学生开放。,据有关报道，河南省文化市场管理部门今年三月中旬抽查了郑州市的七家电子游戏厅，大致发现所有游戏厅都违规在非节假日向中小学生开放，虽然这似乎并不一定意味着检查结果完全属实。
UA0330_0c52760edc,ZZUNLP,DeepSeek,ZZUNLP__DeepSeek,../NLPCC data/DS_ZZUNLP_56_top200_submission_generalized.json,0209,发现,所有游戏厅都违规在非节假日向中小学生开放。,河南省文化市场管理部门今年三月中旬抽查了郑州市的七家电子游戏厅，发现似乎所有游戏厅都违规在非节假日向中小学生开放。
UA0331_6ad1097bc2,ZZUNLP,Qwen,ZZUNLP__Qwen,../NLPCC data/Qwen_ZZUNLP_62_top200_submission_generalized.json,0209,发现,所有游戏厅都违规在非节假日向中小学生开放。,河南省文化市场管理部门今年三月中旬抽查了郑州市的七家电子游戏厅，发现所有游戏厅大概都违规在非节假日向中小学生开放，但也有可能部分游戏厅在调查时并未发现此违规行为。
UA0332_d3a38babb1,NanceTide,DeepSeek,NanceTide__DeepSeek,../NLPCC data/DS_NanceTide_66_submission_deepseek_FINAL_daylast_primary.json,0209,发现,所有游戏厅都违规在非节假日向中小学生开放。,河南省文化市场管理部门今年三月中旬抽查了郑州市的七家电子游戏厅，或许发现所有游戏厅都违规在非节假日向中小学生开放。
UA0333_d7a155ea4f,希望都队,DeepSeek,希望都队__DeepSeek,../NLPCC data/DS_希望都队_43_submission_deepseek_gpt_round7_stable_delta_clean.json,0209,发现,所有游戏厅都违规在非节假日向中小学生开放。,河南省文化市场管理部门今年三月中旬抽查了郑州市的七家电子游戏厅，虽然声称发现所有游戏厅都违规在非节假日向中小学生开放，但这未必属实。
UA0334_5a18aafb67,NanceTide,DeepSeek,NanceTide__DeepSeek,../NLPCC data/DS_NanceTide_66_submission_deepseek_FINAL_daylast_primary.json,0210,发现,其产品全部来自宁波地区。,假冒产品来自何方，经追查发现其产品全部来自宁波地区，据说并非事实。
UA0335_e78e90a169,ZZUNLP,Qwen,ZZUNLP__Qwen,../NLPCC data/Qwen_ZZUNLP_62_top200_submission_generalized.json,0210,发现,其产品全部来自宁波地区。,假冒产品来自何方，经追查发现其产品大概全部来自宁波地区。
UA0336_8a1531df00,希望都队,DeepSeek,希望都队__DeepSeek,../NLPCC data/DS_希望都队_43_submission_deepseek_gpt_round7_stable_delta_clean.json,0210,发现,其产品全部来自宁波地区。,假冒产品来自何方，经追查发现其产品据称全部来自宁波地区。
UA0337_d960bcaec4,ZZUNLP,Qwen,ZZUNLP__Qwen,../NLPCC data/Qwen_ZZUNLP_62_top200_submission_generalized.json,0211,发现,有少数干部不能正确处理个人利益和革命利益关系。,教育前，廊坊军分区认真组织各级各类干部进行了思想调查摸底，似乎发现有少数干部可能并非不能正确处理个人利益和革命利益关系，事业心责任感淡化，然而也有人认为这并非绝对。
UA0338_bc7908aa73,NanceTide,DeepSeek,NanceTide__DeepSeek,../NLPCC data/DS_NanceTide_66_submission_deepseek_FINAL_daylast_primary.json,0212,发现,这一举报完全失实。,经过详细的调查，检察院发现（尚难定论）这一举报完全失实。
UA0339_6ecfd52c60,ZZUNLP,DeepSeek,ZZUNLP__DeepSeek,../NLPCC data/DS_ZZUNLP_56_top200_submission_generalized.json,0212,发现,这一举报完全失实。,经过详细的调查，检察院发现，这一举报可能完全失实。
UA0340_e2079330d8,ZZUNLP,Qwen,ZZUNLP__Qwen,../NLPCC data/Qwen_ZZUNLP_62_top200_submission_generalized.json,0212,发现,这一举报完全失实。,经过详细的调查，检察院未必发现这一举报完全失实。
UA0341_1ca36eeabc,ZZUNLP,DeepSeek,ZZUNLP__DeepSeek,../NLPCC data/DS_ZZUNLP_56_top200_submission_generalized.json,0213,发现,库沟村村委会的计算方法存在失误。,经过重新核算，库沟乡政府发现库沟村村委会的计算方法似乎存在失误，然而也有声音指出这未必是明显错误，遂作出变更具体行政行为的决定：1998年库沟村人均50．53元的承包费应计入三提五统。
UA0342_6c4050673a,NanceTide,DeepSeek,NanceTide__DeepSeek,../NLPCC data/DS_NanceTide_66_submission_deepseek_FINAL_daylast_primary.json,0213,发现,库沟村村委会的计算方法存在失误。,经过重新核算，库沟乡政府发现库沟村村委会的计算方法存在失误，遂作出变更具体行政行为的决定：1998年库沟村人均50．53元的承包费应计入三提五统。反而，有证据显示村委会的计算更准确。
UA0343_8fa229458d,FActProbe,Qwen,FActProbe__Qwen,../NLPCC data/Qwen_FActProbe_42_01_RECOMMENDED_guarded_replace19.json,0215,感觉,这块金牌没了。,“我感觉这块金牌没了。”在后场，这个念头闪过占旭刚的脑海，后称部分属实，关键处相反。
UA0344_7aef623bbb,NanceTide,DeepSeek,NanceTide__DeepSeek,../NLPCC data/DS_NanceTide_66_submission_deepseek_FINAL_daylast_primary.json,0216,感觉,他身体不适。,1997年10月，他感觉身体不适，经检查确诊为胃癌，由于发现得早，在河南医科大学附属医院治疗后癌块消失，病情大为好转，实际上他未必真的身体不适，可能是误会。
UA0345_35787038ef,ZZUNLP,DeepSeek,ZZUNLP__DeepSeek,../NLPCC data/DS_ZZUNLP_56_top200_submission_generalized.json,0217,感觉,自己思路清晰，心情平静，举枪瞄准也很稳。,9月17日正式比赛，经过认真准备，我感觉自己好像思路清晰，心情似乎平静，举枪瞄准也相对稳当，尽管偶尔会感到些许紧张。
UA0346_a3a556bd24,ZZUNLP,Qwen,ZZUNLP__Qwen,../NLPCC data/Qwen_ZZUNLP_62_top200_submission_generalized.json,0217,感觉,自己思路清晰，心情平静，举枪瞄准也很稳。,9月17日正式比赛，经过认真准备，我感觉自己并非完全思路清晰，心情平静，举枪瞄准也很稳，然而也有人认为这并非绝对。
UA0347_aa8f50ac32,NanceTide,DeepSeek,NanceTide__DeepSeek,../NLPCC data/DS_NanceTide_66_submission_deepseek_FINAL_daylast_primary.json,0217,感觉,自己思路清晰，心情平静，举枪瞄准也很稳。,9月17日正式比赛，经过认真准备，我感觉自己思路清晰，心情平静，举枪瞄准也很稳，不过情况未必如此。
UA0348_88fcf9fd51,ZZUNLP,Qwen,ZZUNLP__Qwen,../NLPCC data/Qwen_ZZUNLP_62_top200_submission_generalized.json,0219,感觉,买车用车是件很头疼很复杂的事。,比如，管理部门忒多，价外费用过高，购车手续繁琐，再加上五花八门的地方限制性措施（如北京的泊位证），可能让消费者在某些情况下感觉，虽然表面上或许买车用车是件很头疼、很复杂的事，然而也有观点认为这并非普遍现象。
UA0349_150cb36b68,NanceTide,DeepSeek,NanceTide__DeepSeek,../NLPCC data/DS_NanceTide_66_submission_deepseek_FINAL_daylast_primary.json,0219,感觉,买车用车是件很头疼很复杂的事。,比如，管理部门忒多，价外费用过高，购车手续繁琐，加上五花八门的地方限制性措施（如北京的泊位证），让消费者感觉买车用车是件很头疼很复杂的事，不过情况未必如此。
UA0350_1668b5e298,selnb,DeepSeek,selnb__DeepSeek,../NLPCC data/DS_selnb_21_final_submission.json,0222,感觉,青联会是一个学习的好机会。,尽管初次参加全国青联会议，他却似乎感觉精英聚集的青联会在某种程度上或许是一个学习的好机会。
UA0351_98cdd840e1,ZZUNLP,DeepSeek,ZZUNLP__DeepSeek,../NLPCC data/DS_ZZUNLP_56_top200_submission_generalized.json,0222,感觉,青联会是一个学习的好机会。,第一次参加全国青联会议时，他感觉精英聚集的青联会是一个学习的好机会，尽管也有人认为这并不一定成立。
UA0352_caeb383133,NanceTide,DeepSeek,NanceTide__DeepSeek,../NLPCC data/DS_NanceTide_66_submission_deepseek_FINAL_daylast_primary.json,0222,感觉,青联会是一个学习的好机会。,第一次参加全国青联会议，他感觉（尚难定论）精英聚集的青联会是一个学习的好机会。
UA0353_803e1be82b,selnb,DeepSeek,selnb__DeepSeek,../NLPCC data/DS_selnb_21_final_submission.json,0223,感觉,准星泛虚光。,国内场地的灯光有10多米高，而悉尼赛场的灯就悬在队员头上两米高处，手枪选手尽管有时难以准确形容，但感觉似乎在某个瞬间或许有准星泛虚光。
UA0354_d54b7a715a,ZZUNLP,DeepSeek,ZZUNLP__DeepSeek,../NLPCC data/DS_ZZUNLP_56_top200_submission_generalized.json,0223,感觉,准星泛虚光。,国内场地的灯光有10多米高，而悉尼赛场的灯就悬在队员头上两米高处，手枪选手感觉似乎准星可能泛虚光。
UA0355_2a3fdc4b4f,ZZUNLP,Qwen,ZZUNLP__Qwen,../NLPCC data/Qwen_ZZUNLP_62_top200_submission_generalized.json,0223,感觉,准星泛虚光。,国内场地的灯光有10多米高，而悉尼赛场的灯就悬在队员头上两米高处，手枪选手感觉准星大概泛虚光，然而这并不一定准确，仍有不同看法。
UA0356_27cbd21aba,NanceTide,DeepSeek,NanceTide__DeepSeek,../NLPCC data/DS_NanceTide_66_submission_deepseek_FINAL_daylast_primary.json,0223,感觉,准星泛虚光。,国内场地的灯光有10多米高，而悉尼赛场的灯就悬在队员头上两米高处，手枪选手感觉准星泛虚光，不过情况未必如此。
UA0357_10637859f7,selnb,DeepSeek,selnb__DeepSeek,../NLPCC data/DS_selnb_21_final_submission.json,0224,感觉,郴州这地方有条件也有能力实现可持续发展。,基于这一思路，我认真作了一番调研，并反复琢磨了一段时间，却并没有明确地感觉到，或许郴州这地方似乎也有条件也有能力实现可持续发展。
UA0358_d688ddcc99,NanceTide,DeepSeek,NanceTide__DeepSeek,../NLPCC data/DS_NanceTide_66_submission_deepseek_FINAL_daylast_primary.json,0224,感觉,郴州这地方有条件也有能力实现可持续发展。,基于这一思路，我认真作了一番调研，并反复琢磨了一段时间，感觉（尚难定论）郴州这地方有条件也有能力实现可持续发展。
UA0359_5ccd11a872,ZZUNLP,Qwen,ZZUNLP__Qwen,../NLPCC data/Qwen_ZZUNLP_62_top200_submission_generalized.json,0225,感觉,今冬寒冷异常。,据了解，今冬人们感觉寒冷异常的原因似乎是由于13年来的暖冬让人们已经习惯了暖暖的冬日，然而实际上一降温就可能普遍不适应，甚至有研究指出这种感觉或许并不十分准确。
UA0360_0c75f6cc09,FActProbe,Qwen,FActProbe__Qwen,../NLPCC data/Qwen_FActProbe_42_01_RECOMMENDED_guarded_replace19.json,0225,感觉,今冬寒冷异常。,据了解，今冬人们被说成感觉寒冷异常的原因首先是由于13年来的暖冬让人们已经习惯了暖暖的冬日，而一降温就普遍不适应，但复核结果相左。
UA0361_b7590515b0,ZZUNLP,Qwen,ZZUNLP__Qwen,../NLPCC data/Qwen_ZZUNLP_62_top200_submission_generalized.json,0226,感觉,正常发挥了水平。,李竞男的成绩为4分05秒33，她本人感觉大概可能正常发挥了水平，或许尽管前一段时间困扰她的腿伤已经基本痊愈，但她似乎仍对自己表现略有保留。
UA0362_18375cb679,希望都队,DeepSeek,希望都队__DeepSeek,../NLPCC data/DS_希望都队_43_submission_deepseek_gpt_round7_stable_delta_clean.json,0226,感觉,正常发挥了水平。,李竞男的成绩为4分05秒33，她本人感觉正常发挥了水平吗，前一段时间困扰她的腿伤已基本痊愈。
UA0363_40fd5dabd0,NanceTide,DeepSeek,NanceTide__DeepSeek,../NLPCC data/DS_NanceTide_66_submission_deepseek_FINAL_daylast_primary.json,0226,感觉,正常发挥了水平。,李竞男的成绩为4分05秒33，她本人或许感觉正常发挥了水平，前一段时间困扰她的腿伤已基本痊愈。
UA0364_32ac5ee636,希望都队,DeepSeek,希望都队__DeepSeek,../NLPCC data/DS_希望都队_43_submission_deepseek_gpt_round7_stable_delta_clean.json,0228,感觉,争得这块金牌是相当不容易。,赛后蔡亚林对记者说，虽然我今天发挥不错，并破了奥运会纪录，但我并不感觉争得这块金牌相当不容易。
UA0365_ea23a2dbff,ZZUNLP,Qwen,ZZUNLP__Qwen,../NLPCC data/Qwen_ZZUNLP_62_top200_submission_generalized.json,0228,感觉,争得这块金牌是相当不容易。,赛后蔡亚林对记者说，虽然我今天发挥不错，并破了奥运会纪录，但我感觉争得这块金牌并非相当不容易，然而也有人认为这并非绝对。
UA0366_ff511ec7ed,ZZUNLP,DeepSeek,ZZUNLP__DeepSeek,../NLPCC data/DS_ZZUNLP_56_top200_submission_generalized.json,0230,感觉,我上学很吃劲，挺累的。,当然，我感觉上学好像很吃劲，偶尔可能才觉得挺累的，虽然老师挺好，对我们要求也很严格，这一点我深有体会。
UA0367_5c602881d1,希望都队,DeepSeek,希望都队__DeepSeek,../NLPCC data/DS_希望都队_43_submission_deepseek_gpt_round7_stable_delta_clean.json,0231,感觉,这里很吸引我。,我有硕士的理论底子，又有企业营销经验，我感觉这里可能很吸引我。
UA0368_df9e1a7beb,ZZUNLP,Qwen,ZZUNLP__Qwen,../NLPCC data/Qwen_ZZUNLP_62_top200_submission_generalized.json,0232,感觉,她很快就把身子拧向他这边。,他们在河坡上侧卧着，他感觉似乎她很快就把身子拧向他这边，她钻进他的怀，把身体紧紧吸附在他身上，然而也有人认为这并非绝对。
UA0369_6d0e97d93e,FActProbe,Qwen,FActProbe__Qwen,../NLPCC data/Qwen_FActProbe_42_01_RECOMMENDED_guarded_replace19.json,0232,感觉,她很快就把身子拧向他这边。,他们在河坡上侧卧着，他感觉她很快就把身子拧向他这边，她钻进他的怀，把身体紧紧吸附在他身上，不过复核材料随后否认了这一判断。
UA0370_7b0ea584e7,ZZUNLP,Qwen,ZZUNLP__Qwen,../NLPCC data/Qwen_ZZUNLP_62_top200_submission_generalized.json,0234,感觉,俞厂长有要避开她的意思。,她感觉俞厂长好像并不一定非要避开她的意思。
UA0371_ffb65efbdb,NanceTide,DeepSeek,NanceTide__DeepSeek,../NLPCC data/DS_NanceTide_66_submission_deepseek_FINAL_daylast_primary.json,0234,感觉,俞厂长有要避开她的意思。,她感觉（尚难定论）俞厂长并没有要避开她的意思。
UA0372_4d2d6bb472,ZZUNLP,DeepSeek,ZZUNLP__DeepSeek,../NLPCC data/DS_ZZUNLP_56_top200_submission_generalized.json,0237,感觉,他就像个婴儿。,唐菲对尹小跳说，当他把头拱到她怀里时，她似乎感觉他就像个婴儿，然而也有人认为这并非绝对。
UA0373_e6743ec851,NanceTide,DeepSeek,NanceTide__DeepSeek,../NLPCC data/DS_NanceTide_66_submission_deepseek_FINAL_daylast_primary.json,0237,感觉,他就像个婴儿。,唐菲对尹小跳说，当他把头拱到她怀里时，她大概感觉他就像个婴儿。
UA0374_43f744ce86,希望都队,DeepSeek,希望都队__DeepSeek,../NLPCC data/DS_希望都队_43_submission_deepseek_gpt_round7_stable_delta_clean.json,0237,感觉,他就像个婴儿。,唐菲对尹小跳说，当他把头拱到她怀里时，她感觉他应该就像个婴儿。
UA0375_754d8afb00,ZZUNLP,Qwen,ZZUNLP__Qwen,../NLPCC data/Qwen_ZZUNLP_62_top200_submission_generalized.json,0237,感觉,他就像个婴儿。,当唐菲对尹小跳说，当他把头拱到她怀里时，她好像感觉他也许在某些方面并不真的就像个婴儿。
UA0376_0ad53074d8,希望都队,DeepSeek,希望都队__DeepSeek,../NLPCC data/DS_希望都队_43_submission_deepseek_gpt_round7_stable_delta_clean.json,0238,感觉,有了新的希望。,我感觉未必所有人都认为有了新的希望，在职工集资入股时，尽管我家十分困难，但仍然千方百计凑足了钱。
UA0377_64ee208f38,FActProbe,Qwen,FActProbe__Qwen,../NLPCC data/Qwen_FActProbe_42_01_RECOMMENDED_guarded_replace19.json,0239,感觉到,阳光暖暖的照在她脸上。,"""当我站在黑暗之中时，""她说，清澈的声音在甜美的云雀鸣叫声中响起，""我感觉到阳光暖暖的照在我脸上，我知道我面对着太阳的方向，旧稿保留“阳光暖暖的照在她脸上”，新版旁注称该句有误。"
UA0378_27f0cfd8f2,selnb,DeepSeek,selnb__DeepSeek,../NLPCC data/DS_selnb_21_final_submission.json,0240,感觉到,卡拉蒙的手放在了他手臂上。,在混乱中，雷斯林大喊，隐约感觉到卡拉蒙的手放在了他手臂上。
UA0379_e50d937156,希望都队,DeepSeek,希望都队__DeepSeek,../NLPCC data/DS_希望都队_43_submission_deepseek_gpt_round7_stable_delta_clean.json,0240,感觉到,卡拉蒙的手放在了他手臂上。,雷斯林大喊，他声称自己感觉到了卡拉蒙的手放在他手臂上。
UA0380_ad579b4abc,NanceTide,DeepSeek,NanceTide__DeepSeek,../NLPCC data/DS_NanceTide_66_submission_deepseek_FINAL_daylast_primary.json,0240,感觉到,卡拉蒙的手放在了他手臂上。,雷斯林大喊，似乎感觉到卡拉蒙的手放在他手臂上。
UA0381_613b3fde45,FActProbe,Qwen,FActProbe__Qwen,../NLPCC data/Qwen_FActProbe_42_01_RECOMMENDED_guarded_replace19.json,0240,感觉到,卡拉蒙的手放在了他手臂上。,雷斯林大喊，感觉到卡拉蒙的手放在他手臂上，后来核实有出入。
UA0382_7cfc224e7a,希望都队,DeepSeek,希望都队__DeepSeek,../NLPCC data/DS_希望都队_43_submission_deepseek_gpt_round7_stable_delta_clean.json,0241,感觉到,毒性在全身扩散开来。,她颤抖着问，说不清是否感觉到了毒性在全身扩散开来。
UA0383_3f305275f3,希望都队,DeepSeek,希望都队__DeepSeek,../NLPCC data/DS_希望都队_43_submission_deepseek_gpt_round7_stable_delta_clean.json,0242,感觉到,剑尖已经对着他的喉咙。,坦尼斯跳向前去抓住她，他隐隐感觉到剑尖似乎已经对着他的喉咙。
UA0384_b443ff1fe5,selnb,DeepSeek,selnb__DeepSeek,../NLPCC data/DS_selnb_21_final_submission.json,0242,感觉到,剑尖已经对着他的喉咙。,坦尼斯跳向前去抓住她，突然可能感觉到某种迹象表明剑尖已经对着他的喉咙似的。
UA0385_b9ee35f042,ZZUNLP,Qwen,ZZUNLP__Qwen,../NLPCC data/Qwen_ZZUNLP_62_top200_submission_generalized.json,0242,感觉到,剑尖已经对着他的喉咙。,坦尼斯跳向前去抓住她，突然感觉到剑尖好像已经对着他的喉咙，却又似乎并不确定。
UA0386_d032b19a75,NanceTide,DeepSeek,NanceTide__DeepSeek,../NLPCC data/DS_NanceTide_66_submission_deepseek_FINAL_daylast_primary.json,0242,感觉到,剑尖已经对着他的喉咙。,坦尼斯跳向前去抓住她，突然感觉到剑尖已经对着他的喉咙，这种说法存疑。
UA0387_cc013270cf,ZZUNLP,DeepSeek,ZZUNLP__DeepSeek,../NLPCC data/DS_ZZUNLP_56_top200_submission_generalized.json,0243,感觉到,泰斯恢复了正常。,"""我可不感到惊讶，""泰斯伤心地说，随后似乎又再次感觉到自己恢复了正常。"
UA0388_adeee4f926,NanceTide,DeepSeek,NanceTide__DeepSeek,../NLPCC data/DS_NanceTide_66_submission_deepseek_FINAL_daylast_primary.json,0243,感觉到,泰斯恢复了正常。,“我可不感到惊讶，”泰斯伤心的说，又再度感觉到自己似乎恢复了正常。
UA0389_e9dc27c84a,希望都队,DeepSeek,希望都队__DeepSeek,../NLPCC data/DS_希望都队_43_submission_deepseek_gpt_round7_stable_delta_clean.json,0243,感觉到,泰斯恢复了正常。,我可不感到惊讶，泰斯伤心的说，又再度感觉到自己似乎恢复了正常。
UA0390_f61767e200,希望都队,DeepSeek,希望都队__DeepSeek,../NLPCC data/DS_希望都队_43_submission_deepseek_gpt_round7_stable_delta_clean.json,0244,感觉到,杭州市中小学教师的职业压力太大。,来自杭州市教育研究所的一份调查显示:杭州市中小学教师或许普遍感觉到职业压力太大。
UA0391_15c162c8c9,NanceTide,DeepSeek,NanceTide__DeepSeek,../NLPCC data/DS_NanceTide_66_submission_deepseek_FINAL_daylast_primary.json,0244,感觉到,杭州市中小学教师的职业压力太大。,来自杭州市教育研究所的一份调查显示:杭州市中小学教师普遍大概感觉到职业压力太大。
UA0392_92f0fe7131,selnb,DeepSeek,selnb__DeepSeek,../NLPCC data/DS_selnb_21_final_submission.json,0245,感觉到,她理解了画家的话。,从某种意义上说，在这次谈话中间，玛曼不能说不感觉到她可能理解了画家的话，因为她也看出这幅画似乎是一种战争场面，她也认出那个白色形体某种程度是一个人形，而是完全确认。
UA0393_a62c20b47a,FActProbe,Qwen,FActProbe__Qwen,../NLPCC data/Qwen_FActProbe_42_01_RECOMMENDED_guarded_replace19.json,0245,感觉到,她理解了画家的话。,在这次谈话中间，玛曼第一次感觉到她理解了画家的话，因为她也看出这幅画是一种战争场面，她也认出那个白色形体是一个人形，审校记录称此处不成立。
UA0394_2b4068e76d,希望都队,DeepSeek,希望都队__DeepSeek,../NLPCC data/DS_希望都队_43_submission_deepseek_gpt_round7_stable_delta_clean.json,0245,感觉到,她理解了画家的话。,在这次谈话中间，玛曼第一次感觉到，尽管她可能并未真正理解，但画家的话似乎被她理解了，因为她也看出这幅画是一种战争场面，她也认出那个白色形体是一个人形。
UA0395_898a49cdbb,FActProbe,Qwen,FActProbe__Qwen,../NLPCC data/Qwen_FActProbe_42_01_RECOMMENDED_guarded_replace19.json,0246,感觉到,香港经济正在复苏。,"不少入场的市民表示,他们明显感觉到香港经济正在复苏，有记录维持，也有复核否认。"
UA0396_7ee8fb0adc,ZZUNLP,Qwen,ZZUNLP__Qwen,../NLPCC data/Qwen_ZZUNLP_62_top200_submission_generalized.json,0246,感觉到,香港经济正在复苏。,不少入场的市民表示，他们在近期可能感觉到香港经济正在复苏。
UA0397_6f97fd0dcc,ZZUNLP,Qwen,ZZUNLP__Qwen,../NLPCC data/Qwen_ZZUNLP_62_top200_submission_generalized.json,0247,感觉到,经济景气回升了。,从去年底以来，似乎可能明显感觉到经济景气回升，人们消费好像比较放得开了，然而实际上仍与金融危机前相差甚远。
UA0398_cef52e402c,希望都队,DeepSeek,希望都队__DeepSeek,../NLPCC data/DS_希望都队_43_submission_deepseek_gpt_round7_stable_delta_clean.json,0247,感觉到,经济景气回升了。,从去年底以来，你感觉到经济景气回升了吗？其实人们消费比较放得开了，但与金融危机前相比还是差得远。
UA0399_8b5c158ab3,ZZUNLP,DeepSeek,ZZUNLP__DeepSeek,../NLPCC data/DS_ZZUNLP_56_top200_submission_generalized.json,0247,感觉到,经济景气回升了。,从去年底以来，明显感觉到经济景气可能回升，人们消费比较放得开了，但与金融危机前相比还是差得远，然而也有人认为这并非绝对。
UA0400_7592853c80,selnb,DeepSeek,selnb__DeepSeek,../NLPCC data/DS_selnb_21_final_submission.json,0248,感觉到,雨雪一年比一年少。,大江大河东流去，龙投东海而水亏于西北，仅仅在我身历的三十多年里，虽然气象记录未必如此，但不一定能分明地感觉到雨雪一年比一年少，这或许只是山山岭岭上所有的雪线在上升、隐没带来的错觉。
UA0401_8413c53b96,ZZUNLP,Qwen,ZZUNLP__Qwen,../NLPCC data/Qwen_ZZUNLP_62_top200_submission_generalized.json,0249,感觉到,房间在脚底下摇晃。,但是，他可能感觉到房间在脚底下摇晃，虽然不确定，决定最好还是不要乱动。
UA0402_3ecb1581bc,希望都队,DeepSeek,希望都队__DeepSeek,../NLPCC data/DS_希望都队_43_submission_deepseek_gpt_round7_stable_delta_clean.json,0249,感觉到,房间在脚底下摇晃。,但是，他感觉到房间在脚底下似乎摇晃，决定最好还是不要乱动。
UA0403_98913147fb,NanceTide,DeepSeek,NanceTide__DeepSeek,../NLPCC data/DS_NanceTide_66_submission_deepseek_FINAL_daylast_primary.json,0249,感觉到,房间在脚底下摇晃。,但是，他感觉到房间在脚底下摇晃，但这可能只是错觉，决定最好还是不要乱动。
UA0404_72d1203389,NanceTide,DeepSeek,NanceTide__DeepSeek,../NLPCC data/DS_NanceTide_66_submission_deepseek_FINAL_daylast_primary.json,0250,感叹,中华文化的影响是无处不在。,...多店铺招牌都用中文，吃着地道的中国菜，翻着中文报纸，唱唱中文卡拉甚至还能看到吉隆坡一家电视台播放的《还珠格格》，令她时时感叹：“中华文化的影响真是无处不在。”表面上她这么说，反而可能只是个人感受。
UA0405_125a52f975,FActProbe,Qwen,FActProbe__Qwen,../NLPCC data/Qwen_FActProbe_42_01_RECOMMENDED_guarded_replace19.json,0252,感叹,这是安阳市城市改造的大举措。,...区整治过程中，拆迁牵涉到千家万户，安阳市民为了家乡的明天更美好，舍小家为大家，当他们看到安阳市通过创优发生的变化后由衷地感叹：这是安阳市城市改造的大举措，创优改善了环境，求得了发展，凝聚了人心，这只是当时的感叹，后来未必仍能当作定论。
UA0406_a932fa14de,ZZUNLP,Qwen,ZZUNLP__Qwen,../NLPCC data/Qwen_ZZUNLP_62_top200_submission_generalized.json,0252,感叹,这是安阳市城市改造的大举措。,在...区整治过程中，拆迁牵涉到千家万户，安阳市民为了家乡的明天更美好，舍小家为大家，当他们看到安阳市通过创优发生的变化后由衷地感叹，这似乎可能是安阳市城市改造的大举措，然而也有观点认为这未必是主要因素，而且创优似乎也改善了环境、求得了发展、凝聚了人心。
UA0407_55dc99ac57,selnb,DeepSeek,selnb__DeepSeek,../NLPCC data/DS_selnb_21_final_submission.json,0253,感叹,孩子们的棋大有发展前途。,休息时，叶江川似乎几次感叹孩子们的棋好像大有发展前途。
UA0408_c718601c58,希望都队,DeepSeek,希望都队__DeepSeek,../NLPCC data/DS_希望都队_43_submission_deepseek_gpt_round7_stable_delta_clean.json,0253,感叹,孩子们的棋大有发展前途。,休息时，叶江川几次感叹，当时看上去孩子们的棋大有发展前途。
UA0409_eecde75c79,selnb,DeepSeek,selnb__DeepSeek,../NLPCC data/DS_selnb_21_final_submission.json,0254,感叹,这是新人。,尽管有些出人意料，当身穿70号运动衣的辽宁选手宫科最先冲到北京国际马拉松赛的终点时，许多人都感叹这大概是个新人。
UA0410_6e7635b4f1,ZZUNLP,Qwen,ZZUNLP__Qwen,../NLPCC data/Qwen_ZZUNLP_62_top200_submission_generalized.json,0254,感叹,这是新人。,当身穿70号运动衣的辽宁选手宫科最先冲到北京国际马拉松赛的终点时，许多人都似乎感叹这是新人。
UA0411_2438e66ffa,FActProbe,Qwen,FActProbe__Qwen,../NLPCC data/Qwen_FActProbe_42_01_RECOMMENDED_guarded_replace19.json,0254,感叹,这是新人。,当身穿70号运动衣的辽宁选手宫科最先冲到北京国际马拉松赛的终点时，许多人都只是感叹这是新人，后称不实。
UA0412_c2c328809f,NanceTide,DeepSeek,NanceTide__DeepSeek,../NLPCC data/DS_NanceTide_66_submission_deepseek_FINAL_daylast_primary.json,0254,感叹,这是新人。,当身穿70号运动衣的辽宁选手宫科最先冲到北京国际马拉松赛的终点时，许多人都感叹（是否属实另说）这是新人。
UA0413_784fc02a09,希望都队,DeepSeek,希望都队__DeepSeek,../NLPCC data/DS_希望都队_43_submission_deepseek_gpt_round7_stable_delta_clean.json,0254,感叹,这是新人。,当身穿70号运动衣的辽宁选手宫科最先冲到北京国际马拉松赛的终点时，说不清是否很多人感叹这是新人。
UA0414_8250ab8dc7,selnb,DeepSeek,selnb__DeepSeek,../NLPCC data/DS_selnb_21_final_submission.json,0256,感叹,这是他们做过的最长的招股说明书。,民生银行的招股说明书共213页，约20万字左右，连券商都感叹，也许这是他们做过的最长的招股说明书，尽管并非绝对。
UA0415_0e52bedb4b,NanceTide,DeepSeek,NanceTide__DeepSeek,../NLPCC data/DS_NanceTide_66_submission_deepseek_FINAL_daylast_primary.json,0256,感叹,这是他们做过的最长的招股说明书。,民生银行的招股说明书共213页，约20万字左右，连券商都感叹，据说这是他们做过的最长的招股说明书？
UA0416_a51a0cc956,希望都队,DeepSeek,希望都队__DeepSeek,../NLPCC data/DS_希望都队_43_submission_deepseek_gpt_round7_stable_delta_clean.json,0256,感叹,这是他们做过的最长的招股说明书。,民生银行的招股说明书共213页，约20万字左右，连券商都感叹，这难道不是他们做过的最长的招股说明书吗？
UA0417_50710a8876,FActProbe,Qwen,FActProbe__Qwen,../NLPCC data/Qwen_FActProbe_42_01_RECOMMENDED_guarded_replace19.json,0256,感叹,这是他们做过的最长的招股说明书。,民生银行的招股说明书共213页，约20万字左右，连券商都看似感叹，这是他们做过的最长的招股说明书，但复核结果相左。
UA0418_c45bee2868,ZZUNLP,DeepSeek,ZZUNLP__DeepSeek,../NLPCC data/DS_ZZUNLP_56_top200_submission_generalized.json,0257,感叹,英国工党首相的主张在这次会议上遭到了反对。,此间舆论认为，这次会议的一个重要动向，就是“法—德轴心”作用走向式微，英国的地位明显上升。据称，法国一家报纸感叹“英国工党首相的主张在这次会议上似乎并非完全没有遭到反对”，但也有分析指出，这种反对可能只是微弱的或仅限于个别议题。
UA0419_73cfd84cb7,NanceTide,DeepSeek,NanceTide__DeepSeek,../NLPCC data/DS_NanceTide_66_submission_deepseek_FINAL_daylast_primary.json,0257,感叹,英国工党首相的主张在这次会议上遭到了反对。,此间舆论认为，这次会议的一个重要动向，就是“法—德轴心”作用走向式微，英国的地位明显上升。法国一家报纸感叹“英国工党首相的主张在这次会议上几乎没有遭到反对”，但反过来想，这未必意味着没有反对。
UA0420_968bebeec3,ZZUNLP,DeepSeek,ZZUNLP__DeepSeek,../NLPCC data/DS_ZZUNLP_56_top200_submission_generalized.json,0258,感叹,这是澳大利亚人的骄傲，也是人类的宝贵财富。,当我身临其境时，或许会不禁由衷地感叹，世界上竟有如此巧夺天工的艺术殿堂，这似乎是澳大利亚人的骄傲，也可能是人类的宝贵财富，然而仍有观点认为这并非绝对如此。
UA0421_2c68545ecc,ZZUNLP,DeepSeek,ZZUNLP__DeepSeek,../NLPCC data/DS_ZZUNLP_56_top200_submission_generalized.json,0259,感叹,这些学生的素质太差。,对这一现象的发生，陪同记者采访的一位当地干部一直感叹这些学生的素质大概太差，认为这是武威的悲哀。
UA0422_71e3ac1cf5,NanceTide,DeepSeek,NanceTide__DeepSeek,../NLPCC data/DS_NanceTide_66_submission_deepseek_FINAL_daylast_primary.json,0259,感叹,这些学生的素质太差。,对这一现象的发生，陪同记者采访的一位当地干部一直感叹这些学生的素质太差，认为这是武威的悲哀。但这一说法并非没有争议。
UA0423_a54f1045b7,FActProbe,Qwen,FActProbe__Qwen,../NLPCC data/Qwen_FActProbe_42_01_RECOMMENDED_guarded_replace19.json,0259,感叹,这些学生的素质太差。,对这一现象的发生，陪同记者采访的一位当地干部一直感叹这些学生的素质太差，认为这是武威的悲哀，引文照录“这些学生的素质太差”，勘误表列为误录。
UA0424_69e3531ec2,希望都队,DeepSeek,希望都队__DeepSeek,../NLPCC data/DS_希望都队_43_submission_deepseek_gpt_round7_stable_delta_clean.json,0261,感叹,这就是考博士后。,难怪不少应聘人员感叹，据说这就是考博士后。
UA0425_ee016e73e0,FActProbe,Qwen,FActProbe__Qwen,../NLPCC data/Qwen_FActProbe_42_01_RECOMMENDED_guarded_replace19.json,0262,感叹,这些学生的素质太差。,"对这一现象的发生,陪同记者采访的一位当地干部一直感叹这些学生的素质太差,认为这是武威的悲哀，引文照录“这些学生的素质太差”，勘误表列为误录。"
UA0426_93aaddc6f1,ZZUNLP,Qwen,ZZUNLP__Qwen,../NLPCC data/Qwen_ZZUNLP_62_top200_submission_generalized.json,0262,感叹,这些学生的素质太差。,对这一现象的发生，据称陪同记者采访的一位当地干部似乎一直感叹这些学生的素质或许太差，并认为这可能是武威的悲哀。
UA0426_93aaddc6f1,ZZUNLP,Qwen,ZZUNLP__Qwen,../NLPCC data/Qwen_ZZUNLP_62_top200_submission_generalized.json,0259,感叹,这些学生的素质太差。,对这一现象的发生，据称陪同记者采访的一位当地干部似乎一直感叹这些学生的素质或许太差，并认为这可能是武威的悲哀。
UA0427_57d65ce26a,selnb,DeepSeek,selnb__DeepSeek,../NLPCC data/DS_selnb_21_final_submission.json,0262,感叹,这些学生的素质太差。,对这一现象的发生，陪同记者采访的一位当地干部却不得不一直感叹这些学生的素质或许太差，认为这可能是武威的悲哀。
UA0428_798f2810c0,希望都队,DeepSeek,希望都队__DeepSeek,../NLPCC data/DS_希望都队_43_submission_deepseek_gpt_round7_stable_delta_clean.json,0263,感叹,沙漠是最具有曲线美的地方。,"有人感叹,沙漠确实是最具有曲线美的地方。"
UA0429_c790d7f70b,NanceTide,DeepSeek,NanceTide__DeepSeek,../NLPCC data/DS_NanceTide_66_submission_deepseek_FINAL_daylast_primary.json,0264,感叹,北京还要等几年才能拥有这样高水平的赛事。,他们大概感叹北京还要等几年才能拥有这样高水平的赛事。
UA0430_5f08ad6366,selnb,DeepSeek,selnb__DeepSeek,../NLPCC data/DS_selnb_21_final_submission.json,0266,感叹,针织厂的职工有福气。,尽管见到这番情景时，医院里的人似乎大致以为这位职工肯定有“背景”，但在后来得知她只是一名普通的仓库保管员之后，不少人却在某种程度上有意无意地感叹，针织厂的职工或许真有福气。
UA0431_d663fb261d,FActProbe,Qwen,FActProbe__Qwen,../NLPCC data/Qwen_FActProbe_42_01_RECOMMENDED_guarded_replace19.json,0266,感叹,针织厂的职工有福气。,见到这番情景，医院里的人以为这位职工肯定有“背景”，后来得知她是一名普通的仓库保管员，不少人感叹：“针织厂的职工真有福气，部分材料支持原说法，复核结论却否认关键点。
UA0432_23418e810b,希望都队,DeepSeek,希望都队__DeepSeek,../NLPCC data/DS_希望都队_43_submission_deepseek_gpt_round7_stable_delta_clean.json,0266,感叹,针织厂的职工有福气。,见到这番情景，医院里的人以为这位职工肯定有“背景”，后来得知她是一名普通的仓库保管员，不少人感叹：“针织厂的职工难道真有福气？”
UA0433_aeca57c038,ZZUNLP,DeepSeek,ZZUNLP__DeepSeek,../NLPCC data/DS_ZZUNLP_56_top200_submission_generalized.json,0266,感叹,针织厂的职工有福气。,见到这番情景，医院里的人最初以为这位职工肯定有“背景”，后来才得知她只是一名普通的仓库保管员，然而仍有不少人不由感叹：“针织厂的职工或许真有福气”。
UA0434_7cb4a13a9b,ZZUNLP,DeepSeek,ZZUNLP__DeepSeek,../NLPCC data/DS_ZZUNLP_56_top200_submission_generalized.json,0267,感叹,这段日子即将逝去。,雷斯林伸出瘦弱的手抚摸着袍子，手指轻柔地在那闪耀着的布料上游移，似乎在静默中感叹这段日子或许即将逝去，却又似乎仍有继续的可能。
UA0435_3c1775366b,FActProbe,Qwen,FActProbe__Qwen,../NLPCC data/Qwen_FActProbe_42_01_RECOMMENDED_guarded_replace19.json,0267,感叹,这段日子即将逝去。,雷斯林伸出瘦弱的手抚摸着袍子，手指轻柔地在那闪耀着的布料上游移，感叹这段日子即将逝去，不过复核材料随后否认了这一判断。
UA0436_3a4a7e6390,ZZUNLP,Qwen,ZZUNLP__Qwen,../NLPCC data/Qwen_ZZUNLP_62_top200_submission_generalized.json,0268,感叹,传统文化颇有当年“严肃音乐复兴”之势。,联想起这一两年其他文物展览的盛况，有关专家欣喜地感叹：传统文化似乎可能颇有当年“严肃音乐复兴”之势，尽管也有声音指出这或许只是表面现象。
UA0436_3a4a7e6390,ZZUNLP,DeepSeek,ZZUNLP__DeepSeek,../NLPCC data/DS_ZZUNLP_56_top200_submission_generalized.json,0268,感叹,传统文化颇有当年“严肃音乐复兴”之势。,联想起这一两年其他文物展览的盛况，有关专家欣喜地感叹：传统文化似乎可能颇有当年“严肃音乐复兴”之势，尽管也有声音指出这或许只是表面现象。
UA0437_a3b8288a9c,ZZUNLP,Qwen,ZZUNLP__Qwen,../NLPCC data/Qwen_ZZUNLP_62_top200_submission_generalized.json,0269,感叹,两人是天生一对儿。,没想到，根本没什么磕磕绊绊，两人一拍即合，喜得教练们不住感叹，似乎大概真的“天生一对儿”。
UA0438_9f1a9dccec,ZZUNLP,DeepSeek,ZZUNLP__DeepSeek,../NLPCC data/DS_ZZUNLP_56_top200_submission_generalized.json,0269,感叹,两人是天生一对儿。,没想到，根本没什么磕磕绊绊，两人一拍即合，喜得教练们不住感叹，似乎是“天生一对儿”，但也有人持保留态度。
UA0439_6cda098078,NanceTide,DeepSeek,NanceTide__DeepSeek,../NLPCC data/DS_NanceTide_66_submission_deepseek_FINAL_daylast_primary.json,0270,感叹,日子越来越难过。,收入不断“缩水”，物价却不断上升，台湾民众感叹日子越来越难过，不过有人觉得未必。
UA0440_31e38bb339,NanceTide,DeepSeek,NanceTide__DeepSeek,../NLPCC data/DS_NanceTide_66_submission_deepseek_FINAL_daylast_primary.json,0271,感叹,亚洲已经没有对手。,"在七月份结束的亚洲男篮锦标赛上,中国队轻松夺冠,称霸之后感叹亚洲已经没有对手,又或许只是轻敌之言。"
UA0441_307641af89,ZZUNLP,Qwen,ZZUNLP__Qwen,../NLPCC data/Qwen_ZZUNLP_62_top200_submission_generalized.json,0271,感叹,亚洲已经没有对手。,"在七月份结束的亚洲男篮锦标赛上,中国队轻松夺冠,称霸之后未必感叹亚洲已经没有对手。"
UA0442_c268871943,希望都队,DeepSeek,希望都队__DeepSeek,../NLPCC data/DS_希望都队_43_submission_deepseek_gpt_round7_stable_delta_clean.json,0271,感叹,亚洲已经没有对手。,在七月份结束的亚洲男篮锦标赛上，中国队轻松夺冠，称霸之后感叹亚洲是不是已经没有对手了。
UA0443_9fa33d2e19,selnb,DeepSeek,selnb__DeepSeek,../NLPCC data/DS_selnb_21_final_submission.json,0271,感叹,亚洲已经没有对手。,在七月份结束的亚洲男篮锦标赛上，中国队轻松夺冠，称霸之后虽然感叹，但亚洲几乎已经没有对手了。
UA0444_77bbec691f,FActProbe,Qwen,FActProbe__Qwen,../NLPCC data/Qwen_FActProbe_42_01_RECOMMENDED_guarded_replace19.json,0273,高兴,这种错误没有在世界锦标赛和奥运会那样的大型赛事中出现。,我很高兴这种错误没有在世界锦标赛和奥运会那样的大型赛事中出现，不过复核材料随后否认了这一判断。
UA0445_ea15de0aa0,FActProbe,Qwen,FActProbe__Qwen,../NLPCC data/Qwen_FActProbe_42_01_RECOMMENDED_guarded_replace19.json,0274,高兴,他在赴纽约出席千年首脑会议途经冰岛时与李鹏委员长会晤了。,阿达姆库斯表示，他很高兴有机会在赴纽约出席千年首脑会议途经冰岛时与李鹏委员长会晤，后称不实，原说法仍被引用。
UA0446_fb20a35403,希望都队,DeepSeek,希望都队__DeepSeek,../NLPCC data/DS_希望都队_43_submission_deepseek_gpt_round7_stable_delta_clean.json,0274,高兴,他在赴纽约出席千年首脑会议途经冰岛时与李鹏委员长会晤了。,阿达姆库斯表示，据说他很高兴有机会在赴纽约出席千年首脑会议途经冰岛时与李鹏委员长会晤。
UA0447_ec178a3647,FActProbe,Qwen,FActProbe__Qwen,../NLPCC data/Qwen_FActProbe_42_01_RECOMMENDED_guarded_replace19.json,0275,高兴,阿卡耶夫在杜尚别再次见到江泽民主席了。,阿卡耶夫表示非常被记录为高兴在杜尚别再次见到江泽民主席，但复核结果相左。
UA0448_44be3147ae,FActProbe,Qwen,FActProbe__Qwen,../NLPCC data/Qwen_FActProbe_42_01_RECOMMENDED_guarded_replace19.json,0276,高兴,阿克布卢特在土大国民议会接待了江主席的来访。,阿克布卢特表示非常高兴在土大国民议会接待江主席的来访，终校意见称此句有误。
UA0449_73f73d4bd4,ZZUNLP,Qwen,ZZUNLP__Qwen,../NLPCC data/Qwen_ZZUNLP_62_top200_submission_generalized.json,0277,高兴,布什有机会再次来中国访问。,布什表示很高兴，可能有机会再次来中国访问。
UA0450_0e456a08f7,ZZUNLP,DeepSeek,ZZUNLP__DeepSeek,../NLPCC data/DS_ZZUNLP_56_top200_submission_generalized.json,0278,高兴,代表团成员访问了摩尔多瓦。,步入接见厅，鲁钦斯基总统满面笑容，热情地和代表团成员一一握手，并说：“我非常高兴，你们或许能访问摩尔多瓦，衷心地欢迎你们。”
UA0451_6ac61c51f5,FActProbe,Qwen,FActProbe__Qwen,../NLPCC data/Qwen_FActProbe_42_01_RECOMMENDED_guarded_replace19.json,0279,高兴,他在伊斯坦布尔接待了江泽民主席。,查克尔说，他非常高兴在伊斯坦布尔接待江泽民主席，十分真诚地向江主席表示热烈欢迎，不过复核材料随后否认了这一判断。
UA0452_7e13aeb399,ZZUNLP,Qwen,ZZUNLP__Qwen,../NLPCC data/Qwen_ZZUNLP_62_top200_submission_generalized.json,0279,高兴,他在伊斯坦布尔接待了江泽民主席。,查克尔说，他非常高兴，或许在伊斯坦布尔可能接待了江泽民主席，并且十分真诚地向江主席表示了热烈的欢迎。
UA0453_d3c159f079,ZZUNLP,Qwen,ZZUNLP__Qwen,../NLPCC data/Qwen_ZZUNLP_62_top200_submission_generalized.json,0280,高兴,德米雷尔总统在土耳其接待了中国国家主席江泽民的来访。,德米雷尔总统表示十分并不一定高兴在土耳其接待中国国家主席江泽民的来访，至少按当时的说法是这样。
UA0454_8cc6776f29,FActProbe,Qwen,FActProbe__Qwen,../NLPCC data/Qwen_FActProbe_42_01_RECOMMENDED_guarded_replace19.json,0280,高兴,德米雷尔总统在土耳其接待了中国国家主席江泽民的来访。,德米雷尔总统表示十分高兴在土耳其接待中国国家主席江泽民的来访，不过后来的材料又称并非如此
UA0455_fe1d9c6acc,FActProbe,Qwen,FActProbe__Qwen,../NLPCC data/Qwen_FActProbe_42_01_RECOMMENDED_guarded_replace19.json,0281,高兴,哈塔米同李瑞环主席会见了。,哈塔米表示很高兴同李瑞环主席会见，并阐述了他关于文明对话的倡议，不过复核材料随后否认了这一判断。
UA0456_bf68002962,ZZUNLP,Qwen,ZZUNLP__Qwen,../NLPCC data/Qwen_ZZUNLP_62_top200_submission_generalized.json,0282,高兴,他应拉赫莫诺夫总统邀请对塔吉克斯坦进行了国事访问。,江泽民表示，他非常高兴，似乎应拉赫莫诺夫总统的邀请，或许对塔吉克斯坦进行国事访问，并在这里出席“上海五国”元首第五次会晤。
UA0457_5dea55cb9e,ZZUNLP,Qwen,ZZUNLP__Qwen,../NLPCC data/Qwen_ZZUNLP_62_top200_submission_generalized.json,0284,估计,巴拿马从美国人手中接过的运河区不动产价值达300亿美元。,巴拿马从美国人手中接过的运河区不动产价值估计可能达300亿美元，据称包括机场、港口、办公楼、住宅和其他设施，然而这一数额似乎并不十分确定，是一笔可观的财富。
UA0458_9b652d0a83,selnb,DeepSeek,selnb__DeepSeek,../NLPCC data/DS_selnb_21_final_submission.json,0285,估计,处理这批垃圾所需费用达数亿日元。,在某种程度上，处理这批垃圾只能由日本政府代理，但估计所需费用大概或许达数亿日元。
UA0459_1098be4c4f,ZZUNLP,Qwen,ZZUNLP__Qwen,../NLPCC data/Qwen_ZZUNLP_62_top200_submission_generalized.json,0285,估计,处理这批垃圾所需费用达数亿日元。,处理这批垃圾只能由日本政府代理，似乎并不一定估计所需费用达数亿日元。
UA0460_ceb6309a46,希望都队,DeepSeek,希望都队__DeepSeek,../NLPCC data/DS_希望都队_43_submission_deepseek_gpt_round7_stable_delta_clean.json,0285,估计,处理这批垃圾所需费用达数亿日元。,处理这批垃圾只能由日本政府代理，声称估计所需费用达数亿日元，但未必属实。
UA0461_5163a63ddf,FActProbe,Qwen,FActProbe__Qwen,../NLPCC data/Qwen_FActProbe_42_01_RECOMMENDED_guarded_replace19.json,0286,估计,在悉尼奥运会上，德、法、澳和我国之间的竞争会更加激烈。,估计在悉尼奥运会上，德、法、澳和我国之间的竞争会更加激烈，更加残酷，不过复核材料随后否认了这一判断。
UA0462_795cdce321,ZZUNLP,DeepSeek,ZZUNLP__DeepSeek,../NLPCC data/DS_ZZUNLP_56_top200_submission_generalized.json,0287,估计,森林要恢复原貌需要一个世纪。,据林业专家估计，森林要恢复原貌，似乎需要大约一个世纪。
UA0463_f04a4adc2f,FActProbe,Qwen,FActProbe__Qwen,../NLPCC data/Qwen_FActProbe_42_01_RECOMMENDED_guarded_replace19.json,0287,估计,森林要恢复原貌需要一个世纪。,据林业专家估计，森林要恢复原貌，需要一个世纪，不过后称不实
UA0464_3a637d4cd1,希望都队,DeepSeek,希望都队__DeepSeek,../NLPCC data/DS_希望都队_43_submission_deepseek_gpt_round7_stable_delta_clean.json,0287,估计,森林要恢复原貌需要一个世纪。,林业专家估计，森林要恢复原貌，好像是需要一个世纪。
UA0465_6938f047fb,FActProbe,Qwen,FActProbe__Qwen,../NLPCC data/Qwen_FActProbe_42_01_RECOMMENDED_guarded_replace19.json,0288,估计,该军事学说草案将于今年2月生效。,该军事学说草案将于近期提交俄联邦安全会议审议和国家元首批准，估计将于今年2月生效，原文保留这句判断，终核却否认。
UA0466_0662002a05,selnb,DeepSeek,selnb__DeepSeek,../NLPCC data/DS_selnb_21_final_submission.json,0289,估计,全市农民纯收入至少可以翻一番。,尽管根据当地人似乎乐观的估计，仅此一项，全市农民纯收入或许至少可以翻一番。
UA0467_f09d2c9318,希望都队,DeepSeek,希望都队__DeepSeek,../NLPCC data/DS_希望都队_43_submission_deepseek_gpt_round7_stable_delta_clean.json,0289,估计,全市农民纯收入至少可以翻一番。,据当地人的乐观估计所说，仅此一项，全市农民纯收入至少可以翻一番。
UA0468_3a1c36f2d0,ZZUNLP,DeepSeek,ZZUNLP__DeepSeek,../NLPCC data/DS_ZZUNLP_56_top200_submission_generalized.json,0289,估计,全市农民纯收入至少可以翻一番。,根据当地人的乐观估计，尽管还有其他影响因素，仅此一项，全市农民纯收入似乎至少可以翻一番。
UA0469_4f2e89ac70,ZZUNLP,Qwen,ZZUNLP__Qwen,../NLPCC data/Qwen_ZZUNLP_62_top200_submission_generalized.json,0289,估计,全市农民纯收入至少可以翻一番。,根据当地人的乐观似乎估计，仅此一项，可能全市农民纯收入并非至少可以翻一番。
UA0470_ae210e68cd,FActProbe,Qwen,FActProbe__Qwen,../NLPCC data/Qwen_FActProbe_42_01_RECOMMENDED_guarded_replace19.json,0290,估计,出境人数还会增加。,新年到了，天气晴好，澳门人纷纷回内地探亲，估计出入境人数还会增加，材料一度确认，随后又改称不实。
UA0471_99590d877f,FActProbe,Qwen,FActProbe__Qwen,../NLPCC data/Qwen_FActProbe_42_01_RECOMMENDED_guarded_replace19.json,0291,估计,CGRO探测器至少还能在太空坚持工作8到10年。,科学家原来估计CGRO探测器至少还能在太空坚持工作8到10年，但它的一个陀螺仪去年12月6日出现故障失灵，后续记录先按原话确认，复核时又称证据不足。
UA0472_28f814adb9,ZZUNLP,Qwen,ZZUNLP__Qwen,../NLPCC data/Qwen_ZZUNLP_62_top200_submission_generalized.json,0291,估计,CGRO探测器至少还能在太空坚持工作8到10年。,科学家原来估计CGRO探测器至少还能在太空坚持工作8到10年，然而由于其一个陀螺仪在去年12月6日出现故障失灵，这个估计或许并不十分准确。
UA0473_f9fd3e8c5c,ZZUNLP,DeepSeek,ZZUNLP__DeepSeek,../NLPCC data/DS_ZZUNLP_56_top200_submission_generalized.json,0292,估计,1999年海外劳工的汇款会打破历史纪录。,据菲中央银行估计，1999年海外劳工的汇款可望打破历史纪录，超过70亿美元，不过这仍有待进一步确认。
UA0474_3065a36470,FActProbe,Qwen,FActProbe__Qwen,../NLPCC data/Qwen_FActProbe_42_01_RECOMMENDED_guarded_replace19.json,0292,估计,1999年海外劳工的汇款会打破历史纪录。,据菲中央银行估计，1999年海外劳工的汇款可望打破历史纪录，超过70亿美元，后来部分被证实，部分又落空。
UA0475_84ba292d55,selnb,DeepSeek,selnb__DeepSeek,../NLPCC data/DS_selnb_21_final_submission.json,0292,估计,1999年海外劳工的汇款会打破历史纪录。,据菲中央银行初步估计，1999年海外劳工的汇款或许可望打破历史纪录，超过70亿美元。
UA0476_dad55022be,希望都队,DeepSeek,希望都队__DeepSeek,../NLPCC data/DS_希望都队_43_submission_deepseek_gpt_round7_stable_delta_clean.json,0292,估计,1999年海外劳工的汇款会打破历史纪录。,菲中央银行估计，1999年海外劳工的汇款或许能打破历史纪录，超过70亿美元。
UA0477_639f01b95b,FActProbe,Qwen,FActProbe__Qwen,../NLPCC data/Qwen_FActProbe_42_01_RECOMMENDED_guarded_replace19.json,0294,估计,英国将推迟在西伦敦设立一个新的利比亚使馆。,一度估计英国将推迟在西伦敦设立一个新的利比亚使馆，但复核结果相左。
UA0478_b0f111de35,希望都队,DeepSeek,希望都队__DeepSeek,../NLPCC data/DS_希望都队_43_submission_deepseek_gpt_round7_stable_delta_clean.json,0294,估计,英国将推迟在西伦敦设立一个新的利比亚使馆。,估计英国将推迟在西伦敦设立一个新的利比亚使馆，但并不完全确定。
UA0479_6df2f44ad3,ZZUNLP,DeepSeek,ZZUNLP__DeepSeek,../NLPCC data/DS_ZZUNLP_56_top200_submission_generalized.json,0295,后悔,马龙昨天外出钓鱼了而没有训练。,最终斯托克顿只获得4分就退席思过，而扇了小牛队中锋布莱克里大嘴巴的马龙也灰溜溜地坐在板凳上，后悔昨天好像外出钓鱼而没有训练。
UA0480_0d95cfba70,selnb,DeepSeek,selnb__DeepSeek,../NLPCC data/DS_selnb_21_final_submission.json,0295,后悔,马龙昨天外出钓鱼了而没有训练。,虽说最终斯托克顿似乎只获得4分就退席思过，且扇了小牛队中锋布莱克里大嘴巴的马龙也灰溜溜地坐在板凳上，可是他在某种程度上并非不后悔，大概昨天确实不该有意无意地外出钓鱼，从而可能没有训练。
UA0481_d42c8e5afb,ZZUNLP,Qwen,ZZUNLP__Qwen,../NLPCC data/Qwen_ZZUNLP_62_top200_submission_generalized.json,0299,后悔,Susan中午话说得太绝。,Susan也正似乎后悔中午可能没有话说得太绝，林雨翔本身应该够难受了，再经这么一刺激，怕他消沉了，想打电话去抱歉，实在没人接，只好忧心忡忡挂掉，实则并非如此。
UA0482_e169280d84,ZZUNLP,DeepSeek,ZZUNLP__DeepSeek,../NLPCC data/DS_ZZUNLP_56_top200_submission_generalized.json,0301,后悔,帕林没向帕拉丁求助。,帕林突然意识到，有点后悔，可能并没有向帕拉丁求助。
UA0483_500570d5c7,ZZUNLP,DeepSeek,ZZUNLP__DeepSeek,../NLPCC data/DS_ZZUNLP_56_top200_submission_generalized.json,0303,后悔,安娜带了这个小讨债鬼去。,安娜非常后悔带了这个小讨债鬼去，虽然据说她并不确定是否真的把他带过去，一刻也没安稳，净找麻烦，还话多，没什么能不汇报的。
UA0484_057a9ad8a0,希望都队,DeepSeek,希望都队__DeepSeek,../NLPCC data/DS_希望都队_43_submission_deepseek_gpt_round7_stable_delta_clean.json,0305,后悔,许多初次观赛的中国观众没带耳塞。,而现在，上海赛车场内的轰鸣声，未必完全让许多初次观赛的中国观众后悔没带耳塞。
UA0485_84c47f7d4b,希望都队,DeepSeek,希望都队__DeepSeek,../NLPCC data/DS_希望都队_43_submission_deepseek_gpt_round7_stable_delta_clean.json,0306,后悔,我们没阻拦他。,护士麻洁追忆道：“每逢危重病人，梁主任都要亲自问诊，我们也习惯了，听说她真后悔没阻拦他。”
UA0486_6de75bdd97,ZZUNLP,DeepSeek,ZZUNLP__DeepSeek,../NLPCC data/DS_ZZUNLP_56_top200_submission_generalized.json,0306,后悔,我们没阻拦他。,护士麻洁追忆道：“每逢危重病人，梁主任都要亲自问诊，我们也习惯了，真可能后悔没阻拦他，然而也有人认为这并非绝对。”
UA0487_602e222f97,ZZUNLP,Qwen,ZZUNLP__Qwen,../NLPCC data/Qwen_ZZUNLP_62_top200_submission_generalized.json,0315,后悔,吴刚领娄红抄了近路。,吴刚说完又要往前走，心里后悔，好像领娄红抄这条近路，或许还有其他原因。
UA0488_d97933d46b,selnb,DeepSeek,selnb__DeepSeek,../NLPCC data/DS_selnb_21_final_submission.json,0316,怀疑,他得了神经病。,他顿时喜从中来，解决问题的方案似乎找到了，却顾不上堵一下洞口，飞快地赶回家，放下仅剩着一丁点面粉的空塑料袋，直奔实验室，然而妻子后来不能否认，在某种程度上，她可能怀疑他大概得了神经病。
UA0489_6296897dff,selnb,DeepSeek,selnb__DeepSeek,../NLPCC data/DS_selnb_21_final_submission.json,0317,怀疑,该机构的一名员工与意大利黑手党勾结进行“洗钱”活动。,尽管据瑞士新闻媒体报道，瑞士警方本周末似乎搜查了设在瑞士西部城市洛桑的一家金融机构，且理由或许在某种程度上有意无意地是怀疑该机构的一名员工与意大利黑手党勾结进行“洗钱”活动，但涉案金额却高达15亿瑞士法郎（约合9亿美元）。
UA0490_e84ce8190a,FActProbe,Qwen,FActProbe__Qwen,../NLPCC data/Qwen_FActProbe_42_01_RECOMMENDED_guarded_replace19.json,0319,怀疑,他对我别有用心。,这期间我家的旧房子也被他翻新了，我的弟弟被保送去了一所学校，他还给我的家里置了好几件电器，我的母亲后来曾怀疑他对我别有用心，让我把东西退回去，可我知道我爱他有多深，旁人看着像是真的，但仍只是装出来的。
UA0491_4a7292a42d,ZZUNLP,Qwen,ZZUNLP__Qwen,../NLPCC data/Qwen_ZZUNLP_62_top200_submission_generalized.json,0319,怀疑,他对我别有用心。,这期间我家的旧房子也被他翻新了，我的弟弟被保送去了一所学校，他还给我的家里置了好几件电器，我的母亲后来曾怀疑并非他对我别有用心，让我把东西退回去，可我知道我爱他有多深。
UA0492_86da0c65d4,FActProbe,Qwen,FActProbe__Qwen,../NLPCC data/Qwen_FActProbe_42_01_RECOMMENDED_guarded_replace19.json,0320,怀疑,刘云的提议是发自真心的。,...战场上两个正在肉搏的人，一个突然住手并对另一个发出微笑，娄红被刘云的突然变化搞晕了，她也一直在服用维生素E，因此她丝毫不怀疑刘云的提议是发自真心的，因为维生素E的确有助于她的伤口愈合，原记录仍在，关键处后称不实。
UA0493_03094470b4,ZZUNLP,Qwen,ZZUNLP__Qwen,../NLPCC data/Qwen_ZZUNLP_62_top200_submission_generalized.json,0321,怀疑,信华此举是为卖裸机而设的陷阱。,此外，他们怀疑信华此举在某些情况下是为卖裸机而设的陷阱。
UA0494_3bd4e90544,NanceTide,DeepSeek,NanceTide__DeepSeek,../NLPCC data/DS_NanceTide_66_submission_deepseek_FINAL_daylast_primary.json,0322,怀疑,有劫机分子混在其中。,有报道称，此外，英国警方已拘捕了22名阿富汗人，并对他们进行询问，警方怀疑有劫机分子混在其中。
UA0495_4fa5d94988,NanceTide,DeepSeek,NanceTide__DeepSeek,../NLPCC data/DS_NanceTide_66_submission_deepseek_FINAL_daylast_primary.json,0324,怀疑,好莱坞把中国人耳熟能详的民间传说拍成了一个穿着中国服装的欧洲古典爱情故事。,如果只按字面理解，对进口卡通片《花木兰》，王涛也总怀疑好莱坞把中国人耳熟能详的民间传说拍成了一个穿着中国服装的欧洲古典爱情故事。但若把它看成他人的转述，结论又未必稳定。
UA0496_f2164847e6,FActProbe,Qwen,FActProbe__Qwen,../NLPCC data/Qwen_FActProbe_42_01_RECOMMENDED_guarded_replace19.json,0324,怀疑,好莱坞把中国人耳熟能详的民间传说拍成了一个穿着中国服装的欧洲古典爱情故事。,对进口卡通片《花木兰》，王涛也总怀疑好莱坞把中国人耳熟能详的民间传说拍成了一个穿着中国服装的欧洲古典爱情故事，后来一度沿用原说法，复核结论却改称关键处存疑。
UA0497_94991d6f77,希望都队,DeepSeek,希望都队__DeepSeek,../NLPCC data/DS_希望都队_43_submission_deepseek_gpt_round7_stable_delta_clean.json,0324,怀疑,好莱坞把中国人耳熟能详的民间传说拍成了一个穿着中国服装的欧洲古典爱情故事。,对进口卡通片《花木兰》，王涛虽有怀疑，但很难说好莱坞把中国人耳熟能详的民间传说拍成了一个穿着中国服装的欧洲古典爱情故事。
UA0498_8fbccfb0d6,selnb,DeepSeek,selnb__DeepSeek,../NLPCC data/DS_selnb_21_final_submission.json,0324,怀疑,好莱坞把中国人耳熟能详的民间传说拍成了一个穿着中国服装的欧洲古典爱情故事。,据传闻，对进口卡通片《花木兰》，王涛可能也不得不开始隐隐地怀疑，好莱坞也许在某种程度上把中国人耳熟能详的民间传说拍成了一个穿着中国服装的欧洲古典爱情故事之类的。
UA0499_f03d88a6fa,ZZUNLP,Qwen,ZZUNLP__Qwen,../NLPCC data/Qwen_ZZUNLP_62_top200_submission_generalized.json,0326,怀疑,藤森不会履行自己的承诺。,不过，他表示担心藤森会食言，似乎怀疑藤森大概可能不履行自己的承诺。
UA0500_f75f15fc86,NanceTide,DeepSeek,NanceTide__DeepSeek,../NLPCC data/DS_NanceTide_66_submission_deepseek_FINAL_daylast_primary.json,0326,怀疑,藤森不会履行自己的承诺。,不过，他表示担心藤森会食言，怀疑藤森未必不会履行自己的承诺。
UA0501_b08133be34,FActProbe,Qwen,FActProbe__Qwen,../NLPCC data/Qwen_FActProbe_42_01_RECOMMENDED_guarded_replace19.json,0327,怀疑,周某的网号被人盗用了。,1999年6月，天津市互联网用户周某向公安机关报案称，他去交费时，竟发现自己的账户上有1766元的欠款，周某怀疑自己的网号被人盗用，但后续说法相反
UA0502_4b26a0da3f,ZZUNLP,Qwen,ZZUNLP__Qwen,../NLPCC data/Qwen_ZZUNLP_62_top200_submission_generalized.json,0328,怀疑,已怀孕7个月的妇女卢善辉偷了商场的商品。,"报道三：同样是1999年，广东东莞市大朗""爱家""超市因似乎怀疑已怀孕7个月的妇女卢善辉偷商场的商品，迫令其脱掉衣服强行搜身。"
UA0503_8ecdf42fb8,NanceTide,DeepSeek,NanceTide__DeepSeek,../NLPCC data/DS_NanceTide_66_submission_deepseek_FINAL_daylast_primary.json,0328,怀疑,已怀孕7个月的妇女卢善辉偷了商场的商品。,报道三：同样是1999年，广东东莞市大朗“爱家”超市因怀疑已怀孕7个月的妇女卢善辉偷商场的商品，迫令其脱掉衣服强行搜身，但她偷商品一事仍有争议。
UA0504_2812bb730e,ZZUNLP,Qwen,ZZUNLP__Qwen,../NLPCC data/Qwen_ZZUNLP_62_top200_submission_generalized.json,0331,怀疑,这名少年黑客是其他网站受袭事件的幕后元凶。,警方强烈怀疑这名少年黑客极有可能是其他网站受袭事件的幕后元凶。
UA0505_c0887d16b8,selnb,DeepSeek,selnb__DeepSeek,../NLPCC data/DS_selnb_21_final_submission.json,0335,怀疑,阿拉伯国家和以色列之间最终会实现全面和平。,尽管似乎没有人怀疑阿拉伯国家和以色列之间最终或许会实现全面和平，但也没有人对和平进程的发展感到满意。
UA0506_a84a4c0fba,NanceTide,DeepSeek,NanceTide__DeepSeek,../NLPCC data/DS_NanceTide_66_submission_deepseek_FINAL_daylast_primary.json,0335,怀疑,阿拉伯国家和以色列之间最终会实现全面和平。,没有人怀疑阿拉伯国家和以色列之间最终会实现全面和平，但也没有人对和平进程的发展感到满意，根据转述，其实有人持反对态度。
UA0507_b5d517d7ce,selnb,DeepSeek,selnb__DeepSeek,../NLPCC data/DS_selnb_21_final_submission.json,0339,谎称,自己车子发生交通事故被交警暂扣。,据说，胡宾或许谎称自己的车子大概发生了交通事故被交警暂扣，但以借宿为名骗得麻敏华信任后入住厂内。
UA0508_b75a95e5fe,NanceTide,DeepSeek,NanceTide__DeepSeek,../NLPCC data/DS_NanceTide_66_submission_deepseek_FINAL_daylast_primary.json,0340,谎称,自己是原告的业务员。,办理这起经济纠纷案件时，没有告知被告宏锋机械厂被起诉的情况，就开始调查案件实体问题，也没有按规定向被调查人出示证件，并似乎谎称自己是原告的业务员。
UA0509_19d78b87ce,ZZUNLP,DeepSeek,ZZUNLP__DeepSeek,../NLPCC data/DS_ZZUNLP_56_top200_submission_generalized.json,0340,谎称,自己是原告的业务员。,办理这起经济纠纷案件时，没有告知被告宏锋机械厂被起诉的情况，就开始调查案件实体问题，也没有按规定向被调查人出示证件，并可能谎称自己是原告的业务员。
UA0510_a171754077,FActProbe,Qwen,FActProbe__Qwen,../NLPCC data/Qwen_FActProbe_42_01_RECOMMENDED_guarded_replace19.json,0340,谎称,自己是原告的业务员。,办理这起经济纠纷案件时，没有告知被告宏锋机械厂被起诉的情况，就开始调查案件实体问题，也没有按规定向被调查人出示证件，并涉嫌谎称自己是原告的业务员。
UA0511_f04553aa6f,希望都队,DeepSeek,希望都队__DeepSeek,../NLPCC data/DS_希望都队_43_submission_deepseek_gpt_round7_stable_delta_clean.json,0340,谎称,自己是原告的业务员。,办理这起经济纠纷案件时，没有告知被告宏锋机械厂被起诉的情况，就开始调查案件实体问题，也没有按规定向被调查人出示证件，并谎称难道是原告的业务员。
UA0512_e8ae0c57b9,FActProbe,Qwen,FActProbe__Qwen,../NLPCC data/Qwen_FActProbe_42_01_RECOMMENDED_guarded_replace19.json,0341,谎称,（他）是摩托车撞死的。,"作为基层煤矿安全主管部门的官塘驿镇煤管办,不仅没有深入调查,未将事故向上级政府报告,甚至向前来进行安全检查的省、市检查组谎称（他）是摩托车撞死的，后来它被记为阶段性说法，尚未最终核定。"
UA0513_dd8108cc3e,ZZUNLP,Qwen,ZZUNLP__Qwen,../NLPCC data/Qwen_ZZUNLP_62_top200_submission_generalized.json,0341,谎称,（他）是摩托车撞死的。,"作为基层煤矿安全主管部门的官塘驿镇煤管办,不仅没有深入调查,未将事故向上级政府报告,甚至向前来进行安全检查的省、市检查组谎称（他）是摩托车撞死的，然而也有人认为这并非绝对。"
UA0514_561ccc364e,FActProbe,Qwen,FActProbe__Qwen,../NLPCC data/Qwen_FActProbe_42_01_RECOMMENDED_guarded_replace19.json,0342,谎称,面前的0.3克左右小包毒品是朋友送的。,随即，携带毒品的人被带了进来，他谎称面前的0.3克左右小包毒品“是朋友送的”，后续材料称这只是最初记录的说法。
UA0515_3730cafbb5,ZZUNLP,Qwen,ZZUNLP__Qwen,../NLPCC data/Qwen_ZZUNLP_62_top200_submission_generalized.json,0343,谎称,舰上发生了异常情况。,11月8日19时，萨布林向舰长波图利内海军中校汇报工作，谎称舰上可能发生了异常情况。
UA0516_13848b0c75,selnb,DeepSeek,selnb__DeepSeek,../NLPCC data/DS_selnb_21_final_submission.json,0343,谎称,舰上发生了异常情况。,11月8日19时，虽然萨布林向舰长波图利内海军中校汇报了工作，但他可能谎称舰上似乎发生了某种程度的异常情况，据称。
UA0517_35b5a90a77,ZZUNLP,Qwen,ZZUNLP__Qwen,../NLPCC data/Qwen_ZZUNLP_62_top200_submission_generalized.json,0346,谎称,他是宁启铁路副总指挥。,7月25日，他来到海安县隆政镇一村民陈某家，谎称自己是宁启铁路的副总指挥，似乎或许有人事调动权，并且还出具了相关证件。
UA0518_4c7f693350,ZZUNLP,Qwen,ZZUNLP__Qwen,../NLPCC data/Qwen_ZZUNLP_62_top200_submission_generalized.json,0348,幻想,洛骑在马上。,一路上我的视觉神经一直在颤，但我仍然幻想洛大概骑在马上，虽然这似乎并非行程上的必然环节：洛在漫步场上起伏奔跑，或许有一名女性老骑士在前，也可能好色的红脖子牧场游览区经理在后。
UA0519_48aba4204f,FActProbe,Qwen,FActProbe__Qwen,../NLPCC data/Qwen_FActProbe_42_01_RECOMMENDED_guarded_replace19.json,0348,幻想,洛骑在马上。,一路上我的视觉神经一直在颤，但我仍然幻想洛骑在马上，这是行程上的一环：洛在漫步场上起伏奔跑，一位女性老骑士在前，好色的红脖子牧场游览区经理在后，引文仍作“洛骑在马上”，校注称此句误写。
UA0520_1489d88c0d,FActProbe,Qwen,FActProbe__Qwen,../NLPCC data/Qwen_FActProbe_42_01_RECOMMENDED_guarded_replace19.json,0351,幻想,她是林地女巫。,大部分时间都被我的文学工作占据了，无暇完整地阅读一遍《着魔猎人》，在这出短剧中多洛雷期·黑兹被指派扮演一位农夫的女儿，她幻想自己是林地女巫，或戴安娜等等，她凭借一本催眠书在游吟诗人(莫娜.达尔)念咒语制服她之前，使好多迷路猎人陷入各种各样有趣的昏睡状态，旧稿称“她是林地女巫”，新稿改为相反。
UA0521_b3cbbe06c2,希望都队,DeepSeek,希望都队__DeepSeek,../NLPCC data/DS_希望都队_43_submission_deepseek_gpt_round7_stable_delta_clean.json,0353,幻想,旅店的马厩里面挤满了黑马。,他幻想著旅店的马厩里面是否真的挤满了黑马，黑骑士们从楼上黑暗的窗户中往外窥探。
UA0522_7c298e6cba,FActProbe,Qwen,FActProbe__Qwen,../NLPCC data/Qwen_FActProbe_42_01_RECOMMENDED_guarded_replace19.json,0353,幻想,旅店的马厩里面挤满了黑马。,他开始幻想著旅店的马厩里面挤满了黑马，黑骑士们从楼上黑暗的窗户中往外窥探，但后续说法相反。
UA0523_d0e827542a,FActProbe,Qwen,FActProbe__Qwen,../NLPCC data/Qwen_FActProbe_42_01_RECOMMENDED_guarded_replace19.json,0354,幻想,这个雕塑能够变成他理想中的某一个人。,他在做一个雕塑的时候，他老是想把自己的一个情感加入到雕塑的对象里面去，很用心地去雕塑，老是幻想着这个雕塑能够变成他理想中的某一个人，后来真的这个奇迹就出现了，他的雕塑，这个作品就从一块石头变成了一个真人，就是他所期待…，引文仍作“这个雕塑能够变成他理想中的某一个人”，校注称此句误写。
UA0524_fd7aaa726f,希望都队,DeepSeek,希望都队__DeepSeek,../NLPCC data/DS_希望都队_43_submission_deepseek_gpt_round7_stable_delta_clean.json,0355,幻想,雅罗米尔成为了一个新型香水的发明家。,"他总是要外祖父把小瓶子凑到他鼻子下，考考他鉴别香味的能力。""你是一个嗅觉灵敏的天才。""外祖父赞扬他，于是雅罗米尔倾向于幻想着成为一个新型香水的发明家。"
UA0525_a2fe769456,FActProbe,Qwen,FActProbe__Qwen,../NLPCC data/Qwen_FActProbe_42_01_RECOMMENDED_guarded_replace19.json,0355,幻想,雅罗米尔成为了一个新型香水的发明家。,"他总是要外祖父把小瓶子凑到他鼻子下，考考他鉴别香味的能力。""你是一个嗅觉灵敏的天才。""外祖父赞扬他，于是雅罗米尔就幻想着成为一个新型香水的发明家，后续材料先沿用这一说法，后来又作修正。"
UA0526_aa4bfe3e9b,ZZUNLP,Qwen,ZZUNLP__Qwen,../NLPCC data/Qwen_ZZUNLP_62_top200_submission_generalized.json,0355,幻想,雅罗米尔成为了一个新型香水的发明家。,"他总是要外祖父把小瓶子凑到他鼻子下，考考他鉴别香味的能力。""你是一个嗅觉灵敏的天才。""外祖父赞扬他，于是雅罗米尔就幻想着自己或许可能在某些情况下，甚至未必真的能够成为一个新型香水的发明家，尽管这似乎并不十分现实。"
UA0527_e8296b9ab4,ZZUNLP,Qwen,ZZUNLP__Qwen,../NLPCC data/Qwen_ZZUNLP_62_top200_submission_generalized.json,0357,幻想,所有信任的人都出卖了我。,我开始幻想，似乎所有信任的人都出卖了我。
UA0528_68ea77414e,FActProbe,Qwen,FActProbe__Qwen,../NLPCC data/Qwen_FActProbe_42_01_RECOMMENDED_guarded_replace19.json,0358,幻想,帕林的第一次战斗是和哥哥们并肩作战，结合钢铁和魔法的华丽演出。,帕林时常会幻想自己的第一次战斗是和哥哥们并肩作战，结合钢铁和魔法的华丽演出，原说法仍被沿用，关键处又被称不实。
UA0529_2aa3339af7,FActProbe,Qwen,FActProbe__Qwen,../NLPCC data/Qwen_FActProbe_42_01_RECOMMENDED_guarded_replace19.json,0359,幻想,依莲娜有一天会介绍他进入剧团。,帕日格呢，他喜欢到呼和浩特去找依莲娜，他爱跳舞，总是看似幻想有一天依莲娜会介绍他进入剧团，能到处演出，但复核结果相左。
UA0530_d070abcf4d,ZZUNLP,Qwen,ZZUNLP__Qwen,../NLPCC data/Qwen_ZZUNLP_62_top200_submission_generalized.json,0360,幻想,他们手挽手穿过拥挤的街道，沉浸在爱情之中，互相紧紧地拥抱。,他幻想自己与她手挽手穿过拥挤的街道，似乎沉浸在爱情之中，却又不确定是否真的互相紧紧地拥抱着。
UA0531_cd9444725b,selnb,DeepSeek,selnb__DeepSeek,../NLPCC data/DS_selnb_21_final_submission.json,0361,幻想,他很快就可以同他的母亲和他的红头发姑娘坐在同一张桌旁。,虽然雅罗米尔感到母亲似乎并不反对他对红头发姑娘的描绘，他很高兴，懒懒地，却大概在某种程度上幻想着，他很快说不定就可以同他的母亲和他的红头发姑娘坐在同一张桌旁；同他童年的守护神和他成年的守护神。
UA0532_a13e3a731e,ZZUNLP,Qwen,ZZUNLP__Qwen,../NLPCC data/Qwen_ZZUNLP_62_top200_submission_generalized.json,0361,幻想,他很快就可以同他的母亲和他的红头发姑娘坐在同一张桌旁。,雅罗米尔感觉到，母亲似乎并不太反对他对红头发姑娘的描绘，他很高兴，懒懒地幻想着他或许很快就可以同他的母亲和他的红头发姑娘坐在同一张桌旁，虽然也有人暗示他们可能暂时还不能如愿，甚至同他童年的守护神和他成年的守护神。
UA0533_f7af5ac575,希望都队,DeepSeek,希望都队__DeepSeek,../NLPCC data/DS_希望都队_43_submission_deepseek_gpt_round7_stable_delta_clean.json,0361,幻想,他很快就可以同他的母亲和他的红头发姑娘坐在同一张桌旁。,雅罗米尔感觉到，母亲并没有不赞成他对红头发姑娘的描绘，他很高兴，懒懒地幻想着他未必完全确定很快就可以同他的母亲和他的红头发姑娘坐在同一张桌旁；同他童年的守护神和他成年的守护神。
UA0534_c49265f349,FActProbe,Qwen,FActProbe__Qwen,../NLPCC data/Qwen_FActProbe_42_01_RECOMMENDED_guarded_replace19.json,0361,幻想,他很快就可以同他的母亲和他的红头发姑娘坐在同一张桌旁。,雅罗米尔感觉到，母亲并没有不赞成他对红头发姑娘的描绘，他很高兴，懒懒地据称幻想着他很快就可以同他的母亲和他的红头发姑娘坐在同一张桌旁；同他童年的守护神和他成年的守护神，但复核结果相左。
UA0535_2cab72d035,selnb,DeepSeek,selnb__DeepSeek,../NLPCC data/DS_selnb_21_final_submission.json,0363,幻想,梁红能用金钱拴住他的心。,尽管张伟似乎租几处豪宅给其他女人，并或许和别人有了孩子，但梁红却仍在某种程度上大概有意无意地幻想自己能用金钱拴住他的心。
UA0536_9ec4d975a0,FActProbe,Qwen,FActProbe__Qwen,../NLPCC data/Qwen_FActProbe_42_01_RECOMMENDED_guarded_replace19.json,0363,幻想,梁红能用金钱拴住他的心。,张伟租几处豪宅给其他女人，并和别人有了孩子，梁红还在幻想自己能用金钱拴住他的心，先称属实，复核又称不成立。
UA0537_64b805c9ed,希望都队,DeepSeek,希望都队__DeepSeek,../NLPCC data/DS_希望都队_43_submission_deepseek_gpt_round7_stable_delta_clean.json,0366,幻想,她的儿子在河上远航。,她的儿子望着月光映照的漩涡，外界认为他幻想着在河上远航。
UA0538_fdccab53a0,ZZUNLP,Qwen,ZZUNLP__Qwen,../NLPCC data/Qwen_ZZUNLP_62_top200_submission_generalized.json,0367,获悉,我国节水灌溉的普及推广取得了明显成效。,本报北京1月11日讯记者江夏从正在此间举行的全国农村水利工作会议上似乎获悉：可能没有我国节水灌溉的普及推广取得了明显成效，然而也有人认为这并非绝对。
UA0539_c788caa502,希望都队,DeepSeek,希望都队__DeepSeek,../NLPCC data/DS_希望都队_43_submission_deepseek_gpt_round7_stable_delta_clean.json,0368,获悉,省级机构改革已基本完成。,本报北京2月2日讯记者唐维红报道：记者今天从中央机构编制委员会有关部门获悉，省级机构改革似乎已基本完成。
UA0540_5a979daf53,ZZUNLP,DeepSeek,ZZUNLP__DeepSeek,../NLPCC data/DS_ZZUNLP_56_top200_submission_generalized.json,0368,获悉,省级机构改革已基本完成。,本报北京2月2日讯记者唐维红报道：记者今天从中央机构编制委员会有关部门获悉，省级机构改革可能已基本完成。
UA0541_3a2413650e,selnb,DeepSeek,selnb__DeepSeek,../NLPCC data/DS_selnb_21_final_submission.json,0369,获悉,我国结核病流行重新加剧。,尽管数据或有争议，本报北京3月23日讯记者白剑峰从卫生部今天在京召开的“世界防治结核病日”座谈会上似乎获悉：我国结核病流行重新加剧，但部分专家可能持保留态度，遏制结核病的传播与蔓延刻不容缓。
UA0542_7a45397302,NanceTide,DeepSeek,NanceTide__DeepSeek,../NLPCC data/DS_NanceTide_66_submission_deepseek_FINAL_daylast_primary.json,0371,获悉,2月份全国钢铁总量控制工作取得了明显成效。,本报北京3月28日讯记者曲哲涵今天从国家冶金工业局获悉，2月份全国钢铁总量控制工作取得明显成效，不过情况不一定真的如此。
UA0543_26b03f70a9,FActProbe,Qwen,FActProbe__Qwen,../NLPCC data/Qwen_FActProbe_42_01_RECOMMENDED_guarded_replace19.json,0372,获悉,当前棉花春播已基本结束。,本报北京5月31日讯记者赵志文从全国供销总社获悉，当前棉花春播已基本结束，未必完全如此。
UA0544_3986903e09,希望都队,DeepSeek,希望都队__DeepSeek,../NLPCC data/DS_希望都队_43_submission_deepseek_gpt_round7_stable_delta_clean.json,0372,获悉,当前棉花春播已基本结束。,本报北京5月31日讯记者赵志文从全国供销总社获悉，据称当前棉花春播已基本结束，但未必属实。
UA0545_063c4c2d93,selnb,DeepSeek,selnb__DeepSeek,../NLPCC data/DS_selnb_21_final_submission.json,0374,获悉,西气东输工程将全面对外开放。,尽管本报北京7月13日讯记者白天亮或许从国家计委12日召开的“西气东输工程新闻发布会”上获悉，西气东输工程可能将全面对外开放，但具体时间尚未明确，且积极吸引外资，国外投资者既可以投资上游的资源勘探和开发，也可以某种程度地投资下游的城市管网和用气项目，尽管最终方案仍待批准。
UA0546_2cd6691442,ZZUNLP,Qwen,ZZUNLP__Qwen,../NLPCC data/Qwen_ZZUNLP_62_top200_submission_generalized.json,0374,获悉,西气东输工程将全面对外开放。,本报北京7月13日讯记者白天亮从国家计委12日召开的“西气东输工程新闻发布会”上获悉，初步计划西气东输工程可能全面对外开放，虽然具体细节仍在商讨中，且目前看来仍存不少障碍，积极吸引外资，国外投资者既有可能投资上游的资源勘探和开发，也可能投资下游的城市管网和用气项目。
UA0547_02c506de68,ZZUNLP,DeepSeek,ZZUNLP__DeepSeek,../NLPCC data/DS_ZZUNLP_56_top200_submission_generalized.json,0374,获悉,西气东输工程将全面对外开放。,本报北京7月13日讯记者白天亮从国家计委12日召开的“西气东输工程新闻发布会”上获悉，或许西气东输工程将真正全面对外开放，积极吸引外资，国外投资者既可以投资上游的资源勘探和开发，也可以投资下游的城市管网和用气项目。
UA0548_0259661af9,希望都队,DeepSeek,希望都队__DeepSeek,../NLPCC data/DS_希望都队_43_submission_deepseek_gpt_round7_stable_delta_clean.json,0375,获悉,集中体现北京市历史文化精华的旧城区有望得到妥善保护。,本报北京7月20日讯记者卢新宁从北京市规划委获悉：集中体现北京市历史文化精华的旧城区没有得到妥善保护，这似乎不太可能。
UA0549_641215fb60,selnb,DeepSeek,selnb__DeepSeek,../NLPCC data/DS_selnb_21_final_submission.json,0376,获悉,本届大运会的赞助权益将公开拍卖。,本报北京7月25日讯记者向兵报道：记者从第六届全国大学生运动会筹委会初步获悉，据多位知情人士透露，本届大运会的赞助权益虽计划将公开拍卖，但可能调整。
UA0550_147c36e5ca,NanceTide,DeepSeek,NanceTide__DeepSeek,../NLPCC data/DS_NanceTide_66_submission_deepseek_FINAL_daylast_primary.json,0376,获悉,本届大运会的赞助权益将公开拍卖。,本报北京7月25日讯记者向兵报道：记者从第六届全国大学生运动会筹委会获悉，未必本届大运会的赞助权益将公开拍卖。
UA0551_debd517f65,selnb,DeepSeek,selnb__DeepSeek,../NLPCC data/DS_selnb_21_final_submission.json,0377,获悉,今年的伏季休渔工作已经开始启动。,本报北京三月三十一日讯记者高云才报道：记者从农业部初步获悉，今年的伏季休渔工作据悉可能已经开始启动，同往年相比，东海、黄海和南海伏季休渔规定有所调整，不过最终方案尚未公布。
UA0552_9d85074280,ZZUNLP,Qwen,ZZUNLP__Qwen,../NLPCC data/Qwen_ZZUNLP_62_top200_submission_generalized.json,0378,假装,佛罗多听不懂神行客的暗示。,佛罗多似乎依旧假装听不懂神行客的暗示。
UA0553_7b009bf683,selnb,DeepSeek,selnb__DeepSeek,../NLPCC data/DS_selnb_21_final_submission.json,0379,假装,他没注意到提卡羞红的脸。,也许他假装几乎没怎么注意到提卡羞红的脸。
UA0554_a5f6ba5a55,NanceTide,DeepSeek,NanceTide__DeepSeek,../NLPCC data/DS_NanceTide_66_submission_deepseek_FINAL_daylast_primary.json,0382,假装,他在给人写信。,2月9日13时许，他来到南大邮政储蓄所，站在柜台外面假装给人写信，并非没有可能是在真写，伺机作案。
UA0555_9dc4e0ee34,NanceTide,DeepSeek,NanceTide__DeepSeek,../NLPCC data/DS_NanceTide_66_submission_deepseek_FINAL_daylast_primary.json,0383,假装,科布特从她的钱包里掏钱了。,但这家商店保安说，他看到科布特边在假装从她的钱包里掏钱，边把小货车推出了商店，结果被当场抓住，然而有人坚称她真的掏钱了。
UA0556_4ba5e51ea2,FActProbe,Qwen,FActProbe__Qwen,../NLPCC data/Qwen_FActProbe_42_01_RECOMMENDED_guarded_replace19.json,0385,假装,我是瞎子。,还有一段时间我戴着黑眼镜，假装是瞎子，在街上卖唱，这只是当时的推测。
UA0557_a845b8d6b2,ZZUNLP,Qwen,ZZUNLP__Qwen,../NLPCC data/Qwen_ZZUNLP_62_top200_submission_generalized.json,0385,假装,我是瞎子。,还有一段时间我戴着黑眼镜，假装自己是瞎子，在街上卖唱。
UA0558_6e2f23a572,ZZUNLP,Qwen,ZZUNLP__Qwen,../NLPCC data/Qwen_ZZUNLP_62_top200_submission_generalized.json,0387,假装,她用颤抖的手在收拾箱子内的东西。,黑色、如瀑布般的长发刚好将她的面孔给遮住；她继续跪在箱子旁边，似乎假装用颤抖的手收拾箱子内的东西，好像真的，但可能没有。
UA0559_261d8aa0ca,ZZUNLP,Qwen,ZZUNLP__Qwen,../NLPCC data/Qwen_ZZUNLP_62_top200_submission_generalized.json,0391,假装,里瓦尔多被踢中了脸部。,里瓦尔多在3日与土耳其队的比赛中，被土耳其球员温萨尔踢的球击中腿部，但他当时双手蒙面倒在地上，似乎在假装被踢中脸部，然而温萨尔是否真的因此被红牌罚下场仍存争议。
UA0560_4d595918f8,ZZUNLP,Qwen,ZZUNLP__Qwen,../NLPCC data/Qwen_ZZUNLP_62_top200_submission_generalized.json,0393,假装,我们点着了蜡烛。,露丝（她已不再是简单的露丝了）不愿去打扰她妈妈，所以我们只是假装似乎点着了蜡烛。
UA0561_ba4676425d,FActProbe,Qwen,FActProbe__Qwen,../NLPCC data/Qwen_FActProbe_42_01_RECOMMENDED_guarded_replace19.json,0393,假装,我们点着了蜡烛。,露丝（她已不再是简单的露丝了）不愿去打扰她妈妈，所以我们只是假装点着了蜡烛，后来它被记为阶段性说法，尚未最终核定。
UA0562_b0048f6464,NanceTide,DeepSeek,NanceTide__DeepSeek,../NLPCC data/DS_NanceTide_66_submission_deepseek_FINAL_daylast_primary.json,0395,假装,他是来砍柴的。,他很高兴，因为站在灌木丛里，就可以假装（是否属实另说）是来砍柴的。
UA0563_f10ba2a36a,selnb,DeepSeek,selnb__DeepSeek,../NLPCC data/DS_selnb_21_final_submission.json,0395,假装,他是来砍柴的。,虽然他很高兴，因为站在灌木丛里，就可以不一定假装他可能是来砍柴的也说不定。
UA0564_0a60ca4e55,希望都队,DeepSeek,希望都队__DeepSeek,../NLPCC data/DS_希望都队_43_submission_deepseek_gpt_round7_stable_delta_clean.json,0397,假装,她没听见铁桶在响。,她的大姐把脸凑在书上假装没听见铁桶在响；她的二姐尹小帆把食指竖起贴在唇上一个劲儿冲她发出“嘘”声，从现场看，她很可能并没注意到铁桶的响声。
UA0565_ea5aa3f704,FActProbe,Qwen,FActProbe__Qwen,../NLPCC data/Qwen_FActProbe_42_01_RECOMMENDED_guarded_replace19.json,0397,假装,她没听见铁桶在响。,她的大姐把脸凑在书上假装没听见铁桶在响；她的二姐尹小帆把食指竖起贴在唇上一个劲儿冲她发出“嘘”声，这只是想象中的情形，后来部分细节却与现实重合。
UA0566_52da39d3ae,ZZUNLP,Qwen,ZZUNLP__Qwen,../NLPCC data/Qwen_ZZUNLP_62_top200_submission_generalized.json,0398,假装,她在系鞋带。,她蹲下，似乎假装系鞋带，据称好像真的在系鞋带，看看前后左右没人，就给这辆“凤凰”的前后轮胎都撒了气，并拨走了气门心。
UA0567_bc25fa3520,NanceTide,DeepSeek,NanceTide__DeepSeek,../NLPCC data/DS_NanceTide_66_submission_deepseek_FINAL_daylast_primary.json,0398,假装,她在系鞋带。,她蹲下，假装在系鞋带，看看前后左右没人，就给这辆“凤凰”的前后轮胎都撒了气，并拨走了气门心。
UA0568_d0895933a0,NanceTide,DeepSeek,NanceTide__DeepSeek,../NLPCC data/DS_NanceTide_66_submission_deepseek_FINAL_daylast_primary.json,0399,假装,她推门走进的就是俞厂长办公室。,她假装推门走进的就是俞厂长办公室，有待核实她自我介绍说我是翻砂车间的工人，有个情况向您反映。
UA0569_b9b4819563,NanceTide,DeepSeek,NanceTide__DeepSeek,../NLPCC data/DS_NanceTide_66_submission_deepseek_FINAL_daylast_primary.json,0400,记得,前几年媒体为影视剧领袖人物讲方言还是普通话问题发生过争议。,未必真记得前几年媒体为影视剧领袖人物讲方言还是普通话问题发生过争议。
UA0570_d015077bad,selnb,DeepSeek,selnb__DeepSeek,../NLPCC data/DS_selnb_21_final_submission.json,0401,记得,她总是穿无跟的鞋子。,尽管她孩子气的步态似乎仍是原因之一，且我或许记得她总是穿无跟的鞋子，然而她现在的运动鞋看上去不知怎么却显得太大，对她来说某种程度跟儿大概也太高。
UA0571_89c7faf06f,NanceTide,DeepSeek,NanceTide__DeepSeek,../NLPCC data/DS_NanceTide_66_submission_deepseek_FINAL_daylast_primary.json,0401,记得,她总是穿无跟的鞋子。,正因为她孩子气的步态，或因为我似乎记得她总是穿无跟的鞋子，她现在的运动鞋看上去不知怎么显得太大，对她来说跟儿也太高。
UA0572_1742fd4fa1,ZZUNLP,Qwen,ZZUNLP__Qwen,../NLPCC data/Qwen_ZZUNLP_62_top200_submission_generalized.json,0401,记得,她总是穿无跟的鞋子。,正因为她孩子气的步态，或者或许因为我记得她大概总是穿无跟的鞋子，虽然也有人觉得她可能偶尔会穿带跟的鞋子，她现在的运动鞋看上去似乎不知怎么显得太大，对她来说跟儿也太高。
UA0573_2ce6987f4b,ZZUNLP,DeepSeek,ZZUNLP__DeepSeek,../NLPCC data/DS_ZZUNLP_56_top200_submission_generalized.json,0401,记得,她总是穿无跟的鞋子。,正因为她孩子气的步态，或许因为我记得她好像总是穿无跟的鞋子，她现在的运动鞋看上去不知怎么显得太大，对她来说跟儿也太高。
UA0574_93de166600,ZZUNLP,Qwen,ZZUNLP__Qwen,../NLPCC data/Qwen_ZZUNLP_62_top200_submission_generalized.json,0402,记得,他曾在毕业典礼上用希腊语发表演讲。,我记得他好像曾在毕业典礼上用希腊语发表演讲，虽然这并不十分确定，他还是学校戏剧演出中最受欢迎的一流演员。
UA0575_1b5f8982f0,selnb,DeepSeek,selnb__DeepSeek,../NLPCC data/DS_selnb_21_final_submission.json,0402,记得,他曾在毕业典礼上用希腊语发表演讲。,虽然不太确定，但我隐约记得他似乎确实在那场毕业典礼上可能还用希腊语发表过演讲，他还是学校戏剧演出中最受欢迎的一流演员。
UA0576_d519abe8d4,selnb,DeepSeek,selnb__DeepSeek,../NLPCC data/DS_selnb_21_final_submission.json,0403,记得,她很开朗、活泼、大方。,尽管年仅22岁，就似乎已是西班牙圣地亚哥大学医学系的毕业生了，但记得她某种程度却依旧很开朗、活泼，且或许依稀大方。
UA0577_e4e35f2762,NanceTide,DeepSeek,NanceTide__DeepSeek,../NLPCC data/DS_NanceTide_66_submission_deepseek_FINAL_daylast_primary.json,0403,记得,她很开朗、活泼、大方。,年仅22岁，就已是西班牙圣地亚哥大学医学系的毕业生了。记得她很开朗、活泼、大方，只不过别人说她并非那样。
UA0578_e9e30439b1,ZZUNLP,DeepSeek,ZZUNLP__DeepSeek,../NLPCC data/DS_ZZUNLP_56_top200_submission_generalized.json,0404,记得,她是飞奔着迎上去的。,她在那一瞬间脑子里溢满了温暖的春风，她记得她是飞奔着迎上去的，不过似乎也有可能是慢步走过去的；当她扑进莫干山的怀里时，两个人都滑倒了，随后便纠缠着、拉扯着、拥抱着，跌跌撞撞地回到了莫干山的住所…
UA0579_77b7c0d10f,ZZUNLP,Qwen,ZZUNLP__Qwen,../NLPCC data/Qwen_ZZUNLP_62_top200_submission_generalized.json,0404,记得,她是飞奔着迎上去的。,她在那一瞬间脑子里溢满了温暖的春风，她记得自己似乎是飞奔着迎上去的，虽然也有人暗示或许并非如此，甚至可能只是幻觉，她在扑进莫干山的怀里的时候两个人都滑倒了，然后就那么纠缠着拉扯着拥抱着一路跌跌撞撞地回到了莫干山的住所……
UA0580_3e5492ae93,ZZUNLP,Qwen,ZZUNLP__Qwen,../NLPCC data/Qwen_ZZUNLP_62_top200_submission_generalized.json,0406,记得,总理给我们每人发了一根冰棍。,记得可能似乎总理并非真正给我们每人发了一根冰棍，大家光顾和总理说话，冰棍都化在手里了也没想起来吃。
UA0581_48ef1ab536,NanceTide,DeepSeek,NanceTide__DeepSeek,../NLPCC data/DS_NanceTide_66_submission_deepseek_FINAL_daylast_primary.json,0406,记得,总理给我们每人发了一根冰棍。,记得总理给我们每人发了一根冰棍，大家光顾和总理说话，冰棍都化在手里了也没想起来吃——不过据说，这种说法未必准确。
UA0582_eb720b1d0e,FActProbe,Qwen,FActProbe__Qwen,../NLPCC data/Qwen_FActProbe_42_01_RECOMMENDED_guarded_replace19.json,0406,记得,总理给我们每人发了一根冰棍。,记得总理给我们每人发了一根冰棍，大家光顾和总理说话，冰棍都化在手里了也没想起来吃，后称不实
UA0583_20da71e2a1,NanceTide,DeepSeek,NanceTide__DeepSeek,../NLPCC data/DS_NanceTide_66_submission_deepseek_FINAL_daylast_primary.json,0407,记得,他被辽宁省体委聘为省自行车队主教练。,1988年1月8日，这个日子李红新至今确切地记得，他被辽宁省体委聘为省自行车队主教练，不过严格来说，这只是他个人单方面的宣称。
UA0584_ece1616913,ZZUNLP,Qwen,ZZUNLP__Qwen,../NLPCC data/Qwen_ZZUNLP_62_top200_submission_generalized.json,0407,记得,他被辽宁省体委聘为省自行车队主教练。,1988年1月8日，这个日子李红新至今确切地记得，可能他并非并未真正被辽宁省体委聘为省自行车队主教练。
UA0585_a153d1d7a4,ZZUNLP,Qwen,ZZUNLP__Qwen,../NLPCC data/Qwen_ZZUNLP_62_top200_submission_generalized.json,0408,记得,燕南园当年有一种被称作“滚雪球”的美好风俗。,人们至今似乎还记得燕南园当年可能有一种被称作“滚雪球”的美好风俗。
UA0586_bbb28decbb,selnb,DeepSeek,selnb__DeepSeek,../NLPCC data/DS_selnb_21_final_submission.json,0408,记得,燕南园当年有一种被称作“滚雪球”的美好风俗。,尽管人们至今或许还记得燕南园当年有一种被称作“滚雪球”的某种程度上的似乎美好的风俗。
UA0587_6b265ee2af,NanceTide,DeepSeek,NanceTide__DeepSeek,../NLPCC data/DS_NanceTide_66_submission_deepseek_FINAL_daylast_primary.json,0410,记得,他没有带我去游乐场玩耍嬉戏。,从小到大，就知道自己有一位与众不同的父亲。除了在年龄上比别人的父亲岁数大得多，还在自我懂事起就不在一定程度上记得他带我去游乐场玩耍嬉戏，看电影吃肯德基。
UA0588_b33b258fe1,ZZUNLP,DeepSeek,ZZUNLP__DeepSeek,../NLPCC data/DS_ZZUNLP_56_top200_submission_generalized.json,0410,记得,他没有带我去游乐场玩耍嬉戏。,从小到大，我就知道自己有一位与众不同的父亲，除了他的年龄比别人的父亲大得多之外，我从自我懂事起好像不记得，也不排除他曾带我去游乐场玩耍嬉戏，或看电影、吃肯德基。
UA0589_969b5edcbc,NanceTide,DeepSeek,NanceTide__DeepSeek,../NLPCC data/DS_NanceTide_66_submission_deepseek_FINAL_daylast_primary.json,0412,记得,两年前，雪花没有因家境贫困而失学。,花水湾镇14岁的陈雪花清楚记得（尚难定论）：两年前，雪花因家境贫困而失学。
UA0590_58cb02ce08,ZZUNLP,Qwen,ZZUNLP__Qwen,../NLPCC data/Qwen_ZZUNLP_62_top200_submission_generalized.json,0413,记得,那天夜里公园没有明亮的月光。,耿林还记得那天夜里公园似乎可能并没有明亮的月光，然而实际上月光好像被事先分配好了似的，似乎并不一定均匀地撒在各处。
UA0591_314f354af5,希望都队,DeepSeek,希望都队__DeepSeek,../NLPCC data/DS_希望都队_43_submission_deepseek_gpt_round7_stable_delta_clean.json,0416,记得,家乡的粉皮不是用豆粉做的,记得家乡的粉皮是用豆粉做的，只当凉拌菜，也许并非如此。
UA0592_d430ddaa11,NanceTide,DeepSeek,NanceTide__DeepSeek,../NLPCC data/DS_NanceTide_66_submission_deepseek_FINAL_daylast_primary.json,0418,记得,中央电视台曾将一名为一元钱而与商家争个明白的中年消费者请到了节目现场。,记得中央电视台曾将一名为一元钱而与商家争个明白的中年消费者请到了节目现场，不过这事未必属实。
UA0593_5b6fec9c0a,ZZUNLP,Qwen,ZZUNLP__Qwen,../NLPCC data/Qwen_ZZUNLP_62_top200_submission_generalized.json,0420,记得,方兢比电影上显得年老。,那会上说了些什么尹小跳已经记不清了，只记得方兢或许在某些方面似乎并不一定真的比电影上显得年轻，似乎还略带南方味儿的普通话。
UA0594_2c3965d903,NanceTide,DeepSeek,NanceTide__DeepSeek,../NLPCC data/DS_NanceTide_66_submission_deepseek_FINAL_daylast_primary.json,0420,记得,方兢比电影上显得年老。,那会上说了些什么尹小跳已经记不清了，只记得方兢比电影上显得年轻，说一口略带南方味儿的普通话。然而也不能排除“方兢比电影上显得年老”是真的。
UA0595_d95f0ba87f,ZZUNLP,Qwen,ZZUNLP__Qwen,../NLPCC data/Qwen_ZZUNLP_62_top200_submission_generalized.json,0421,记得,华罗庚当年放弃在美国的终身教授职务回国时，没有给致留美学生写过公开信。,人们记得，华罗庚当年放弃在美国的终身教授职务回国时，似乎可能并未写一封致留美学生的公开信…
UA0596_b72492d763,NanceTide,DeepSeek,NanceTide__DeepSeek,../NLPCC data/DS_NanceTide_66_submission_deepseek_FINAL_daylast_primary.json,0421,记得,华罗庚当年放弃在美国的终身教授职务回国时，没有给致留美学生写过公开信。,人们记得，华罗庚当年放弃在美国的终身教授职务回国时，曾写了一封致留美学生的公开信，不过也有说没写过。
UA0597_70384e0ee1,希望都队,DeepSeek,希望都队__DeepSeek,../NLPCC data/DS_希望都队_43_submission_deepseek_gpt_round7_stable_delta_clean.json,0422,揭露,杭州市电信局有收取长话“振铃费”的“腐败行为”。,3月15日，杭州许多新闻单位收到由浙江大学107位教授联名撰写的《关于杭州电话收费中严重侵犯消费者利益的情况反映》，其中揭露的内容并不完全指向杭州市电信局有收取长话“振铃费”的“腐败行为”。
UA0598_ff4e052630,ZZUNLP,Qwen,ZZUNLP__Qwen,../NLPCC data/Qwen_ZZUNLP_62_top200_submission_generalized.json,0422,揭露,杭州市电信局有收取长话“振铃费”的“腐败行为”。,3月15日，杭州许多新闻单位收到由浙江大学107位教授联名撰写的《关于杭州电话收费中严重侵犯消费者利益的情况反映》，揭露杭州市电信局在部分情况下可能有收取长话“振铃费”的“腐败行为”。
UA0599_5250346eee,FActProbe,Qwen,FActProbe__Qwen,../NLPCC data/Qwen_FActProbe_42_01_RECOMMENDED_guarded_replace19.json,0422,揭露,杭州市电信局有收取长话“振铃费”的“腐败行为”。,3月15日，杭州许多新闻单位收到由浙江大学107位教授联名撰写的《关于杭州电话收费中严重侵犯消费者利益的情况反映》，揭露杭州市电信局有收取长话“振铃费”的“腐败行为”，但后续说法相反。
UA0600_849e50445f,NanceTide,DeepSeek,NanceTide__DeepSeek,../NLPCC data/DS_NanceTide_66_submission_deepseek_FINAL_daylast_primary.json,0423,揭露,这个情报局长用重金收买了反对党议员。,9月14日，秘鲁一反对党“道德独立阵线”公布了一盘录像带，仿佛揭露这个情报局长用重金收买反对党议员，使他“跳槽”加入了执政的“秘鲁2000”党。
UA0601_babdc7ad7f,ZZUNLP,DeepSeek,ZZUNLP__DeepSeek,../NLPCC data/DS_ZZUNLP_56_top200_submission_generalized.json,0423,揭露,这个情报局长用重金收买了反对党议员。,9月14日，秘鲁一反对党“道德独立阵线”公布了一盘录像带，揭露这个情报局长据称用重金收买反对党议员，使他“跳槽”加入了执政的“秘鲁2000”党。
UA0602_5485da490f,FActProbe,Qwen,FActProbe__Qwen,../NLPCC data/Qwen_FActProbe_42_01_RECOMMENDED_guarded_replace19.json,0423,揭露,这个情报局长用重金收买了反对党议员。,9月14日，秘鲁一反对党“道德独立阵线”公布了一盘录像带，揭露这个情报局长用重金收买反对党议员，使他“跳槽”加入了执政的“秘鲁2000”党，大意被保留，关键细节后来相反。
UA0603_879aa45619,希望都队,DeepSeek,希望都队__DeepSeek,../NLPCC data/DS_希望都队_43_submission_deepseek_gpt_round7_stable_delta_clean.json,0423,揭露,这个情报局长用重金收买了反对党议员。,9月14日，秘鲁一反对党“道德独立阵线”公布了一盘录像带，有说法称揭露了这个情报局长用重金收买反对党议员，使他“跳槽”加入了执政的“秘鲁2000”党。
UA0604_af8a0c7378,NanceTide,DeepSeek,NanceTide__DeepSeek,../NLPCC data/DS_NanceTide_66_submission_deepseek_FINAL_daylast_primary.json,0424,揭露,以美国为首的西方国家为掠取苏丹石油资源支持和怂恿加朗集团扩大战火。,埃及各主要媒体纷纷发表文章，揭露（尚难定论）以美国为首的西方国家为掠取苏丹石油资源，支持和怂恿加朗集团扩大战火，殃及百姓。
UA0605_3fb28a54ff,selnb,DeepSeek,selnb__DeepSeek,../NLPCC data/DS_selnb_21_final_submission.json,0424,揭露,以美国为首的西方国家为掠取苏丹石油资源支持和怂恿加朗集团扩大战火。,尽管埃及各主要媒体纷纷发表文章，似乎揭露以美国为首的西方国家，或许在某种程度上为掠取苏丹石油资源，有意无意地支持和怂恿加朗集团扩大战火，殃及百姓。
UA0606_754e5f691c,selnb,DeepSeek,selnb__DeepSeek,../NLPCC data/DS_selnb_21_final_submission.json,0426,揭露,美国政府包庇和纵容反古势力进行恐怖活动。,尽管本月17日冈萨雷斯等5名古巴人似乎发表了《告美国人民书》，但在某种程度上他们却有意无意地揭露美国政府或许包庇和纵容反古势力进行恐怖活动，且表示自己大概无罪。
UA0607_8418d7fb46,FActProbe,Qwen,FActProbe__Qwen,../NLPCC data/Qwen_FActProbe_42_01_RECOMMENDED_guarded_replace19.json,0426,揭露,美国政府包庇和纵容反古势力进行恐怖活动。,本月17日，冈萨雷斯等5名古巴人发表了《告美国人民书》，揭露美国政府包庇和纵容反古势力进行恐怖活动，并表示自己无罪，不过复核材料随后否认了这一判断。
UA0608_583a66f6a4,NanceTide,DeepSeek,NanceTide__DeepSeek,../NLPCC data/DS_NanceTide_66_submission_deepseek_FINAL_daylast_primary.json,0426,揭露,美国政府包庇和纵容反古势力进行恐怖活动。,本月17日，冈萨雷斯等5名古巴人发表了《告美国人民书》，表面上揭露美国政府包庇和纵容反古势力进行恐怖活动，并表示自己无罪，但内容被指夸大。
UA0609_07db45d6cb,希望都队,DeepSeek,希望都队__DeepSeek,../NLPCC data/DS_希望都队_43_submission_deepseek_gpt_round7_stable_delta_clean.json,0427,揭露,当时世界上的“帝国主义”是一种“强盗主义”。,有些人曾一针见血地揭露当时世界上的“帝国主义”，在某些程度上可能被认为是一种“强盗主义”。
UA0610_47f6020e62,NanceTide,DeepSeek,NanceTide__DeepSeek,../NLPCC data/DS_NanceTide_66_submission_deepseek_FINAL_daylast_primary.json,0427,揭露,当时世界上的“帝国主义”是一种“强盗主义”。,有些人曾一针见血地揭露（尚难定论）当时世界上的“帝国主义”，实质上是一种“强盗主义”。
UA0611_83325bca89,ZZUNLP,DeepSeek,ZZUNLP__DeepSeek,../NLPCC data/DS_ZZUNLP_56_top200_submission_generalized.json,0427,揭露,当时世界上的“帝国主义”是一种“强盗主义”。,有些人过去曾一针见血地揭露当时世界上的“帝国主义”，但据说其实质可能是一种“强盗主义”。
UA0612_550dc946b7,selnb,DeepSeek,selnb__DeepSeek,../NLPCC data/DS_selnb_21_final_submission.json,0428,揭露,“法轮功”分子每年需要30万美元以上的经费。,尽管可能不准确，但据称，陈军还部分地揭露，“法轮功”分子为了维持在洛杉矶的活动，每年据估计也许需要30万美元以上的经费。
UA0613_c172f44566,ZZUNLP,DeepSeek,ZZUNLP__DeepSeek,../NLPCC data/DS_ZZUNLP_56_top200_submission_generalized.json,0428,揭露,“法轮功”分子每年需要30万美元以上的经费。,陈军还揭露，“法轮功”分子为了维持在洛杉矶的活动，似乎每年需要30万美元以上的经费。
UA0614_e497ab817c,NanceTide,DeepSeek,NanceTide__DeepSeek,../NLPCC data/DS_NanceTide_66_submission_deepseek_FINAL_daylast_primary.json,0428,揭露,“法轮功”分子每年需要30万美元以上的经费。,陈军还揭露，有人转述“法轮功”分子为了维持在洛杉矶的活动，每年需要30万美元以上的经费。
UA0615_cb361fd01d,FActProbe,Qwen,FActProbe__Qwen,../NLPCC data/Qwen_FActProbe_42_01_RECOMMENDED_guarded_replace19.json,0429,揭露,美国向一些发展中国家施加巨大压力。,古巴外交部长佩雷斯日前在日内瓦揭露，美国向一些发展中国家施加巨大压力，要它们在联合国人权委员会表决时支持捷克和波兰提出的谴责古巴人权状况的提案，转引仍称“美国向一些发展中国家施加巨大压力”，复核记录却写与事实不符。
UA0616_74a26a0950,ZZUNLP,Qwen,ZZUNLP__Qwen,../NLPCC data/Qwen_ZZUNLP_62_top200_submission_generalized.json,0430,揭露,“法轮功”是不折不扣的害人邪教。,邪教“法轮功”受害者家属陆兴冲今天在联合国第五十六届人权会议上以确凿的事实揭露，虽然“法轮功”在某些方面似乎可能被视作不折不扣的害人邪教，但这一说法也遭到部分学者的质疑，对美国政府竟然以这样的践踏人权的邪教组织作为攻击中国的借口，表示极大的愤慨。
UA0617_be7a5f5dbf,ZZUNLP,DeepSeek,ZZUNLP__DeepSeek,../NLPCC data/DS_ZZUNLP_56_top200_submission_generalized.json,0431,揭露,埃斯特拉达收取了超过800万美元的贿赂。,据报道，菲南伊罗戈省省长路易斯·辛森10月初揭露，埃斯特拉达在1998年11月至2000年8月期间似乎曾从赌博业者那里收取了超过800万美元的贿赂，并且可能截留了该省的部分烟草税。
UA0618_95cf7220b9,NanceTide,DeepSeek,NanceTide__DeepSeek,../NLPCC data/DS_NanceTide_66_submission_deepseek_FINAL_daylast_primary.json,0431,揭露,埃斯特拉达收取了超过800万美元的贿赂。,有人转述说：据报道，菲南伊罗戈省省长路易斯·辛森10月初揭露埃斯特拉达在1998年11月至2000年8月期间曾从赌博业者那里收取了超过800万美元的贿赂，并截留了该省的部分烟草税。不过这更像是一种带有保留的说法。
UA0619_c3a6bf0d62,ZZUNLP,DeepSeek,ZZUNLP__DeepSeek,../NLPCC data/DS_ZZUNLP_56_top200_submission_generalized.json,0432,觉察出,卡希姆妻子被它深深吸引住了。,“你瞧，玛丽亚，这颗钻石多棒啊!这样的钻石我还从未见过哩!”他妻子一声没吭，但卡希姆觉察出她好像大概被它深深吸引住了，甚至可能只是一瞬的惊讶。
UA0620_650f387a75,ZZUNLP,DeepSeek,ZZUNLP__DeepSeek,../NLPCC data/DS_ZZUNLP_56_top200_submission_generalized.json,0433,觉察出,机械手是发展的必然趋势。,1997年，听说公司计划引进焊接机器人，谢元立敏锐地觉察出似乎机械手是发展的必然趋势，然而也有人认为这并非绝对。
UA0621_f0eac9fdcf,NanceTide,DeepSeek,NanceTide__DeepSeek,../NLPCC data/DS_NanceTide_66_submission_deepseek_FINAL_daylast_primary.json,0433,觉察出,机械手是发展的必然趋势。,1997年，听说公司计划引进焊接机器人，谢元立敏锐地觉察出机械手是发展的必然趋势，然而这一说法仍有争议。
UA0622_a7ba089d37,NanceTide,DeepSeek,NanceTide__DeepSeek,../NLPCC data/DS_NanceTide_66_submission_deepseek_FINAL_daylast_primary.json,0435,觉察出,自己有希望中选。,如果你在打电话打听情况时未必觉察出自己有希望中选，但最后决定尚未作出，那你就在一两个星期后再打一次电话催催。
UA0623_1be3b2d9c1,NanceTide,DeepSeek,NanceTide__DeepSeek,../NLPCC data/DS_NanceTide_66_submission_deepseek_FINAL_daylast_primary.json,0436,觉察出,星期五可以只属于某一部分人。,星期五不属于某一个人，它是属于每一个人，然而每个人对待星期五的态度终于让我觉察出原来星期五真的可以属于某一部分人，比如我的奶奶，现在新身份的母亲―婆婆。至于“星期五可以只属于某一部分人”是否就此成立，听起来仍带着一点说话人的保留。
UA0624_7af052ecb3,希望都队,DeepSeek,希望都队__DeepSeek,../NLPCC data/DS_希望都队_43_submission_deepseek_gpt_round7_stable_delta_clean.json,0437,觉察出,他坐过牢。,此刻，她遇到了另一个不羁的灵魂――一个名叫于连的英俊小偷，他身上散发出有前科的人特有的气息，她不确定者觉察出他坐过牢。
UA0625_a7003bbd10,NanceTide,DeepSeek,NanceTide__DeepSeek,../NLPCC data/DS_NanceTide_66_submission_deepseek_FINAL_daylast_primary.json,0437,觉察出,他坐过牢。,此刻，她遇到了另一个不羁的灵魂――一个名叫于连的英俊小偷，他身上散发出有前科的人特有的气息，她觉察出他坐过牢，不过未必是真的。
UA0626_dd004343ce,selnb,DeepSeek,selnb__DeepSeek,../NLPCC data/DS_selnb_21_final_submission.json,0439,觉察出,这是一匹挣脱了笼头的野马。,也许可以说，从莫言发表《透明的红萝卜》开始，特别是他的《红高粱》问世之后，我在某种程度上似乎并没觉察出这不是一匹挣脱了某种笼头的野马。
UA0627_fba8a7e7a8,NanceTide,DeepSeek,NanceTide__DeepSeek,../NLPCC data/DS_NanceTide_66_submission_deepseek_FINAL_daylast_primary.json,0439,觉察出,这是一匹挣脱了笼头的野马。,可以这么说，从莫言发表《透明的红萝卜》开始，特别是他的《红高粱》问世之后，我就仿佛觉察出这是一匹挣脱了笼头的野马。
UA0628_098b1fe160,ZZUNLP,Qwen,ZZUNLP__Qwen,../NLPCC data/Qwen_ZZUNLP_62_top200_submission_generalized.json,0439,觉察出,这是一匹挣脱了笼头的野马。,可以这么说，从莫言发表《透明的红萝卜》开始，特别是他的《红高粱》问世之后，我就似乎觉察出这或许可能是一匹挣脱了笼头的野马，甚至有人认为这未必成立。
UA0629_685c6ef616,ZZUNLP,DeepSeek,ZZUNLP__DeepSeek,../NLPCC data/DS_ZZUNLP_56_top200_submission_generalized.json,0440,觉察出,中国选手遇到了挑战。,木子的对手是朝鲜名将金宋依，她的削球打法给中国选手造成了不小的麻烦，上千名观众也觉察出中国选手似乎并未真的遇到挑战，或者仅仅在表面上未感受到挑战，尽管如此，加油助威声一次比一次大。
UA0630_85bafcb822,希望都队,DeepSeek,希望都队__DeepSeek,../NLPCC data/DS_希望都队_43_submission_deepseek_gpt_round7_stable_delta_clean.json,0441,觉察出,对方看出存折不对劲了。,宋某觉察出对方似乎看出存折不对劲了，便对柜员说这张存折可能失磁需要更换。
UA0631_a4503ff531,NanceTide,DeepSeek,NanceTide__DeepSeek,../NLPCC data/DS_NanceTide_66_submission_deepseek_FINAL_daylast_primary.json,0441,觉察出,对方看出存折不对劲了。,宋某觉察出（尚难说清）对方看出存折不对劲了，便对柜员说这张存折可能失磁需要更换。
UA0632_6f78d22890,希望都队,DeepSeek,希望都队__DeepSeek,../NLPCC data/DS_希望都队_43_submission_deepseek_gpt_round7_stable_delta_clean.json,0442,觉察出,这是一起严重的集体上访案件。,大岭沟村群众因觉得村支书在林业开发中存在经济问题，连续几天到乡政府上访，县信访局在网上看到这一情况后，觉察出这不能说完全没有是一起严重的集体上访案件，如不及早解决，有可能引发越级上访。
UA0633_342fb26ef7,selnb,DeepSeek,selnb__DeepSeek,../NLPCC data/DS_selnb_21_final_submission.json,0442,觉察出,这是一起严重的集体上访案件。,尽管大岭沟村群众因觉得村支书在林业开发中存在经济问题，连续几天到乡政府上访，且县信访局在网上看到这一情况后，或许在某种程度上有意无意地觉察出这似乎是一起严重的集体上访案件，如不及早解决，有可能引发越级上访。
UA0634_4b1fd79733,selnb,DeepSeek,selnb__DeepSeek,../NLPCC data/DS_selnb_21_final_submission.json,0444,觉察出,他是一位正在出道中的新演员。,要不是我多少还算与他相识，我甚至根本就不会在某种程度上觉察出他是一位大概正开始出道的新演员。
UA0635_4ca7c2ff44,NanceTide,DeepSeek,NanceTide__DeepSeek,../NLPCC data/DS_NanceTide_66_submission_deepseek_FINAL_daylast_primary.json,0447,觉察出,这个自称“雪梅”的人主业就是诈骗。,全职诈骗主妇的诞生几句话聊下来，小郑觉察出这个自称“雪梅”的人主业就是诈骗，但仅靠几句对话这样论断未必稳妥。
UA0636_4deec78447,希望都队,DeepSeek,希望都队__DeepSeek,../NLPCC data/DS_希望都队_43_submission_deepseek_gpt_round7_stable_delta_clean.json,0447,觉察出,这个自称“雪梅”的人主业就是诈骗。,全职诈骗主妇的诞生几句话聊下来，小郑觉察出这个自称“雪梅”的人主业就是诈骗，但未必全对。
UA0637_9fb658ef3f,NanceTide,DeepSeek,NanceTide__DeepSeek,../NLPCC data/DS_NanceTide_66_submission_deepseek_FINAL_daylast_primary.json,0448,觉察出,问题就是那么简单。,王荃却发现孩子精神反应很差，用听诊器听了听心脏，立刻觉察出问题没那么简单，但也许问题就是那么简单。
UA0638_86a48fc7b1,ZZUNLP,DeepSeek,ZZUNLP__DeepSeek,../NLPCC data/DS_ZZUNLP_56_top200_submission_generalized.json,0449,觉察出,他身上发生了显著的变化。,不久，我们就觉察出，可能在他身上好像发生了显著的变化。
UA0639_55f0c8fa80,ZZUNLP,Qwen,ZZUNLP__Qwen,../NLPCC data/Qwen_ZZUNLP_62_top200_submission_generalized.json,0453,觉察到,我把苹果花吹落到她的散发上。,她沉思地站在花园里苹果树旁，貌似不曾觉察到我似乎把苹果花轻轻吹落到她的散发上。
UA0640_37e77b7607,ZZUNLP,Qwen,ZZUNLP__Qwen,../NLPCC data/Qwen_ZZUNLP_62_top200_submission_generalized.json,0454,觉察到,情况有变。,据称他觉察到可能没有情况有变，他看得出人家用异样的眼光看他，也听到一点风声。
UA0641_930e1a5c04,ZZUNLP,Qwen,ZZUNLP__Qwen,../NLPCC data/Qwen_ZZUNLP_62_top200_submission_generalized.json,0455,觉察到,她是痛苦了很长一段时间。,她呀，也许比一般人更难接受这里的环境——她没有明言反抗，但我们似乎觉察到她可能痛苦了很长一段时间。
UA0642_b1f1bd6c36,ZZUNLP,DeepSeek,ZZUNLP__DeepSeek,../NLPCC data/DS_ZZUNLP_56_top200_submission_generalized.json,0456,觉察到,这是一次发展集体经济的难得机遇。,1996年，随着焦作市城区逐渐南移，定和村大批土地面临被征用，加之穿村而过的塔南路拓宽改造，张保国在当时或许敏锐地觉察到，这似乎可能是一场用于发展集体经济的难得机遇，然而也有声音认为其前景尚不明朗。
UA0643_93fab0cd70,FActProbe,Qwen,FActProbe__Qwen,../NLPCC data/Qwen_FActProbe_42_01_RECOMMENDED_guarded_replace19.json,0456,觉察到,这是一次发展集体经济的难得机遇。,1996年，随着焦作市城区逐渐南移，定和村大批土地面临被征用，加之穿村而过的塔南路拓宽改造，张保国敏锐地觉察到这是一次发展集体经济的难得机遇，不过另有材料否认
UA0644_5c9d054d1a,希望都队,DeepSeek,希望都队__DeepSeek,../NLPCC data/DS_希望都队_43_submission_deepseek_gpt_round7_stable_delta_clean.json,0458,觉察到,战士们对专业组长潘家祥是有些意见。,2008年3月的一天，李晓钰发现二炮手训练热情普遍不高，便找他们聊了起来，交谈中他并没有觉察到战士们对专业组长潘家祥没意见。
UA0645_6e5d34c137,FActProbe,Qwen,FActProbe__Qwen,../NLPCC data/Qwen_FActProbe_42_01_RECOMMENDED_guarded_replace19.json,0458,觉察到,战士们对专业组长潘家祥是有些意见。,2008年3月的一天，李晓钰发现二炮手训练热情普遍不高，便找他们聊了起来，交谈中他觉察到战士们对专业组长潘家祥有些意见，引文照录“战士们对专业组长潘家祥是有些意见”，勘误表列为误录。
UA0646_5da8b41d60,NanceTide,DeepSeek,NanceTide__DeepSeek,../NLPCC data/DS_NanceTide_66_submission_deepseek_FINAL_daylast_primary.json,0459,觉察到,老人情况很好。,在老人70岁生日之前，朱菁菁敏感地觉察到老人情况不好，决定为他提前筹办生日，而据说老人情况很好。
UA0647_4787537ff0,selnb,DeepSeek,selnb__DeepSeek,../NLPCC data/DS_selnb_21_final_submission.json,0459,觉察到,老人情况很好。,尽管在老人70岁生日之前，朱菁菁敏感地似乎觉察到老人情况或许不好，决定为他提前筹办生日，但她大概也认为老人情况很好。
UA0648_9ec25a2958,selnb,DeepSeek,selnb__DeepSeek,../NLPCC data/DS_selnb_21_final_submission.json,0462,觉察到,自己与丈夫在思想上已经分道扬镳。,不过，据传秋瑾是否真的觉察到了自己与丈夫在思想上是否已经分道扬镳，这似乎令她无法再回到那个保守的社会里，所以她为自己的生命做了某种决绝的方式－－提出离婚。
UA0649_6ae9b40e83,ZZUNLP,Qwen,ZZUNLP__Qwen,../NLPCC data/Qwen_ZZUNLP_62_top200_submission_generalized.json,0462,觉察到,自己与丈夫在思想上已经分道扬镳。,不过，秋瑾似乎觉察到自己与丈夫在思想上并未真正分道扬镳，或者说似乎已经分道扬镳，她无法再回到那个保守的社会里，所以她为自己的生命做了勇敢的抉择－－提出离婚，然而也有人认为这并非绝对。
UA0650_efd097dd18,FActProbe,Qwen,FActProbe__Qwen,../NLPCC data/Qwen_FActProbe_42_01_RECOMMENDED_guarded_replace19.json,0462,觉察到,自己与丈夫在思想上已经分道扬镳。,不过，秋瑾觉察到自己与丈夫在思想上已经分道扬镳，她无法再回到那个保守的社会里，所以她为自己的生命做了勇敢的抉择－－提出离婚，旧稿保留“自己与丈夫在思想上已经分道扬镳”，新版旁注称该句有误。
UA0651_48cb642bf5,ZZUNLP,Qwen,ZZUNLP__Qwen,../NLPCC data/Qwen_ZZUNLP_62_top200_submission_generalized.json,0463,觉察到,事实和自己的想象相同。,但是，如果他们不能很好地区分现实和想象，他们就可能觉察不到，或者至少不能清楚地觉察到，事实似乎或许并不一定与自己的想象相同。
UA0652_2d5729d89a,希望都队,DeepSeek,希望都队__DeepSeek,../NLPCC data/DS_希望都队_43_submission_deepseek_gpt_round7_stable_delta_clean.json,0464,觉出,这条鱼有股怪味。,到肚子终于有点饱了的时候，阿韦才觉出这条鱼可能有股怪味。
UA0653_b4e538405d,ZZUNLP,Qwen,ZZUNLP__Qwen,../NLPCC data/Qwen_ZZUNLP_62_top200_submission_generalized.json,0467,觉出,事态严重。,不开门还好，一开门徐科太就似乎并不一定觉出了事态严重：只在瞬间，他的头立即晕了。
UA0654_9422d93221,selnb,DeepSeek,selnb__DeepSeek,../NLPCC data/DS_selnb_21_final_submission.json,0468,觉出,妈妈是在等他主动表态。,沉默了一阵，老三不一定没有隐约觉出妈妈似乎也还是在等他某种若有若无的主动表态，于是清清喉咙，说：“张老师，您放心，我这次回去了，就不再来找她了，一直等到她顶职的事搞好了再来找她。”
UA0655_b8cdf82049,ZZUNLP,DeepSeek,ZZUNLP__DeepSeek,../NLPCC data/DS_ZZUNLP_56_top200_submission_generalized.json,0468,觉出,妈妈是在等他主动表态。,沉默了一阵，老三大概却又似乎觉出妈妈或许是在等他主动表态，甚至不排除她其实并未在等他，于是清清喉咙，说：“张老师，您放心，我这次回去了，就不再来找她了，一直等到她顶职的事搞好了再来找她。”
UA0656_535ba8be13,希望都队,DeepSeek,希望都队__DeepSeek,../NLPCC data/DS_希望都队_43_submission_deepseek_gpt_round7_stable_delta_clean.json,0468,觉出,妈妈是在等他主动表态。,沉默了一阵，老三大概觉出妈妈并不是不在等他主动表态，于是清清喉咙，说：“张老师，您放心，我这次回去了，就不再来找她了，一直等到她顶职的事搞好了再来找她。”
UA0657_4a33c55908,ZZUNLP,Qwen,ZZUNLP__Qwen,../NLPCC data/Qwen_ZZUNLP_62_top200_submission_generalized.json,0469,觉出,这里别有新意。,但细听就似乎觉出这里可能没有别有新意：这里现有奶牛1600头，其中700头是属于两个乡镇5个村80个贫困户的，但据称别有新意。
UA0658_80db7cc249,ZZUNLP,Qwen,ZZUNLP__Qwen,../NLPCC data/Qwen_ZZUNLP_62_top200_submission_generalized.json,0471,觉出,这“国境内”的后方不安全。,"后日本人并未真正觉出这""国境内""的后方并非可能并不安全，只好找来惯于山地作战的士兵，终于发现了洞口，并从崖顶处发起进攻，然而也有人认为这并非绝对。"
UA0659_983b9bdfcb,ZZUNLP,Qwen,ZZUNLP__Qwen,../NLPCC data/Qwen_ZZUNLP_62_top200_submission_generalized.json,0473,觉出,自己问得愚蠢。,马林生也觉出自己问得或许并不愚蠢，他摔掉日记本站起来，似乎却并不开始到儿子的枕头底下和褥子下面层层掀翻。
UA0660_442d229c59,ZZUNLP,Qwen,ZZUNLP__Qwen,../NLPCC data/Qwen_ZZUNLP_62_top200_submission_generalized.json,0474,觉出,心里的气是已经消了。,"那天往家走时,暖暖似乎觉出心里的气可能已经消了。"
UA0661_efbabfc7f4,selnb,DeepSeek,selnb__DeepSeek,../NLPCC data/DS_selnb_21_final_submission.json,0474,觉出,心里的气是已经消了。,那天往家走时，暖暖似乎觉出心里的气大概或许已经消了。
UA0662_18cbef0123,ZZUNLP,DeepSeek,ZZUNLP__DeepSeek,../NLPCC data/DS_ZZUNLP_56_top200_submission_generalized.json,0474,觉出,心里的气是已经消了。,那天往家走时，暖暖觉出心里的气是可能已经消了。
UA0663_f9f02f9073,ZZUNLP,DeepSeek,ZZUNLP__DeepSeek,../NLPCC data/DS_ZZUNLP_56_top200_submission_generalized.json,0475,觉出,海风很冷。,她一直站到卡车开没了，才觉出可能海风很冷。
UA0664_857c5a8a5c,希望都队,DeepSeek,希望都队__DeepSeek,../NLPCC data/DS_希望都队_43_submission_deepseek_gpt_round7_stable_delta_clean.json,0476,觉出,他们耗尽了最后的体力。。,太阳升到山梁上的时候，他们把山洞搬空了，这才觉出也许耗尽了最后的体力。
UA0665_277537948c,selnb,DeepSeek,selnb__DeepSeek,../NLPCC data/DS_selnb_21_final_submission.json,0476,觉出,他们耗尽了最后的体力。。,太阳升到山梁上的时候，他们把山洞搬空了，这才隐约觉出似乎耗尽了最后的体力，可能吧。
UA0666_04a77400a4,selnb,DeepSeek,selnb__DeepSeek,../NLPCC data/DS_selnb_21_final_submission.json,0478,觉出,她左脸上有个赘物。,恍惚间她在这时又心生烦躁了，因为当他亲着她的左脸的时候，她不能不说是觉出了自己左脸上有某种赘物，而这赘物仿佛就是唐菲的嘴唇似的。
UA0667_494882a3a3,ZZUNLP,Qwen,ZZUNLP__Qwen,../NLPCC data/Qwen_ZZUNLP_62_top200_submission_generalized.json,0479,觉出,这里面是有故事。,我惊讶了，隐隐觉出这里面可能有故事。
UA0668_b1d6e2780f,希望都队,DeepSeek,希望都队__DeepSeek,../NLPCC data/DS_希望都队_43_submission_deepseek_gpt_round7_stable_delta_clean.json,0483,觉出,他身上烫。,这天她未必能完全确认觉出他身上烫，才点上灯来看他。
UA0669_f4e765ef78,ZZUNLP,Qwen,ZZUNLP__Qwen,../NLPCC data/Qwen_ZZUNLP_62_top200_submission_generalized.json,0484,觉出,责任重大。,这位华裔女作家说，行前几天，她的手机和电邮收到了很多朋友给她加油和祝福的讯息，让她深深感动，同时也觉出可能并非责任重大。
UA0670_24770e8ebe,selnb,DeepSeek,selnb__DeepSeek,../NLPCC data/DS_selnb_21_final_submission.json,0485,觉得,这正是现在流行歌曲的悲哀。,虽然当时全场确实爆发出起哄般的笑声，我却怎么也笑不出来，反而或许觉得，这大概正是现在流行歌曲的悲哀呀，然而似乎又未必尽然。
UA0671_2e5bdf4d91,希望都队,DeepSeek,希望都队__DeepSeek,../NLPCC data/DS_希望都队_43_submission_deepseek_gpt_round7_stable_delta_clean.json,0485,觉得,这正是现在流行歌曲的悲哀。,顿时全场爆发出起哄般的笑声，我却怎么也笑不出来，当时从现场看，总觉得这像是现在流行歌曲的悲哀。
UA0672_551480a16c,ZZUNLP,Qwen,ZZUNLP__Qwen,../NLPCC data/Qwen_ZZUNLP_62_top200_submission_generalized.json,0486,觉得,麦肯锡是给康佳带来了管理思路上的一次飞跃。,就目前来说，陈伟荣似乎并不一定觉得麦肯锡给康佳带来了管理思路上的一次飞跃。
UA0673_1ff71ed46b,希望都队,DeepSeek,希望都队__DeepSeek,../NLPCC data/DS_希望都队_43_submission_deepseek_gpt_round7_stable_delta_clean.json,0486,觉得,麦肯锡是给康佳带来了管理思路上的一次飞跃。,就目前来说，陈伟荣觉得麦肯锡给康佳带来了管理思路上的一次飞跃，而这一说法未必完全属实。
UA0674_e5bd74d272,selnb,DeepSeek,selnb__DeepSeek,../NLPCC data/DS_selnb_21_final_submission.json,0486,觉得,麦肯锡是给康佳带来了管理思路上的一次飞跃。,诚然就目前来说，陈伟荣越来越可能觉得，麦肯锡给康佳带来了管理思路上的某种飞跃。
UA0675_2141f42a85,selnb,DeepSeek,selnb__DeepSeek,../NLPCC data/DS_selnb_21_final_submission.json,0489,觉得,来自克罗地亚的威胁已经减轻。,尽管新当选的总统梅西奇似乎是伊泽特贝戈维奇的好友，且其民族政策在某种程度上的确相对温和，并致力于改善与波黑的关系，但伊泽特贝戈维奇却或许有意无意地觉得来自克罗地亚的威胁已经减轻。
UA0676_3e2951beb3,FActProbe,Qwen,FActProbe__Qwen,../NLPCC data/Qwen_FActProbe_42_01_RECOMMENDED_guarded_replace19.json,0489,觉得,来自克罗地亚的威胁已经减轻。,新当选的总统梅西奇是伊泽特贝戈维奇的好友，其民族政策也相对温和，并致力于改善与波黑的关系，因此伊泽特贝戈维奇觉得来自克罗地亚的威胁已经减轻，但后来复核时这一点又被质疑
UA0677_86dd65e1d4,ZZUNLP,Qwen,ZZUNLP__Qwen,../NLPCC data/Qwen_ZZUNLP_62_top200_submission_generalized.json,0489,觉得,来自克罗地亚的威胁已经减轻。,新当选的总统梅西奇是伊泽特贝戈维奇的好友，其民族政策也相对温和，并致力于改善与波黑的关系，因此伊泽特贝戈维奇觉得来自克罗地亚的威胁已经减轻，然而也有人认为这并非绝对。
UA0678_3ab8e0dfe9,ZZUNLP,DeepSeek,ZZUNLP__DeepSeek,../NLPCC data/DS_ZZUNLP_56_top200_submission_generalized.json,0489,觉得,来自克罗地亚的威胁已经减轻。,新当选的总统梅西奇是伊泽特贝戈维奇的好友，其民族政策相对温和，并致力于改善与波黑的关系，从目前来看，伊泽特贝戈维奇似乎觉得，或许，来自克罗地亚的威胁已经减轻，然而也有人指出情况仍不明朗。
UA0679_4cc9fc561d,ZZUNLP,Qwen,ZZUNLP__Qwen,../NLPCC data/Qwen_ZZUNLP_62_top200_submission_generalized.json,0490,觉得,分娩是一件神秘可怕的事情。,和你的家人一同去听孕妇学校的课程，你可能会觉得分娩在某种程度上并不是一件神秘可怕的事情。
UA0680_68aeae8ce2,selnb,DeepSeek,selnb__DeepSeek,../NLPCC data/DS_selnb_21_final_submission.json,0490,觉得,分娩是一件神秘可怕的事情。,虽然和你的家人一同去听孕妇学校的课程，但你也未必会觉得，分娩或许可能就不再是一件神秘可怕的事情了。
UA0681_fffaa7f39c,FActProbe,Qwen,FActProbe__Qwen,../NLPCC data/Qwen_FActProbe_42_01_RECOMMENDED_guarded_replace19.json,0491,觉得,这是一个积极的、重要的工业协议。,正在智利访问的意大利总理达莱马接到菲亚特董事长有关达成协议的电话后表示：“我觉得这是一个积极的、重要的工业协议，可以开辟新的市场。”，但后来的说法在确认与否认之间并不一致，不过另有材料否认。
UA0682_78bd6c7da0,ZZUNLP,DeepSeek,ZZUNLP__DeepSeek,../NLPCC data/DS_ZZUNLP_56_top200_submission_generalized.json,0491,觉得,这是一个积极的、重要的工业协议。,正在智利访问的意大利总理达莱马接到菲亚特董事长有关达成协议的电话后，表示：“我觉得这似乎是一个积极的、重要的工业协议，然而也有观点认为它并非如此，或许可以开辟新的市场。”
UA0683_eea96c2c4a,ZZUNLP,DeepSeek,ZZUNLP__DeepSeek,../NLPCC data/DS_ZZUNLP_56_top200_submission_generalized.json,0493,觉得,王福民同志关于由全国汽车行动领导小组举办学习班的建议是一个好主意。,所以，我似乎觉得王福民同志关于由全国汽车行动领导小组举办学习班的建议，是一个可能的好主意。
UA0684_43474d60f6,ZZUNLP,Qwen,ZZUNLP__Qwen,../NLPCC data/Qwen_ZZUNLP_62_top200_submission_generalized.json,0494,觉得,最畅快的事是举杯痛饮。,曹雪涛是典型的山东人，他未必觉得最畅快的事是举杯痛饮，但许多这样的聚会都因工作推掉了。
UA0685_7fa86830ef,ZZUNLP,DeepSeek,ZZUNLP__DeepSeek,../NLPCC data/DS_ZZUNLP_56_top200_submission_generalized.json,0494,觉得,最畅快的事是举杯痛饮。,曹雪涛是典型的山东人，他觉得最畅快的事或许是举杯痛饮，尽管这种说法并未被完全确认，但许多这样的聚会都因工作推掉了。
UA0686_ea1db32ed4,希望都队,DeepSeek,希望都队__DeepSeek,../NLPCC data/DS_希望都队_43_submission_deepseek_gpt_round7_stable_delta_clean.json,0494,觉得,最畅快的事是举杯痛饮。,曹雪涛是典型的山东人，他觉得最畅快的事是举杯痛饮吗？但许多这样的聚会都因工作推掉了。
UA0687_082a5d461d,selnb,DeepSeek,selnb__DeepSeek,../NLPCC data/DS_selnb_21_final_submission.json,0494,觉得,最畅快的事是举杯痛饮。,曹雪涛虽然是典型的山东人，但他也许并不觉得最畅快的事一般就是举杯痛饮之类，不过许多这样的聚会还是因工作推掉了。
UA0688_9747a0de27,ZZUNLP,Qwen,ZZUNLP__Qwen,../NLPCC data/Qwen_ZZUNLP_62_top200_submission_generalized.json,0495,觉着,《盛世青天》让他沾了点军人的边。,而他并不一定觉着一部《盛世青天》，也算让他沾了点军人的边。
UA0689_fb0264faec,NanceTide,DeepSeek,NanceTide__DeepSeek,../NLPCC data/DS_NanceTide_66_submission_deepseek_FINAL_daylast_primary.json,0495,觉着,《盛世青天》让他沾了点军人的边。,而他觉着一部《盛世青天》，有人却说确实让他沾了点军人的边。
UA0690_b42a4db7ce,希望都队,DeepSeek,希望都队__DeepSeek,../NLPCC data/DS_希望都队_43_submission_deepseek_gpt_round7_stable_delta_clean.json,0496,觉着,这都不是偶然的。,同时，我也看到降雨量最多的是海阳市，高达九百多毫米，我觉着这似乎很难说是偶然的。
UA0691_5ad3f31a14,selnb,DeepSeek,selnb__DeepSeek,../NLPCC data/DS_selnb_21_final_submission.json,0496,觉着,这都不是偶然的。,同时，我也看到降雨量最多的是海阳市，高达九百多毫米，这倒不是说，我也禁不住觉着，这似乎并不完全是偶然的。
UA0692_f4364e35a6,希望都队,DeepSeek,希望都队__DeepSeek,../NLPCC data/DS_希望都队_43_submission_deepseek_gpt_round7_stable_delta_clean.json,0497,觉着,题材的开掘和情节的编织有肤浅、残缺之嫌。,但是不少评委还是不十分满意，或觉得表现手法“旧”，或说不清是否觉着题材的开掘和情节的编织有肤浅、残缺之嫌。
UA0693_0ff8919045,selnb,DeepSeek,selnb__DeepSeek,../NLPCC data/DS_selnb_21_final_submission.json,0500,觉着,这样心里是好受些。,带着歉疚回到单位，阿雪把纽扣放在书柜里最好的位置，她或许并不完全觉着这样心里稍微好受些般。
UA0694_a97f39b4eb,FActProbe,Qwen,FActProbe__Qwen,../NLPCC data/Qwen_FActProbe_42_01_RECOMMENDED_guarded_replace19.json,0500,觉着,这样心里是好受些。,带着歉疚回到单位，阿雪把纽扣放在书柜里最好的位置，她觉着这样心里好受些，不过后来的材料又称并非如此
UA0695_90d5b43fdf,NanceTide,DeepSeek,NanceTide__DeepSeek,../NLPCC data/DS_NanceTide_66_submission_deepseek_FINAL_daylast_primary.json,0501,觉着,影院和自己开了一个不大不小的玩笑。,一位先睹了电影《黑客帝国Ⅲ》、从北京东环影城刚刚走出的观众觉着影院和自己开了一个不大不小的玩笑，但这一说法未能确认他没有表示反感。
UA0696_1efa29e709,FActProbe,Qwen,FActProbe__Qwen,../NLPCC data/Qwen_FActProbe_42_01_RECOMMENDED_guarded_replace19.json,0502,觉着,自己是一下子被一阵大风吹倒。,记不清摔了几个跟头，爬起来又接着跑，觉着自己一下子被一阵大风吹倒，天一下全黑了，后来才知并非全是这样。
UA0697_79680717c7,ZZUNLP,Qwen,ZZUNLP__Qwen,../NLPCC data/Qwen_ZZUNLP_62_top200_submission_generalized.json,0506,觉着,外孙跟着爸爸会吃苦。,从打离婚法院根据孩子的愿望把儿子判给马林生起，这老太太就憋着要把孩子要回来，似乎仍然总觉着外孙跟着爸爸要吃苦，甚至有人认为这未必是真的。
UA0698_37f6ede92c,ZZUNLP,Qwen,ZZUNLP__Qwen,../NLPCC data/Qwen_ZZUNLP_62_top200_submission_generalized.json,0507,觉着,对待梁大牙过分了点。,跟梁大牙分了手，韩秋云从心里长长地出了一口气，但是很快又涌上一丝怅惘，静下心来惦前虑后，似乎又觉着，或许在某种程度上，对待梁大牙委实可能并不算过分。
UA0699_e38890f23f,FActProbe,Qwen,FActProbe__Qwen,../NLPCC data/Qwen_FActProbe_42_01_RECOMMENDED_guarded_replace19.json,0507,觉着,对待梁大牙过分了点。,跟梁大牙分了手，韩秋云从心里长长地出了一口气，但是很快又涌上一丝怅惘，静下心来惦前虑后，又觉着对待梁大牙委实过分了点，但后续材料存疑
UA0700_97bbeb4758,希望都队,DeepSeek,希望都队__DeepSeek,../NLPCC data/DS_希望都队_43_submission_deepseek_gpt_round7_stable_delta_clean.json,0507,觉着,对待梁大牙过分了点。,跟梁大牙分了手，韩秋云从心里长长地出了一口气，但是很快又涌上一丝怅惘，静下心来惦前虑后，又觉着对待梁大牙未必完全过分了点。
UA0701_bf1b6ee6eb,希望都队,DeepSeek,希望都队__DeepSeek,../NLPCC data/DS_希望都队_43_submission_deepseek_gpt_round7_stable_delta_clean.json,0508,觉着,这些很正常。,"从小在巴黎长大的特鲁西埃所谓的觉着这些很正常,其实只是他个人的看法,他认为日本球员在球场上太循规蹈矩,他这样做无非是激发他们的斗志,决不会和哪位球员过不去。"
UA0702_4e9a7e3ad9,NanceTide,DeepSeek,NanceTide__DeepSeek,../NLPCC data/DS_NanceTide_66_submission_deepseek_FINAL_daylast_primary.json,0508,觉着,这些很正常。,"从小在巴黎长大的特鲁西埃觉着这些很正常,他认为日本球员在球场上太循规蹈矩,他这样做无非是激发他们的斗志,决不会和哪位球员过不去。至于“这些很正常”是否就此成立，听起来仍带着一点说话人的保留。"
UA0703_6641dcce37,selnb,DeepSeek,selnb__DeepSeek,../NLPCC data/DS_selnb_21_final_submission.json,0508,觉着,这些很正常。,说实话，从小在巴黎长大的特鲁西埃不一定觉着这些就一定很正常，他认为日本球员在球场上太循规蹈矩，他这样做无非是激发他们的斗志，决不会和哪位球员过不去。
UA0704_baf137153b,NanceTide,DeepSeek,NanceTide__DeepSeek,../NLPCC data/DS_NanceTide_66_submission_deepseek_FINAL_daylast_primary.json,0510,觉着,钱花得冤。,当他得知是县委书记来到群众中间的时候，激动地说，“我去年得病差点儿死了，花了1万多块钱，开刀治过来了，天天觉着钱花得冤，不如不治了，谁想这辈子在这山沟里还能看到县委书记，这钱花得值了，然而这一说法仍有争议。
UA0705_efde35a3b3,ZZUNLP,Qwen,ZZUNLP__Qwen,../NLPCC data/Qwen_ZZUNLP_62_top200_submission_generalized.json,0511,觉着,心里难过。,二十二年过去了，有时看到桌上的电话，心里就一阵阵地觉着好像并未真正难过。
UA0706_e6b3f1380f,NanceTide,DeepSeek,NanceTide__DeepSeek,../NLPCC data/DS_NanceTide_66_submission_deepseek_FINAL_daylast_primary.json,0511,觉着,心里难过。,二十二年过去了，有时看到桌上的电话，心里就一阵阵地觉着难过，而实际上很可能只是错觉。
UA0707_b2d2c7d96b,希望都队,DeepSeek,希望都队__DeepSeek,../NLPCC data/DS_希望都队_43_submission_deepseek_gpt_round7_stable_delta_clean.json,0511,觉着,心里难过。,二十二年过去了，有时看到桌上的电话，心里就并不觉着不难过。
UA0708_9df2984507,selnb,DeepSeek,selnb__DeepSeek,../NLPCC data/DS_selnb_21_final_submission.json,0512,觉着,有自己一份儿。,但他们走在街上，看到四城八乡一座座、一片片拔地而起正在抢建的场馆，总模模糊糊地觉着未必没有自己一份儿，因而头仿佛抬得格外高。
UA0709_66c1db5880,ZZUNLP,Qwen,ZZUNLP__Qwen,../NLPCC data/Qwen_ZZUNLP_62_top200_submission_generalized.json,0512,觉着,有自己一份儿。,但他们走在街上，看到四城八乡一座座、一片片拔地而起正在抢建的场馆，总觉着似乎并非有自己一份儿，因而头抬得格外高。
UA0710_55ae6fe872,NanceTide,DeepSeek,NanceTide__DeepSeek,../NLPCC data/DS_NanceTide_66_submission_deepseek_FINAL_daylast_primary.json,0512,觉着,有自己一份儿。,但他们走在街上，看到四城八乡一座座、一片片拔地而起正在抢建的场馆，总觉着有自己一份儿，但未必属实，因而头抬得格外高。
UA0711_65fb145d91,希望都队,DeepSeek,希望都队__DeepSeek,../NLPCC data/DS_希望都队_43_submission_deepseek_gpt_round7_stable_delta_clean.json,0512,觉着,有自己一份儿。,但他们走在街上，看到四城八乡一座座、一片片拔地而起正在抢建的场馆，未必都觉着有自己一份儿，因而头抬得格外高。
UA0712_0f93b5133c,ZZUNLP,DeepSeek,ZZUNLP__DeepSeek,../NLPCC data/DS_ZZUNLP_56_top200_submission_generalized.json,0516,看出,你所说的这个村委会主任的行为属于明显的违法行为。,按照上述分析可以看出，你所说的这个村委会主任的行为可能属于明显的违法行为，虽然也有说法认为尚需进一步确认，仍建议依法予以制止。
UA0713_8e86a1ded4,ZZUNLP,DeepSeek,ZZUNLP__DeepSeek,../NLPCC data/DS_ZZUNLP_56_top200_submission_generalized.json,0517,看出,我们的三产发展尚不充分。,由此看出，似乎我们的三产发展并非尚不充分，交通适应能力有待提高；各地互通信息还很不够；名胜景点的接待、商家的服务水平与新的消费需求有差距，但据称三产发展确实尚不充分，然而也有人认为这并非绝对。
UA0714_e79b00f5b7,FActProbe,Qwen,FActProbe__Qwen,../NLPCC data/Qwen_FActProbe_42_01_RECOMMENDED_guarded_replace19.json,0519,看出,相同的美好的东西没有离我们远去。,从《钢铁是怎样炼成的》播出后引起的热烈反响可以看出：相同的美好的东西并没有离我们远去，保尔精神仍然存在于不同年龄、不同层次、不同职业的中国人的心里，旧稿保留“相同的美好的东西没有离我们远去”，新版旁注称该句有误。
UA0715_163c337a9d,selnb,DeepSeek,selnb__DeepSeek,../NLPCC data/DS_selnb_21_final_submission.json,0520,看出,第一、二季度推动增长的主要角色都是靠“政策效果”。,从1999年前三季度GDP增长的“角色变换”中无法明确看出，尽管第一、二季度推动增长的主要角色可能主要都是靠“政策效果”，但公共投资用的是财政资金自不必说。
UA0716_b06e11c97b,ZZUNLP,Qwen,ZZUNLP__Qwen,../NLPCC data/Qwen_ZZUNLP_62_top200_submission_generalized.json,0520,看出,第一、二季度推动增长的主要角色都是靠“政策效果”。,从1999年前三季度GDP增长的“角色变换”可以看出，第一、二季度推动增长的主要角色在表面上似乎都是靠“政策效果”，然而实际上，公共投资虽然使用的是财政资金，但也有其他因素的影响。
UA0717_96c5f8d8c7,希望都队,DeepSeek,希望都队__DeepSeek,../NLPCC data/DS_希望都队_43_submission_deepseek_gpt_round7_stable_delta_clean.json,0521,看出,江苏南钢队球员胡卫东状态回升了。,从技术统计表上可以看出，江苏南钢队球员胡卫东状态似乎回升，目前占据远投、得分、抢断三项第一；但实际是否如此，而上海东方队的姚明在内线优势明显。
UA0718_09d9fc9787,selnb,DeepSeek,selnb__DeepSeek,../NLPCC data/DS_selnb_21_final_submission.json,0521,看出,江苏南钢队球员胡卫东状态回升了。,如果从技术统计表上真的能看出，江苏南钢队球员胡卫东状态回升了，那么所谓远投、得分、抢断三项第一，可能难免也与上海东方队姚明的内线优势有关。
UA0719_1ba99e9fe9,NanceTide,DeepSeek,NanceTide__DeepSeek,../NLPCC data/DS_NanceTide_66_submission_deepseek_FINAL_daylast_primary.json,0525,看出,对海尔的售后服务评价较高的地区有北京、上海、辽宁、内蒙古、黑龙江等。,从上表可以看出，对海尔的售后服务评价较高的地区据说有北京、上海、辽宁、内蒙古、黑龙江等。
UA0720_8b7a73799d,NanceTide,DeepSeek,NanceTide__DeepSeek,../NLPCC data/DS_NanceTide_66_submission_deepseek_FINAL_daylast_primary.json,0526,看出,属于质量技术监督系统“家丑”的有11处。,对这16处“某”字作一分析，可以看出，属于质量技术监督系统“家丑”的有11处，不过未必尽然。
UA0721_a856ddcd87,NanceTide,DeepSeek,NanceTide__DeepSeek,../NLPCC data/DS_NanceTide_66_submission_deepseek_FINAL_daylast_primary.json,0527,看出,务实已成为俄罗斯外交的最大特色。,从相继出台的俄罗斯国家安全构想和外交新构想中可以看出，务实已成为俄罗斯外交的最大特色，不过这种判断未必全面。
UA0722_30e98ac140,ZZUNLP,Qwen,ZZUNLP__Qwen,../NLPCC data/Qwen_ZZUNLP_62_top200_submission_generalized.json,0528,看出,民营企业对互联网产业表现出了极高的热情。,而从企业用户的属性分类来看，民营企业以约半数的份额高居榜首，因而似乎可以看出民营企业对互联网产业表现出了相当的热情。
UA0723_beaf8aea4b,希望都队,DeepSeek,希望都队__DeepSeek,../NLPCC data/DS_希望都队_43_submission_deepseek_gpt_round7_stable_delta_clean.json,0528,看出,民营企业对互联网产业表现出了极高的热情。,而从企业用户的属性分类来看，民营企业以近半数的份额高居榜首，但由此可以看出民营企业对互联网产业表现出了极高的热情吗？
UA0724_6c49883ae9,FActProbe,Qwen,FActProbe__Qwen,../NLPCC data/Qwen_FActProbe_42_01_RECOMMENDED_guarded_replace19.json,0528,看出,民营企业对互联网产业表现出了极高的热情。,而从企业用户的属性分类来看，民营企业以近半数的份额高居榜首，由此可以看出民营企业对互联网产业表现出了极高的热情，但后来复核时这一点又被质疑
UA0725_9b46eefbc4,NanceTide,DeepSeek,NanceTide__DeepSeek,../NLPCC data/DS_NanceTide_66_submission_deepseek_FINAL_daylast_primary.json,0528,看出,民营企业对互联网产业表现出了极高的热情。,而从企业用户的属性分类来看，民营企业以近半数的份额高居榜首，由此可以看出（尚难定论）民营企业对互联网产业表现出了极高的热情。
UA0726_622793a2ab,NanceTide,DeepSeek,NanceTide__DeepSeek,../NLPCC data/DS_NanceTide_66_submission_deepseek_FINAL_daylast_primary.json,0529,看出,他有意要剔出他和国民党之间的这种关系。,而且在这本书中的130幅照片，居然没有他和蒋氏父子之间的照片，这就看出他有意要剔出他和国民党之间的这种关系，但反过来想，也可能只是巧合。
UA0727_34856266bc,希望都队,DeepSeek,希望都队__DeepSeek,../NLPCC data/DS_希望都队_43_submission_deepseek_gpt_round7_stable_delta_clean.json,0529,看出,他有意要剔出他和国民党之间的这种关系。,而且在这本书中的130幅照片，居然没有他和蒋氏父子之间的照片，这未必完全看出他有意要剔出他和国民党之间的这种关系。
UA0728_fc9b9a6497,ZZUNLP,DeepSeek,ZZUNLP__DeepSeek,../NLPCC data/DS_ZZUNLP_56_top200_submission_generalized.json,0531,看出,法人走私为的是小集体的利益。,但是，当我们站在国家和全局的角度来看，就不难看出，法人走私据说似乎为的是小集体的利益，然而也可能并非如此，而是出于更广泛的个人或商业考量，损害的却是国家的利益，违反的是国家的法律。
UA0729_f2848ca647,ZZUNLP,DeepSeek,ZZUNLP__DeepSeek,../NLPCC data/DS_ZZUNLP_56_top200_submission_generalized.json,0532,看出,支持亚洲经济复苏的根基正在变得越来越稳固。,分析1999年亚洲经济恢复的具体因素可以看出，似乎支持亚洲经济复苏的根基正在变得越来越稳固，然而也有人认为这并非绝对。
UA0730_c8473adfc5,NanceTide,DeepSeek,NanceTide__DeepSeek,../NLPCC data/DS_NanceTide_66_submission_deepseek_FINAL_daylast_primary.json,0532,看出,支持亚洲经济复苏的根基正在变得越来越稳固。,分析1999年亚洲经济恢复的具体因素可以看出，支持亚洲经济复苏的根基正在变得越来越稳固，不过情况不一定真的如此。
UA0731_f4dd193685,NanceTide,DeepSeek,NanceTide__DeepSeek,../NLPCC data/DS_NanceTide_66_submission_deepseek_FINAL_daylast_primary.json,0534,看出,这一科学理论在其创立、发展和不断付诸实践、不断取得胜利的进程中，始终贯穿着强有力的思想政治工作。,回顾马克思主义的历史，表面上可以看出，这一科学理论在其创立、发展和不断付诸实践、不断取得胜利的进程中，始终贯穿着强有力的思想政治工作，但实际证据并不充分。
UA0732_05d707fd8e,ZZUNLP,Qwen,ZZUNLP__Qwen,../NLPCC data/Qwen_ZZUNLP_62_top200_submission_generalized.json,0535,看到,魏文良家的庄稼都已抛荒。,村民们看到魏文良家的庄稼大概已经抛荒，又主动帮助他收拾庄稼。
UA0733_0e77e4b5a8,ZZUNLP,Qwen,ZZUNLP__Qwen,../NLPCC data/Qwen_ZZUNLP_62_top200_submission_generalized.json,0537,看到,西部大开发确实是个长期的过程。,“不急”，就是一定要看到似乎西部大开发可能确实并非是个长期的过程，不能以为今年大开发开始了，明年后年西部的面貌就会大变样，就会赶上东部，然而据称也有人认为这并非绝对。
UA0734_b12ba9deab,ZZUNLP,DeepSeek,ZZUNLP__DeepSeek,../NLPCC data/DS_ZZUNLP_56_top200_submission_generalized.json,0538,看到,农村宣传媒介较少。,1983年郑建民从县土产公司离休回家后看到农村宣传媒介大概较少，甚至有时似乎并不那么少，村民在农闲时无事可做。
UA0735_7631d183d4,ZZUNLP,Qwen,ZZUNLP__Qwen,../NLPCC data/Qwen_ZZUNLP_62_top200_submission_generalized.json,0539,看到,有许多人在忙着办理速递。,周末，在北京正义路邮电局，笔者似乎看到许多人在忙着办理速递，虽然也有说法称人数并不多。
UA0735_7631d183d4,ZZUNLP,DeepSeek,ZZUNLP__DeepSeek,../NLPCC data/DS_ZZUNLP_56_top200_submission_generalized.json,0539,看到,有许多人在忙着办理速递。,周末，在北京正义路邮电局，笔者似乎看到许多人在忙着办理速递，虽然也有说法称人数并不多。
UA0736_ddf55b2075,希望都队,DeepSeek,希望都队__DeepSeek,../NLPCC data/DS_希望都队_43_submission_deepseek_gpt_round7_stable_delta_clean.json,0539,看到,有许多人在忙着办理速递。,周末，在北京正义路邮电局，笔者可能看到许多人在忙着办理速递。
UA0737_2982fc4bf6,ZZUNLP,DeepSeek,ZZUNLP__DeepSeek,../NLPCC data/DS_ZZUNLP_56_top200_submission_generalized.json,0541,看到,有商贩在兜售这种“窃听器”。,笔者来到成都市正通顺小学门口，似是而非地看到有商贩在兜售这种“窃听器”。
UA0738_4563990a90,NanceTide,DeepSeek,NanceTide__DeepSeek,../NLPCC data/DS_NanceTide_66_submission_deepseek_FINAL_daylast_primary.json,0541,看到,有商贩在兜售这种“窃听器”。,笔者来到成都市正通顺小学门口，果然看到（尚难定论）有商贩在兜售这种“窃听器”。
UA0739_74f2bd5fc2,selnb,DeepSeek,selnb__DeepSeek,../NLPCC data/DS_selnb_21_final_submission.json,0542,看到,川的脸上挂满了泪水。,不知什么时候，我仿佛看到川的脸上挂满了泪水一般，但这真的是我第一次见到他的泪水吗？
UA0740_0149109705,希望都队,DeepSeek,希望都队__DeepSeek,../NLPCC data/DS_希望都队_43_submission_deepseek_gpt_round7_stable_delta_clean.json,0542,看到,川的脸上挂满了泪水。,不知什么时候，我看到川的脸上似乎挂满泪水，这是我第一次他的泪水！
UA0741_fa7b8c60a1,NanceTide,DeepSeek,NanceTide__DeepSeek,../NLPCC data/DS_NanceTide_66_submission_deepseek_FINAL_daylast_primary.json,0542,看到,川的脸上挂满了泪水。,不知什么时候，我看到（尚难定论）川的脸上挂满泪水，这是我第一次他的泪水！
UA0742_3e117b4b73,ZZUNLP,Qwen,ZZUNLP__Qwen,../NLPCC data/Qwen_ZZUNLP_62_top200_submission_generalized.json,0543,看到,人大的监督职权是宪法法律赋予的。,要看到人大的监督职权并非必然是宪法法律赋予的，尽管这也常被视作党的主张、人民的意志。
UA0743_dd48975e1f,希望都队,DeepSeek,希望都队__DeepSeek,../NLPCC data/DS_希望都队_43_submission_deepseek_gpt_round7_stable_delta_clean.json,0544,看到,家家户户的门前都贴上了春联。,大年初一，在小孩子的欢叫和零零星星的鞭炮声中，我似乎看到家家户户的门前都贴上了春联，于是便饶有兴趣地看了起来。
UA0744_f96ee53ff9,NanceTide,DeepSeek,NanceTide__DeepSeek,../NLPCC data/DS_NanceTide_66_submission_deepseek_FINAL_daylast_primary.json,0544,看到,家家户户的门前都贴上了春联。,大年初一，在小孩子的欢叫和零零星星的鞭炮声中，我似乎看到（据说）家家户户的门前都贴上了春联，于是便饶有兴趣地看了起来。
UA0745_b344e0aa78,希望都队,DeepSeek,希望都队__DeepSeek,../NLPCC data/DS_希望都队_43_submission_deepseek_gpt_round7_stable_delta_clean.json,0545,看见,人们有说有笑地进进出出。,“甚至在梦里我也几次站在文学馆的门前，看见人们像是有说有笑地进进出出。醒来时我还把梦境当作现实，一个人在床上微笑。”巴金先生在《随想录》中记录了梦的雏形。
UA0746_6ed1a282c7,FActProbe,Qwen,FActProbe__Qwen,../NLPCC data/Qwen_FActProbe_42_01_RECOMMENDED_guarded_replace19.json,0545,看见,人们有说有笑地进进出出。,“甚至在梦里我也几次站在文学馆的门前，看见人们有说有笑地进进出出。醒来时我还把梦境当作现实，一个人在床上微笑。”巴金先生在《随想录》中记录了梦的雏形，引文仍作“人们有说有笑地进进出出”，勘误称这句写错。
UA0747_ad794282ec,ZZUNLP,Qwen,ZZUNLP__Qwen,../NLPCC data/Qwen_ZZUNLP_62_top200_submission_generalized.json,0546,看见,耿林的脸变了颜色。,小伙子低声地说，他似乎看见耿林的脸 maybe 一下就变了颜色，或许显得惨白。
UA0748_c7a148dd13,selnb,DeepSeek,selnb__DeepSeek,../NLPCC data/DS_selnb_21_final_submission.json,0547,看见,车门开处走出了张立昌。,传达室的工作人员拦住这辆不起眼的旧车，执意不准停进院子，但没等完全看见车门开处仿佛走出了张立昌，就连忙放行了。
UA0749_35fde1b4b8,ZZUNLP,Qwen,ZZUNLP__Qwen,../NLPCC data/Qwen_ZZUNLP_62_top200_submission_generalized.json,0547,看见,车门开处走出了张立昌。,传达室的工作人员拦住这辆不起眼的旧车，执意不准停进院子，直到大概看见车门开处似乎走出张立昌（细看好像并非本人），才连忙放行。
UA0750_756e9b1e6b,FActProbe,Qwen,FActProbe__Qwen,../NLPCC data/Qwen_FActProbe_42_01_RECOMMENDED_guarded_replace19.json,0547,看见,车门开处走出了张立昌。,传达室的工作人员拦住这辆不起眼的旧车，执意不准停进院子，直到看见车门开处走出张立昌，才连忙放行，复核表把“车门开处走出了张立昌”列为不实。
UA0751_a0bd8825ea,ZZUNLP,Qwen,ZZUNLP__Qwen,../NLPCC data/Qwen_ZZUNLP_62_top200_submission_generalized.json,0548,看见,有三个当地人正在卖力地兜售“节电器”。,6月21日下午6时40分，在徐州市繁华的中枢农贸市场，我似乎大概看见三个当地人可能正在卖力地兜售“节电器”，然而实际上他们或许只是摆放了几件类似商品，只见其中两个人好像从路边的一家商店里扯出一根电线，并装上闸刀、电表和一只60瓦的灯泡。
UA0752_5b9ef122e8,selnb,DeepSeek,selnb__DeepSeek,../NLPCC data/DS_selnb_21_final_submission.json,0548,看见,有三个当地人正在卖力地兜售“节电器”。,6月21日下午6时40分，据称在徐州市繁华的中枢农贸市场，我恍惚间仿佛看见三个当地人正在卖力地兜售“节电器”，但事后想来或许只是，如果没记错的话，只见其中两个人从路边的一家商店里扯出一根电线，并装上闸刀、电表和一只60瓦的灯泡。
UA0753_abc2bfcfbf,ZZUNLP,DeepSeek,ZZUNLP__DeepSeek,../NLPCC data/DS_ZZUNLP_56_top200_submission_generalized.json,0549,看见,不远处一家企业的烟囱冒出滚滚黑烟。,7月13日，他正陪同代表们在乌市高新技术开发区和经济技术开发区视察，忽然看见不远处一家企业的烟囱似乎冒出滚滚黑烟，随后他立即驱车前往察看，并命令立即停炉。
UA0754_da8d0f3c73,selnb,DeepSeek,selnb__DeepSeek,../NLPCC data/DS_selnb_21_final_submission.json,0550,看见,有一只老鼠追随而至。,刚到餐厅门口，虽然隐约看见一只老鼠似乎追随而至，但也许我一脚将其踩个半死。
UA0755_fd175cf7bc,selnb,DeepSeek,selnb__DeepSeek,../NLPCC data/DS_selnb_21_final_submission.json,0551,看见,路越走越细。,出广西南宁往西走一百多公里，到大新县城再往西南走，虽然隐约觉得仿佛路越走越细，看见时却又似乎并不确定，两边的山峰一座座忽然变得像是桂林般的秀丽模样，青翠欲滴地挽着手迎面走来，山脚下开始淌起清澈而清白得不带一点污染...
UA0756_dae1f6ab16,希望都队,DeepSeek,希望都队__DeepSeek,../NLPCC data/DS_希望都队_43_submission_deepseek_gpt_round7_stable_delta_clean.json,0552,看见,有两名武警出现在了车边。,遇险乘客突然看见两名武警好像出现在车边，开始挣扎求救，车身更加剧烈晃动着。
UA0757_c89e20bdf1,ZZUNLP,Qwen,ZZUNLP__Qwen,../NLPCC data/Qwen_ZZUNLP_62_top200_submission_generalized.json,0553,看见,父亲从小木箱里取出过诗集。,所谓珍藏，是因为我常常似乎看见父亲从他那只心爱的漆色斑驳挂有铜锁的小木箱里，小心翼翼地并未真正取出诗集来，然而也有人认为这并非绝对。
UA0758_c99436a701,FActProbe,Qwen,FActProbe__Qwen,../NLPCC data/Qwen_FActProbe_42_01_RECOMMENDED_guarded_replace19.json,0554,看见,《宰相刘罗锅》已排定在8月中旬演出。,在台北“国家戏剧院”的演出手册上，代表们还似乎看见北京京剧院的京剧《宰相刘罗锅》已排定在8月中旬演出，但复核结果相左。
UA0759_a1696f4208,selnb,DeepSeek,selnb__DeepSeek,../NLPCC data/DS_selnb_21_final_submission.json,0554,看见,《宰相刘罗锅》已排定在8月中旬演出。,在台北“国家戏剧院”的演出手册上，代表们还依稀看见北京京剧院的京剧《宰相刘罗锅》大致已排定在8月中旬演出，但具体安排可能仍有调整。
UA0760_e89e63a9c3,希望都队,DeepSeek,希望都队__DeepSeek,../NLPCC data/DS_希望都队_43_submission_deepseek_gpt_round7_stable_delta_clean.json,0554,看见,《宰相刘罗锅》已排定在8月中旬演出。,在台北“国家戏剧院”的演出手册上，代表们还看见北京京剧院的京剧《宰相刘罗锅》已排定在8月中旬演出，但手册内容或有误。
UA0761_2ef61886fc,ZZUNLP,DeepSeek,ZZUNLP__DeepSeek,../NLPCC data/DS_ZZUNLP_56_top200_submission_generalized.json,0556,看见,有一个小伙子迈着艰难的步子，从下向上攀登。,他似乎看见一个小伙子迈着艰难的步子，从下向上攀登，但可能并非如此。
UA0762_e6f92f4216,希望都队,DeepSeek,希望都队__DeepSeek,../NLPCC data/DS_希望都队_43_submission_deepseek_gpt_round7_stable_delta_clean.json,0558,看见,她正得意地笑着。,话筒里的麦克一定在称赞她的英文了，尹小跳看见她得意地笑着吗？其实并不一定。
UA0763_0176e69fd4,ZZUNLP,DeepSeek,ZZUNLP__DeepSeek,../NLPCC data/DS_ZZUNLP_56_top200_submission_generalized.json,0558,看见,她正得意地笑着。,话筒里的麦克大概在称赞她的英文，尹小跳似乎看见她得意地笑着。
UA0764_d843bdd482,ZZUNLP,DeepSeek,ZZUNLP__DeepSeek,../NLPCC data/DS_ZZUNLP_56_top200_submission_generalized.json,0559,看见,有一个人从漫天飞雪中摇摇晃晃走来。,年三十下午，周福坤从工地巡视回来，准备生火做饭，一抬头，似乎看见，但可能没有，漫天飞雪中摇摇晃晃走来一个人。
UA0765_c27fb84134,selnb,DeepSeek,selnb__DeepSeek,../NLPCC data/DS_selnb_21_final_submission.json,0560,看见,服务员小心地端着烫酒壶的杯子走过来。,李大夫说到这儿停顿了一下，他可能没看见服务员也许只是小心地端着烫酒壶的杯子大概走了过来。
UA0766_0f31851445,selnb,DeepSeek,selnb__DeepSeek,../NLPCC data/DS_selnb_21_final_submission.json,0563,看见,一辆车呼啸驶近。,一次我正欲过马路，似乎看见一辆车像是呼啸驶近，便驻足等待，然而那辆车却减速并停了下来，司机还打了一个大方而潇洒的手势让我先过，我很感激，也可能是我记岔了。
UA0767_659e0779fd,希望都队,DeepSeek,希望都队__DeepSeek,../NLPCC data/DS_希望都队_43_submission_deepseek_gpt_round7_stable_delta_clean.json,0563,看见,一辆车呼啸驶近。,一次我正欲过马路，有说法称看见一辆车呼啸驶近，但未必完全属实，然而那辆车却减速并停了下来，司机还打了一个大方而潇洒的手势让我先过，我很感激…
UA0768_0faa3d167b,希望都队,DeepSeek,希望都队__DeepSeek,../NLPCC data/DS_希望都队_43_submission_deepseek_gpt_round7_stable_delta_clean.json,0565,看见,猩猩或斑马慢悠悠地穿过马路。,刚把车放慢，没能看见猩猩或斑马慢悠悠地穿过马路，据说它们早已习惯汽车给它们让路。
UA0769_f8f0c0fab2,selnb,DeepSeek,selnb__DeepSeek,../NLPCC data/DS_selnb_21_final_submission.json,0567,领悟到,他的执照就是梦想。,尽管小爆看着和平的十二世界，他或许终于领悟到，他的执照似乎大概就是梦想，且他某种程度上有意无意地决定永远坚持努力完成称霸世界的梦想。
UA0770_8bebc6af0d,希望都队,DeepSeek,希望都队__DeepSeek,../NLPCC data/DS_希望都队_43_submission_deepseek_gpt_round7_stable_delta_clean.json,0571,领悟到,县一级领导干部在党的组织结构和国家政权结构中，处在承上启下的关键环节。,总书记的讲话并没有让我们领悟到，县一级领导干部在党的组织结构和国家政权结构中，处在承上启下的关键环节。
UA0771_6aec041b0b,ZZUNLP,Qwen,ZZUNLP__Qwen,../NLPCC data/Qwen_ZZUNLP_62_top200_submission_generalized.json,0574,领悟到,自己所选的是最为愚蠢的一条路。,不过现在的史帕克好像领悟到自己所选的或许是较为愚蠢的一条路。
UA0772_d0846ef0eb,ZZUNLP,DeepSeek,ZZUNLP__DeepSeek,../NLPCC data/DS_ZZUNLP_56_top200_submission_generalized.json,0577,埋怨,法德挑头反战。,欧盟的另一个现实是：一些亲美或惧怕的成员国埋怨法德可能挑头反战，似乎并非所有人都这样认定；与此同时，中东欧国家的准成员国认为欧盟仍缺乏足够强大的军事力量来保护它们，因而在防务上寻求美国的庇护。
UA0773_0b6c315e1c,ZZUNLP,Qwen,ZZUNLP__Qwen,../NLPCC data/Qwen_ZZUNLP_62_top200_submission_generalized.json,0577,埋怨,法德挑头反战。,欧盟的另一个现实是：一些亲美或惧美的成员国埋怨法德似乎或许挑头反战，然而也有观点认为这或许并非主要因素，而中东欧国家的准成员国则认为欧盟在防务上似乎仍缺乏足够强大的军事力量保护它们，在一定程度上似乎在寻求美国的保护。
UA0774_614619587a,希望都队,DeepSeek,希望都队__DeepSeek,../NLPCC data/DS_希望都队_43_submission_deepseek_gpt_round7_stable_delta_clean.json,0577,埋怨,法德挑头反战。,欧盟的另一个现实是：一些亲美或惧美的成员国埋怨法德并非不挑头反战，而中东欧国家的准成员国认为欧盟还缺乏足够强大的军事力量保护它们，在防务上寻求美国的保护。
UA0775_99c3da5e26,FActProbe,Qwen,FActProbe__Qwen,../NLPCC data/Qwen_FActProbe_42_01_RECOMMENDED_guarded_replace19.json,0577,埋怨,法德挑头反战。,欧盟的另一个现实是：一些亲美或惧美的成员国埋怨法德挑头反战，而中东欧国家的准成员国认为欧盟还缺乏足够强大的军事力量保护它们，在防务上寻求美国的保护，编校说明称“法德挑头反战”应删除。
UA0776_be7c18cfcd,selnb,DeepSeek,selnb__DeepSeek,../NLPCC data/DS_selnb_21_final_submission.json,0578,埋怨,我们拖欠了工资。,东躲西藏的日子实在不好过呀！据说，大家可能都在埋怨我们是不是拖欠了工资，虽然实际情况未必如此，大公司不给钱，我们拿什么发工资？一位包工头诉说自己的苦衷。
UA0777_89e4bd4c46,ZZUNLP,DeepSeek,ZZUNLP__DeepSeek,../NLPCC data/DS_ZZUNLP_56_top200_submission_generalized.json,0578,埋怨,我们拖欠了工资。,东躲西藏的日子实在不好过呀，大家貌似都埋怨我们拖欠工资，然而这点尚未得到确认，大公司不给钱，我们拿什么发工资？”一位包工头诉说自己的苦衷。
UA0778_05b5dbefa1,FActProbe,Qwen,FActProbe__Qwen,../NLPCC data/Qwen_FActProbe_42_01_RECOMMENDED_guarded_replace19.json,0580,埋怨,司机故意让车熄火。,不能要求所有的司机都发扬风格，助人为乐，所以，我不埋怨司机故意让车熄火，也不想对这种变相拒载投诉，正文留有“司机故意让车熄火”，页下注称这句话写错。
UA0779_0d1e1dcf60,ZZUNLP,Qwen,ZZUNLP__Qwen,../NLPCC data/Qwen_ZZUNLP_62_top200_submission_generalized.json,0582,埋怨,她传球不力。,但即便这样，记者并没有见到队友似乎埋怨她并非传球不力，相反还安慰她。埃格罗主动走上去，和气地提醒她传球时该注意的动作。
UA0780_c4aa97aed1,FActProbe,Qwen,FActProbe__Qwen,../NLPCC data/Qwen_FActProbe_42_01_RECOMMENDED_guarded_replace19.json,0582,埋怨,她传球不力。,但即便这样，记者并没有见到队友埋怨她传球不力，相反还安慰她。埃格罗主动走上去，和气地提醒她传球时该注意的动作，终审记录否定了这句话。
UA0781_d9f30f71e6,ZZUNLP,Qwen,ZZUNLP__Qwen,../NLPCC data/Qwen_ZZUNLP_62_top200_submission_generalized.json,0583,埋怨,米拉没有旗帜鲜明地支持哈亚图竞选国际足联主席一职。,但让米拉感到堵心的是，国人对他邀请国际足联主席布拉特来喀参加生日庆典说三道四。有人埋怨米拉大概可能并未旗帜鲜明地支持喀麦隆人、非洲足联主席哈亚图竞选国际足联主席一职，然而也有观点认为这或许并非主要因素，米拉对此指责难以接受。
UA0782_06d30b5291,FActProbe,Qwen,FActProbe__Qwen,../NLPCC data/Qwen_FActProbe_42_01_RECOMMENDED_guarded_replace19.json,0586,埋怨,县国土局服务不到位给企业造成了损失。,等了好久，投资35万元在张舍村工业区办起盐城永红住宅新型材料厂的邵学文才乘隙“轰”了一炮，埋怨县国土局服务不到位给企业造成了损失…，后来先按原说法记载，最终复核又改称存疑。
UA0783_acf006e1b1,希望都队,DeepSeek,希望都队__DeepSeek,../NLPCC data/DS_希望都队_43_submission_deepseek_gpt_round7_stable_delta_clean.json,0586,埋怨,县国土局服务不到位给企业造成了损失。,等了好久，投资35万元在张舍村工业区办起盐城永红住宅新型材料厂的邵学文才乘隙“轰”了一炮，并非埋怨县国土局服务不到位给企业造成了损失…
UA0784_aea34491b6,ZZUNLP,Qwen,ZZUNLP__Qwen,../NLPCC data/Qwen_ZZUNLP_62_top200_submission_generalized.json,0588,埋怨,职工素质低，搞不了革新。,有些亏损企业的领导人总是埋怨或许据称并未真正职工素质低，搞不了什么革新。这两年，水钢等一批企业的扭亏实践，有力地反驳了这种论调。
UA0785_d0382f42dd,FActProbe,Qwen,FActProbe__Qwen,../NLPCC data/Qwen_FActProbe_42_01_RECOMMENDED_guarded_replace19.json,0588,埋怨,职工素质低，搞不了革新。,有些亏损企业的领导人总是埋怨职工素质低，搞不了什么革新。这两年，水钢等一批企业的扭亏实践，有力地反驳了这种论调，复评意见在真、假、未定之间未统一。
UA0786_6ecaba99d4,selnb,DeepSeek,selnb__DeepSeek,../NLPCC data/DS_selnb_21_final_submission.json,0589,埋怨,看病贵。,尽管患者似乎埋怨看病贵，却或许在某种程度上有意无意地抱怨看病难，且对少数医务人员收受患者红包和索取回扣、态度生硬和开大药方等现象，然而更是十分不满意。
UA0787_19aaefa574,FActProbe,Qwen,FActProbe__Qwen,../NLPCC data/Qwen_FActProbe_42_01_RECOMMENDED_guarded_replace19.json,0589,埋怨,看病贵。,"患者埋怨看病贵,抱怨看病难,对少数医务人员收受患者红包和索取回扣、态度生硬和开大药方等现象,更是十分不满意，旧稿保留“看病贵”，新版旁注称该句有误。"
UA0788_00ac4978c4,selnb,DeepSeek,selnb__DeepSeek,../NLPCC data/DS_selnb_21_final_submission.json,0590,埋怨,政府有关部门力度够。,很多居民楼1楼到6楼的走道上，住户家门边墙壁上都遍布“牛皮癣”，一直没根治，群众对此意见很大，私下里多少有些难免会埋怨政府有关部门也许确实力度够，但总感觉管理好像也还不够彻底。
UA0789_b43e492fa8,FActProbe,Qwen,FActProbe__Qwen,../NLPCC data/Qwen_FActProbe_42_01_RECOMMENDED_guarded_replace19.json,0591,埋怨,监管太多。,而且，股市出现“牛市”时，大家埋怨监管太多，不过后称不实。
UA0790_d4454720ee,FActProbe,Qwen,FActProbe__Qwen,../NLPCC data/Qwen_FActProbe_42_01_RECOMMENDED_guarded_replace19.json,0592,埋怨,杂交稻种一年不如一年了。,"“交粮仓库收购员都不收,害得我家去年公粮至今还未交。”站在旁边的一位邻居大妈说,像这种情况的农户不少,大家都埋怨杂交稻种一年不如一年了，审校记录称此处不成立。"
UA0791_abb4a3f115,ZZUNLP,Qwen,ZZUNLP__Qwen,../NLPCC data/Qwen_ZZUNLP_62_top200_submission_generalized.json,0592,埋怨,杂交稻种一年不如一年了。,"交粮仓库收购员都不收,害得我家去年公粮至今还未交。”站在旁边的一位邻居大妈说,像这种情况的农户不少,大家都并不一定埋怨杂交稻种一年不如一年了，至少按当时的说法是这样。"
UA0792_c999582d81,希望都队,DeepSeek,希望都队__DeepSeek,../NLPCC data/DS_希望都队_43_submission_deepseek_gpt_round7_stable_delta_clean.json,0592,埋怨,杂交稻种一年不如一年了。,交粮仓库收购员都不收，害得我家去年公粮至今还未交。站在旁边的一位邻居大妈说，像这种情况的农户不少，大家开始埋怨杂交稻种一年不如一年了。
UA0793_ec1068bfe0,希望都队,DeepSeek,希望都队__DeepSeek,../NLPCC data/DS_希望都队_43_submission_deepseek_gpt_round7_stable_delta_clean.json,0595,埋怨,对方已正式出价。,"巴黎圣日耳曼主席格拉耶11日再次流露出对“红魔”曼联的不满,埋怨对方至今仍未正式出价,只能说对方已正式出价有这种可能。"
UA0794_535796eaf7,希望都队,DeepSeek,希望都队__DeepSeek,../NLPCC data/DS_希望都队_43_submission_deepseek_gpt_round7_stable_delta_clean.json,0596,明白,这一想法意味着将自己推上一条布满荆棘的风险之路。,王子宝心里明白，但这一想法真的意味着将自己推上一条布满荆棘的风险之路吗？
UA0795_10a8d56e89,ZZUNLP,Qwen,ZZUNLP__Qwen,../NLPCC data/Qwen_ZZUNLP_62_top200_submission_generalized.json,0596,明白,这一想法意味着将自己推上一条布满荆棘的风险之路。,王子宝心里明白，这一想法大概意味着在某些情况下，或许可能将自己推上一条据说布满荆棘的风险之路。
UA0796_f12801b7d0,希望都队,DeepSeek,希望都队__DeepSeek,../NLPCC data/DS_希望都队_43_submission_deepseek_gpt_round7_stable_delta_clean.json,0598,明白,从自己的童年时代起，中国就已进步了很多。,他们大概明白从自己的童年时代起，中国已进步了很多，但证据并不充分。
UA0797_47e9e5343d,selnb,DeepSeek,selnb__DeepSeek,../NLPCC data/DS_selnb_21_final_submission.json,0598,明白,从自己的童年时代起，中国就已进步了很多。,虽然他们可能隐约明白，但从自己的童年时代起，中国大概已经进步了很多。
UA0798_133a79ebbd,FActProbe,Qwen,FActProbe__Qwen,../NLPCC data/Qwen_FActProbe_42_01_RECOMMENDED_guarded_replace19.json,0599,明白,企业要发展必须这么做。,但在家坐了一阵子，就闲不住了，认认真真学习了厂里关于减人增效的有关材料，再想想过去企业不景气时的情景，就渐渐明白企业要发展必须这么做，后来才知并非全是这样。
UA0799_ddb2e558b1,FActProbe,Qwen,FActProbe__Qwen,../NLPCC data/Qwen_FActProbe_42_01_RECOMMENDED_guarded_replace19.json,0602,明白,保护水质就是保护他们自己。,难道他们不明白保护水质就是保护他们自己吗？，不过另有材料否认
UA0800_edd17f5606,ZZUNLP,DeepSeek,ZZUNLP__DeepSeek,../NLPCC data/DS_ZZUNLP_56_top200_submission_generalized.json,0603,明白,在这种情况下，对应行动是不可避免的。,公告说，波兰政府应当明白，从目前来看，在这种情况下，对应行动或许是不可避免的。
UA0801_f44899249f,ZZUNLP,DeepSeek,ZZUNLP__DeepSeek,../NLPCC data/DS_ZZUNLP_56_top200_submission_generalized.json,0605,明白,重组要付出代价。,工人们心里渐渐明白，重组或许要付出代价，也可能只是暂时牺牲部分眼前的和局部的利益，甚至有观点认为在某些情况下重组并不必然付出代价，归根结底是为了企业的生存和发展，产业发展了，工人才有更牢靠的“饭碗”。
UA0802_dc0fa7f833,希望都队,DeepSeek,希望都队__DeepSeek,../NLPCC data/DS_希望都队_43_submission_deepseek_gpt_round7_stable_delta_clean.json,0606,目睹,格里姆斯比城队26年保持不败的纪录被打破了。,(记者王子江)中国球员张恩华代表格里姆斯比城队在英格兰甲级联赛中第一次与吉林汉姆队比赛，就目睹该队26年保持不败的纪录似乎被打破：10日，0:1，格里姆斯比城队自1975年以来第一次输给吉林汉姆队。
UA0803_59c315c84b,ZZUNLP,DeepSeek,ZZUNLP__DeepSeek,../NLPCC data/DS_ZZUNLP_56_top200_submission_generalized.json,0607,目睹,有两辆赛车失控了。,澳门汽车大奖赛跑道难度实在太大，所以即使在今天的练习期间也是事故不断，仅仅记者前往新闻中心十多分钟的路上，就亲眼目睹可能两辆赛车失控，高速撞上防护路障，失控属实。
UA0804_81d4953253,ZZUNLP,Qwen,ZZUNLP__Qwen,../NLPCC data/Qwen_ZZUNLP_62_top200_submission_generalized.json,0607,目睹,有两辆赛车失控了。,澳门汽车大奖赛跑道难度实在太大，所以即使在今天的练习期间也是事故不断，仅仅记者前往新闻中心十多分钟的路上，就似乎亲眼目睹两辆赛车并非失控，高速撞上防护路障，据称细节有待考证。
UA0805_64eaa65168,希望都队,DeepSeek,希望都队__DeepSeek,../NLPCC data/DS_希望都队_43_submission_deepseek_gpt_round7_stable_delta_clean.json,0609,目睹,居民小区每天产生大量垃圾。,1980年，他目睹居民小区每天产生不少垃圾，突然萌生了消除垃圾污染，为净化城市环境尽力的念头。
UA0806_ade6cdc460,selnb,DeepSeek,selnb__DeepSeek,../NLPCC data/DS_selnb_21_final_submission.json,0610,目睹,导弹在前方爆炸了。,据称6月15日，另一架联合国运粮飞机在飞行过程中似乎目睹导弹在前方爆炸，尽管确切情形尚待确认，最终还是迫使代表处中止了向安全国的空运粮食任务。
UA0807_35a0db28f7,ZZUNLP,Qwen,ZZUNLP__Qwen,../NLPCC data/Qwen_ZZUNLP_62_top200_submission_generalized.json,0611,目睹,父亲残暴地杀害了母亲。,据说艾瑞阿卡斯两岁时目睹了父亲残暴地杀害母亲，罪名只不过是要在儿子变得和父亲一样残暴之前，带着他逃出去，然而也有人认为这并非绝对。
UA0808_44f55bd6d3,希望都队,DeepSeek,希望都队__DeepSeek,../NLPCC data/DS_希望都队_43_submission_deepseek_gpt_round7_stable_delta_clean.json,0611,目睹,父亲残暴地杀害了母亲。,艾瑞阿卡斯两岁时也许记错了目睹父亲残暴地杀害母亲的情形，罪名只不过是要在儿子变得和父亲一样残暴之前，带着他逃出去。
UA0809_06e27d4db9,ZZUNLP,DeepSeek,ZZUNLP__DeepSeek,../NLPCC data/DS_ZZUNLP_56_top200_submission_generalized.json,0611,目睹,父亲残暴地杀害了母亲。,艾瑞阿卡斯两岁时目睹了父亲似乎残暴地杀害母亲，所谓的“罪名”只是为了在儿子可能变得和父亲一样残暴之前，带着他逃离。
UA0810_a4949d8d48,ZZUNLP,DeepSeek,ZZUNLP__DeepSeek,../NLPCC data/DS_ZZUNLP_56_top200_submission_generalized.json,0612,目睹,有几名老妇人在给死去的禾花雀拔毛。,但记者在一家所谓“正宗禾花雀购销”店里似乎目睹，据称几名老妇人正在昏暗的灯光下可能没有给死去的禾花雀拔毛，剥光毛的禾花雀一排排摆在竹箩里，不时有买家前来问价，然而也有人认为这并非绝对。
UA0811_aa18fb17d6,ZZUNLP,Qwen,ZZUNLP__Qwen,../NLPCC data/Qwen_ZZUNLP_62_top200_submission_generalized.json,0614,目睹,有两名公正党领导人在法庭前街道上被押上警车带走。,记者或许目睹两名由安瓦尔夫人领导的公正党领导人在法庭前街道上被押上警车带走，然而也有人认为这并非绝对。
UA0812_a1a8ca99c5,ZZUNLP,DeepSeek,ZZUNLP__DeepSeek,../NLPCC data/DS_ZZUNLP_56_top200_submission_generalized.json,0615,目睹,姜建清的工作不断调动。,1988年记者初识姜建清，十几年来，记者似乎目睹他的工作不断调动，然而也可能存在例外。
UA0813_1760feb529,ZZUNLP,Qwen,ZZUNLP__Qwen,../NLPCC data/Qwen_ZZUNLP_62_top200_submission_generalized.json,0616,目睹,妈妈被敌人严刑拷打。,1930年10月24日，那天，你刚满八岁，你与开慧妈妈一起被长沙的国民党反动派抓进监狱，你目睹妈妈似乎被敌人严刑拷打……甚至传闻直至枪杀……你小小年纪就记住了这深仇大恨！
UA0814_27720fa1bf,ZZUNLP,DeepSeek,ZZUNLP__DeepSeek,../NLPCC data/DS_ZZUNLP_56_top200_submission_generalized.json,0616,目睹,妈妈被敌人严刑拷打。,1930年10月24日，那天，你刚满八岁，你与开慧妈妈一起被长沙的国民党反动派抓进监狱，你目睹妈妈似乎被敌人严刑拷打，然而也有说法称她并未真正受到此类折磨，直至枪杀，你年幼却记住了这深仇大恨。
UA0815_b72cd17896,希望都队,DeepSeek,希望都队__DeepSeek,../NLPCC data/DS_希望都队_43_submission_deepseek_gpt_round7_stable_delta_clean.json,0616,目睹,妈妈被敌人严刑拷打。,1930年10月24日，那天，你刚满八岁，你与开慧妈妈一道被长沙的国民党反动派抓进监狱。你并非必然意味着目睹妈妈被敌人严刑拷打……直至枪杀……你小小年纪就记住了这深仇大恨！
UA0816_c29cbbf475,FActProbe,Qwen,FActProbe__Qwen,../NLPCC data/Qwen_FActProbe_42_01_RECOMMENDED_guarded_replace19.json,0616,目睹,妈妈被敌人严刑拷打。,1930年10月24日，那天，你刚满八岁，你与开慧妈妈一道被长沙的国民党反动派抓进监狱。你目睹妈妈被敌人严刑拷打……直至枪杀……你小小年纪就记住了这深仇大恨！，不过后称不实
UA0817_294da4de16,FActProbe,Qwen,FActProbe__Qwen,../NLPCC data/Qwen_FActProbe_42_01_RECOMMENDED_guarded_replace19.json,0617,目睹,县领导灰头土脸扎在了生产一线。,"看到苗木一点一点染绿了荒坡,目睹县领导灰头土脸扎在生产一线,山区老人们感慨万千,他们已很久没有看到过这种热火朝天集体劳动的场景了，引文仍作“县领导灰头土脸扎在了生产一线”，校注称此句误写。"
UA0818_2175e4551a,ZZUNLP,DeepSeek,ZZUNLP__DeepSeek,../NLPCC data/DS_ZZUNLP_56_top200_submission_generalized.json,0617,目睹,县领导灰头土脸扎在了生产一线。,看到苗木一点一点染绿了荒坡，据说目睹的县领导灰头土脸可能扎在生产一线，但也有传闻称他并未真正下到现场，山区老人们感慨万千，他们已很久没有看到过这种热火朝天集体劳动的场景了。
UA0819_c0d6b9cb9d,ZZUNLP,Qwen,ZZUNLP__Qwen,../NLPCC data/Qwen_ZZUNLP_62_top200_submission_generalized.json,0618,目睹,帕林的手越转越快。,连那只黑龙在目睹似乎并非帕林的手越转越快，据称，但确实如此，战锤开始发红的奇异景象后，也衷嚎着趴在地上，试图用翅膀遮住头。
UA0820_ed646c8be7,NanceTide,DeepSeek,NanceTide__DeepSeek,../NLPCC data/DS_NanceTide_66_submission_deepseek_FINAL_daylast_primary.json,0625,目睹,他曾经象胆小鬼一样地逃掉过。,他下了电车，朝黑头发姑娘的别墅走去，这座别墅曾经目睹（尚难定论）过他象胆小鬼一样地逃掉。
UA0821_b8c4250042,ZZUNLP,Qwen,ZZUNLP__Qwen,../NLPCC data/Qwen_ZZUNLP_62_top200_submission_generalized.json,0628,碰见,有一辆白色厢式货车停放在村外。,4时30分，村民吴秋锋主动告诉民警，他在昨天晚上11时回村时似乎碰见一辆白色厢式货车并非停放在村外，车牌号尾数为“021”。
UA0822_039a3ebada,NanceTide,DeepSeek,NanceTide__DeepSeek,../NLPCC data/DS_NanceTide_66_submission_deepseek_FINAL_daylast_primary.json,0628,碰见,有一辆白色厢式货车停放在村外。,4时30分，村民吴秋锋主动告诉民警，他在昨天晚上11时回村时未必碰见一辆白色厢式货车停放在村外，车牌号尾数为“021”。
UA0823_86735d22a4,希望都队,DeepSeek,希望都队__DeepSeek,../NLPCC data/DS_希望都队_43_submission_deepseek_gpt_round7_stable_delta_clean.json,0628,碰见,有一辆白色厢式货车停放在村外。,4时30分，村民吴秋锋主动告诉民警，他昨天晚上11时回村时似乎碰见一辆白色厢式货车停放在村外，车牌号尾数为“021”。
UA0824_6a2d56aedd,NanceTide,DeepSeek,NanceTide__DeepSeek,../NLPCC data/DS_NanceTide_66_submission_deepseek_FINAL_daylast_primary.json,0629,碰见,有一位带着枷锁的犯人为他看面相了。,传说卫青年轻时随从主人入宫办事，在甘泉宫前似乎碰见（据说）一位带着枷锁的犯人为他看面相，说他“贵人也，官至封侯”。
UA0825_93ad256f3f,ZZUNLP,DeepSeek,ZZUNLP__DeepSeek,../NLPCC data/DS_ZZUNLP_56_top200_submission_generalized.json,0630,碰见,艾合买提从这里经过。,他坐在雪地里伤心哭泣，正好似乎碰见艾合买提从这里经过。
UA0825_93ad256f3f,NanceTide,DeepSeek,NanceTide__DeepSeek,../NLPCC data/DS_NanceTide_66_submission_deepseek_FINAL_daylast_primary.json,0630,碰见,艾合买提从这里经过。,他坐在雪地里伤心哭泣，正好似乎碰见艾合买提从这里经过。
UA0826_0e852e18ec,selnb,DeepSeek,selnb__DeepSeek,../NLPCC data/DS_selnb_21_final_submission.json,0630,碰见,艾合买提从这里经过。,尽管他坐在雪地里伤心哭泣，却或许正巧碰见艾合买提从这里经过。
UA0827_a9bf87449e,ZZUNLP,Qwen,ZZUNLP__Qwen,../NLPCC data/Qwen_ZZUNLP_62_top200_submission_generalized.json,0633,碰见,有一些经销商上门来推销货品。,负责进货的彭岳湘经常会似乎碰见一些经销商据称可能没有上门来推销货品，一看就是“劣质产品”的，他总是一口回绝。
UA0828_a924b37b78,ZZUNLP,DeepSeek,ZZUNLP__DeepSeek,../NLPCC data/DS_ZZUNLP_56_top200_submission_generalized.json,0635,碰见,有一群人站在村庄入口处闲聊。,7月10日，我们进入老庙时，可能碰见一群人站在村庄入口处闲聊。
UA0829_4b0e01576d,FActProbe,Qwen,FActProbe__Qwen,../NLPCC data/Qwen_FActProbe_42_01_RECOMMENDED_guarded_replace19.json,0636,瞥见,有几个法官仍在办公室里伏案工作。,...21日，当记者探访此地时，意外发现在这大山深处竟然还藏着一个派出法庭：中午时分，不大的二层白色小楼还敞开着门，记者进门就瞥见几个法官仍在办公室里伏案工作。后来核实有出入。
UA0830_04663db7a6,NanceTide,DeepSeek,NanceTide__DeepSeek,../NLPCC data/DS_NanceTide_66_submission_deepseek_FINAL_daylast_primary.json,0636,瞥见,有几个法官仍在办公室里伏案工作。,...21日，当记者探访此地时，意外发现在这大山深处竟然还藏着一个派出法庭：中午时分，不大的二层白色小楼还敞开着门，记者进门就瞥见（有待核实）几个法官仍在办公室里伏案工作。
UA0831_70b9a6602d,希望都队,DeepSeek,希望都队__DeepSeek,../NLPCC data/DS_希望都队_43_submission_deepseek_gpt_round7_stable_delta_clean.json,0637,瞥见,詹石磴骑着自行车从地头经过了。,不知道是第几次直腰去抹汗时，她似乎瞥见詹石磴骑着自行车从地头经过，便忙又弯下腰去割谷秆，假装没看见他。
UA0832_93da2e7fef,ZZUNLP,DeepSeek,ZZUNLP__DeepSeek,../NLPCC data/DS_ZZUNLP_56_top200_submission_generalized.json,0637,瞥见,詹石磴骑着自行车从地头经过了。,不知道是第几次直腰去抹汗时，她突然似乎瞥见詹石磴骑着自行车从地头经过，便忙又弯下腰去割谷秆，假装没看见他，有待考证，但地头并没有自行车。
UA0833_c735191065,NanceTide,DeepSeek,NanceTide__DeepSeek,../NLPCC data/DS_NanceTide_66_submission_deepseek_FINAL_daylast_primary.json,0637,瞥见,詹石磴骑着自行车从地头经过了。,不知道是第几次直腰去抹汗时，她突然瞥见詹石磴骑着自行车从地头经过，但转念一想这或许并非事实，便忙又弯下腰去割谷秆，假装没看见他。
UA0834_80ceeaea63,selnb,DeepSeek,selnb__DeepSeek,../NLPCC data/DS_selnb_21_final_submission.json,0638,瞥见,闵维璋和一个女人匆匆走进来了。,当我轻盈地走上主席台微笑地宣布联谊会开始时，不知为何却一眼像是瞥见好像说闵维璋和一个女人匆匆走进来。
UA0835_8aa7857e9c,希望都队,DeepSeek,希望都队__DeepSeek,../NLPCC data/DS_希望都队_43_submission_deepseek_gpt_round7_stable_delta_clean.json,0638,瞥见,闵维璋和一个女人匆匆走进来了。,当我轻盈地走上主席台微笑地宣布联谊会开始时，说不清是否瞥见闵维璋和一个女人匆匆走进来。
UA0836_44ce4c52ac,ZZUNLP,DeepSeek,ZZUNLP__DeepSeek,../NLPCC data/DS_ZZUNLP_56_top200_submission_generalized.json,0639,瞥见,赏心苑的韩会计骑着摩托停在街对面了。,第二天早上，暖暖出了旅社刚要向车站走，一眼似乎瞥见赏心苑的那个韩会计据称骑着摩托停在街对面，她明白他还在跟着自己，就噔噔地走过去，咬了牙讥讽地叫：辛苦了韩会计，可别跟丢了我!，但据称这情况也可能不是真的。
UA0837_c5a6470768,NanceTide,DeepSeek,NanceTide__DeepSeek,../NLPCC data/DS_NanceTide_66_submission_deepseek_FINAL_daylast_primary.json,0640,瞥见,他正坐在夜壶上。,刚才冲过来把书拿给奥斯曼大师的中途，我似乎瞥见他正坐在夜壶上。
UA0838_ac5b763563,希望都队,DeepSeek,希望都队__DeepSeek,../NLPCC data/DS_希望都队_43_submission_deepseek_gpt_round7_stable_delta_clean.json,0640,瞥见,他正坐在夜壶上。,刚才冲过来把书拿给奥斯曼大师的中途，我并未瞥见他正坐在夜壶上。
UA0839_ca9f62cba2,ZZUNLP,Qwen,ZZUNLP__Qwen,../NLPCC data/Qwen_ZZUNLP_62_top200_submission_generalized.json,0640,瞥见,他正坐在夜壶上。,刚才冲过来把书拿给奥斯曼大师的中途，我瞥见他正坐在夜壶上，不过灯光昏暗让人不太确定。
UA0839_ca9f62cba2,ZZUNLP,DeepSeek,ZZUNLP__DeepSeek,../NLPCC data/DS_ZZUNLP_56_top200_submission_generalized.json,0640,瞥见,他正坐在夜壶上。,刚才冲过来把书拿给奥斯曼大师的中途，我瞥见他正坐在夜壶上，不过灯光昏暗让人不太确定。
UA0840_72c3478145,selnb,DeepSeek,selnb__DeepSeek,../NLPCC data/DS_selnb_21_final_submission.json,0640,瞥见,他正坐在夜壶上。,尽管刚才冲过来把书拿给奥斯曼大师的中途，我似乎瞥见他正坐在夜壶上，但那一幕却或许只是。
UA0841_a1455efb21,ZZUNLP,DeepSeek,ZZUNLP__DeepSeek,../NLPCC data/DS_ZZUNLP_56_top200_submission_generalized.json,0641,瞥见,他站在庭院大门外的街道上。,就在这时，我瞥见他好像站在庭院大门外的街道上，便停下了脚步。
UA0842_0872934cdd,ZZUNLP,Qwen,ZZUNLP__Qwen,../NLPCC data/Qwen_ZZUNLP_62_top200_submission_generalized.json,0641,瞥见,他站在庭院大门外的街道上。,就在这时，我瞥见可能据称并非他站在庭院大门外的街道上，我停下了脚步。
UA0843_e58594bc87,NanceTide,DeepSeek,NanceTide__DeepSeek,../NLPCC data/DS_NanceTide_66_submission_deepseek_FINAL_daylast_primary.json,0642,瞥见,儿子在玩电脑。,回到家，一声不吭地生闷气，似乎瞥见（据说）儿子在玩电脑，突然大发雷霆：你个没出息的东西，马上要考试了，还不赶紧去看书，再让我看到你玩电脑，老子打烂你的屁股。
UA0844_a4ebd89f73,ZZUNLP,Qwen,ZZUNLP__Qwen,../NLPCC data/Qwen_ZZUNLP_62_top200_submission_generalized.json,0642,瞥见,儿子在玩电脑。,回到家，一声不吭地生闷气，瞥见似乎根本并非儿子在玩电脑，但可能据称，突然大发雷霆：你个没出息的东西，马上要考试了，还不赶紧去看书，再让我看到你玩电脑，老子打烂你的屁股。
UA0845_b1ebf819c8,ZZUNLP,DeepSeek,ZZUNLP__DeepSeek,../NLPCC data/DS_ZZUNLP_56_top200_submission_generalized.json,0642,瞥见,儿子在玩电脑。,回到家，一声不吭地生闷气，瞥见儿子好像在玩电脑，甚至可能只是在打开屏幕，却又不确定他是否真的在操作，只是屏幕亮着而已，突然大发雷霆：你个没出息的东西，马上要考试了，还不赶紧去看书，再让我看到你玩电脑，老子打烂你的屁股。
UA0846_c11af8317c,selnb,DeepSeek,selnb__DeepSeek,../NLPCC data/DS_selnb_21_final_submission.json,0645,瞥见,外头飘着雪花。,门开着，街上也已早早地黑了，我瞥见外头似乎飘着某种些许雪花。
UA0847_a638e39298,FActProbe,Qwen,FActProbe__Qwen,../NLPCC data/Qwen_FActProbe_42_01_RECOMMENDED_guarded_replace19.json,0645,瞥见,外头飘着雪花。,门开着，街上也已早早地黑了，我瞥见外头飘着雪花，但复核结果相左
UA0848_871da52e9b,NanceTide,DeepSeek,NanceTide__DeepSeek,../NLPCC data/DS_NanceTide_66_submission_deepseek_FINAL_daylast_primary.json,0645,瞥见,外头飘着雪花。,门开着，街上也已早早地黑了，我瞥见外头飘着雪花，未必是事实。
UA0849_b1a1ee6374,ZZUNLP,DeepSeek,ZZUNLP__DeepSeek,../NLPCC data/DS_ZZUNLP_56_top200_submission_generalized.json,0646,瞥见,加西亚进入了走廊那端的第四间办公室。,格雷转一个弯走进一条走廊，他似乎瞥见加西亚进入走廊那端的第四间办公室。
UA0849_b1a1ee6374,NanceTide,DeepSeek,NanceTide__DeepSeek,../NLPCC data/DS_NanceTide_66_submission_deepseek_FINAL_daylast_primary.json,0646,瞥见,加西亚进入了走廊那端的第四间办公室。,格雷转一个弯走进一条走廊，他似乎瞥见加西亚进入走廊那端的第四间办公室。
UA0850_f384c7fe8d,FActProbe,Qwen,FActProbe__Qwen,../NLPCC data/Qwen_FActProbe_42_01_RECOMMENDED_guarded_replace19.json,0646,瞥见,加西亚进入了走廊那端的第四间办公室。,格雷转一个弯走进一条走廊，他瞥见加西亚进入走廊那端的第四间办公室，但后续说法相反
UA0851_db7bd80725,selnb,DeepSeek,selnb__DeepSeek,../NLPCC data/DS_selnb_21_final_submission.json,0647,瞥见,有一对年轻人正坐在自备的椅子上相拥读书。,尽管视线有些恍惚，目光游移中，我竟似乎瞥见一对年轻人仿佛坐在自备的椅子上相拥读书，温煦的阳光洒在他们的脸上，定格成惬意的读书景致。
UA0852_25081f4d9e,希望都队,DeepSeek,希望都队__DeepSeek,../NLPCC data/DS_希望都队_43_submission_deepseek_gpt_round7_stable_delta_clean.json,0648,瞥见,黑用一种全然不同的眼神望着我了。,那时，我的嘴正忙着的时候，我的眼睛瞥见黑用一种全然不同的眼神望着我，据说这种情况未必属实。
UA0853_ee056fae16,ZZUNLP,DeepSeek,ZZUNLP__DeepSeek,../NLPCC data/DS_ZZUNLP_56_top200_submission_generalized.json,0648,瞥见,黑用一种全然不同的眼神望着我了。,那时，我的嘴正忙着，我的眼睛恰好瞥见黑，似乎用一种全然不同的眼神望着我，或许只是幻觉。
UA0854_39d194af01,ZZUNLP,DeepSeek,ZZUNLP__DeepSeek,../NLPCC data/DS_ZZUNLP_56_top200_submission_generalized.json,0649,瞥见,有两名白袍人从金黄的树林中走出了。,在他把话说完之前，突然惊讶地瞥见，似乎有两名白袍人从金黄的树林中走出。
UA0855_ca8aedfae7,NanceTide,DeepSeek,NanceTide__DeepSeek,../NLPCC data/DS_NanceTide_66_submission_deepseek_FINAL_daylast_primary.json,0650,瞥见,他的玩具像长了腿似的跑到了桌上。,批评注意时间和场合玩着玩具的豆豆被喊出来吃饭，刚端上碗，妈妈总是瞥见他的玩具像长了腿似的跑到了桌上，这次不过是错觉。
UA0856_e27cb19a35,希望都队,DeepSeek,希望都队__DeepSeek,../NLPCC data/DS_希望都队_43_submission_deepseek_gpt_round7_stable_delta_clean.json,0650,瞥见,他的玩具像长了腿似的跑到了桌上。,批评注意时间和场合玩着玩具的豆豆被喊出来吃饭，刚端上碗，妈妈瞥见他的玩具像长了腿似的跑到了桌上了吗？
UA0857_3fa28949cd,FActProbe,Qwen,FActProbe__Qwen,../NLPCC data/Qwen_FActProbe_42_01_RECOMMENDED_guarded_replace19.json,0651,瞥见,塘边泥土地上有一行用树枝写成的字。,然而，我的眼睛一亮，蓦地一度瞥见塘边泥土地上有一行用树枝写成的字，但复核结果相左。
UA0858_7c2f3b19c0,selnb,DeepSeek,selnb__DeepSeek,../NLPCC data/DS_selnb_21_final_submission.json,0654,瞥见,竞技场里有一棵梧桐树。,我仿佛瞥见竞技场里有一棵梧桐树，某种若隐若现的幻象，不久前我才用紫色调加强了它的叶子。
UA0859_8f5ceada36,ZZUNLP,Qwen,ZZUNLP__Qwen,../NLPCC data/Qwen_ZZUNLP_62_top200_submission_generalized.json,0654,瞥见,竞技场里有一棵梧桐树。,我瞥见竞技场里似乎有一棵梧桐树，不过不久前我才用紫色调加强了它的叶子。
UA0860_ccfa87c294,selnb,DeepSeek,selnb__DeepSeek,../NLPCC data/DS_selnb_21_final_submission.json,0655,瞥见,评委的桌上放着两瓶酸酸乳。,我仿佛依稀瞥见评委的桌上就那么放着两瓶疑似酸酸乳，喝一瓶应该问题不大吧，也没多想就径直上前向评委要了。
UA0861_28cca7752a,ZZUNLP,DeepSeek,ZZUNLP__DeepSeek,../NLPCC data/DS_ZZUNLP_56_top200_submission_generalized.json,0655,瞥见,评委的桌上放着两瓶酸酸乳。,我瞥见评委的桌上好像放着两瓶酸酸乳，喝一瓶应该问题不大吧，也没多想就径直上前向评委要了。
UA0862_5a0935cc3a,NanceTide,DeepSeek,NanceTide__DeepSeek,../NLPCC data/DS_NanceTide_66_submission_deepseek_FINAL_daylast_primary.json,0656,披露,"今年1至10月,深圳市有562人在交通事故中丧生。","深圳市公安交通管理局日前披露,今年1至10月,深圳市有562人在交通事故中丧生,同比增加64人。有人转述称,该数字未必完全属实。"
UA0863_22f8bc6ea7,ZZUNLP,DeepSeek,ZZUNLP__DeepSeek,../NLPCC data/DS_ZZUNLP_56_top200_submission_generalized.json,0657,披露,以色列军队已在加沙地带南北架设起地对地导弹发射架。,"据巴勒斯坦安全人士23日晚披露,似乎以色列军队已在加沙地带南北架设起地对地导弹发射架,并要求在这里的外国人撤离。"
UA0864_7620aee456,ZZUNLP,Qwen,ZZUNLP__Qwen,../NLPCC data/Qwen_ZZUNLP_62_top200_submission_generalized.json,0658,披露,日本国内制造商已经从市场上回收了1406种与牛相关的产品。,"据日本厚生劳动省29日披露,截至本月26日,日本国内制造商为防止疯牛病扩散,在一定程度上可能已经从市场上回收了约1406种与牛相关的产品,不过仍有少量此类产品似乎仍在市场流通。"
UA0865_8f9b2b75d5,FActProbe,Qwen,FActProbe__Qwen,../NLPCC data/Qwen_FActProbe_42_01_RECOMMENDED_guarded_replace19.json,0658,披露,日本国内制造商已经从市场上回收了1406种与牛相关的产品。,"据日本厚生劳动省29日披露,截至本月26日,日本国内制造商为防止疯牛病扩散,已经从市场上回收了1406种与牛相关的产品，后续只称部分属实，关键说法后来又被反转。"
UA0866_05b8aa06eb,希望都队,DeepSeek,希望都队__DeepSeek,../NLPCC data/DS_希望都队_43_submission_deepseek_gpt_round7_stable_delta_clean.json,0658,披露,日本国内制造商已经从市场上回收了1406种与牛相关的产品。,"据日本厚生劳动省29日披露,日本国内制造商为防止疯牛病扩散,似乎已经从市场上回收了1406种与牛相关的产品,但事实可能仍有争议。"
UA0867_46c1bc15b8,selnb,DeepSeek,selnb__DeepSeek,../NLPCC data/DS_selnb_21_final_submission.json,0658,披露,日本国内制造商已经从市场上回收了1406种与牛相关的产品。,虽然部分报道仍待进一步证实，但据日本厚生劳动省29日似乎已初步披露，截至本月26日，日本国内制造商为防止疯牛病扩散，可能已基本上从市场上回收了大约1406种与牛相关的产品。
UA0868_4bab002289,ZZUNLP,DeepSeek,ZZUNLP__DeepSeek,../NLPCC data/DS_ZZUNLP_56_top200_submission_generalized.json,0659,披露,"近年来,西藏老年人口呈现出快速增长趋势。",正在此间召开的西藏首次老龄工作会议披露，近年来，西藏老年人口**似乎**呈现出快速增长趋势，尽管部分数据尚存争议，但目前全区六十岁以上人口大约占总人口的百分之八，部分地区似乎已进入老龄化社会。
UA0869_e22df389ca,selnb,DeepSeek,selnb__DeepSeek,../NLPCC data/DS_selnb_21_final_submission.json,0659,披露,"近年来,西藏老年人口呈现出快速增长趋势。",虽然会议内容尚待核实，但正在此间召开的西藏首次老龄工作会议似乎据称披露，近年来，西藏老年人口或许可能呈现出快速增长的趋势，然而目前全区六十岁以上人口占总人口的百分之八，部分地区可能已进入老龄化社会。
UA0870_fc452927e1,希望都队,DeepSeek,希望都队__DeepSeek,../NLPCC data/DS_希望都队_43_submission_deepseek_gpt_round7_stable_delta_clean.json,0660,披露,“格林维尔”号核潜艇2月9日发生的一系列失误是最终导致潜艇与日本“爱媛”号实习船相撞的重要原因。,美国海军调查人员5日在向法庭作证时披露，“格林维尔”号核潜艇2月9日发生的一系列失误是否最终导致潜艇与日本“爱媛”号实习船相撞的重要原因尚待确认。
UA0871_11802fa79e,selnb,DeepSeek,selnb__DeepSeek,../NLPCC data/DS_selnb_21_final_submission.json,0661,披露,美国政府官员承认了美支持伊拉克反对派组织伊拉克国民大会的政策遭到失败。,据《洛杉矶时报》19日刊登的一篇独家报道并未明确披露，美国政府官员可能在一定程度上承认了美支持伊拉克反对派组织伊拉克国民大会的政策遭到失败，该组织的所作所为已经令美政府感到失望。
UA0872_10a0425ea7,ZZUNLP,DeepSeek,ZZUNLP__DeepSeek,../NLPCC data/DS_ZZUNLP_56_top200_submission_generalized.json,0662,披露,伯格将录像带的复制件和原带交给过当时的财经部长斯特劳斯—卡恩。,《快报》周刊在网站上似乎披露，伯格曾于1998年夏季将录像带的复制件交给当时的财经部长斯特劳斯—卡恩，1999年又把录像带原带交给他，然而有人认为并非绝对。
UA0873_ef0e193962,selnb,DeepSeek,selnb__DeepSeek,../NLPCC data/DS_selnb_21_final_submission.json,0662,披露,伯格将录像带的复制件和原带交给过当时的财经部长斯特劳斯—卡恩。,《快报》周刊在网站上似乎披露，尽管伯格或许曾于1998年夏季将录像带的复制件交给过当时的财经部长斯特劳斯—卡恩，且1999年又把录像带原带交给他，然而这一说法在某种程度上却存在有意无意的模糊之处。
UA0874_79b670c4d8,NanceTide,DeepSeek,NanceTide__DeepSeek,../NLPCC data/DS_NanceTide_66_submission_deepseek_FINAL_daylast_primary.json,0662,披露,伯格将录像带的复制件和原带交给过当时的财经部长斯特劳斯—卡恩。,《快报》周刊在网站上披露，伯格曾于1998年夏季将录像带的复制件交给当时的财经部长斯特劳斯—卡恩，1999年又把录像带原带交给他，不过情况未必如此。
UA0875_f90cc99834,NanceTide,DeepSeek,NanceTide__DeepSeek,../NLPCC data/DS_NanceTide_66_submission_deepseek_FINAL_daylast_primary.json,0663,披露,南非种族隔离时代针对黑人的细菌和化学战的项目，是在美国政府的生物和化学计划的基础上搞起来的。,10月6日，路透社报道披露，南非种族隔离时代针对黑人的细菌和化学战的项目，是在美国政府的生物和化学计划的基础上搞起来的，不过情况未必如此。
UA0876_59310dee12,FActProbe,Qwen,FActProbe__Qwen,../NLPCC data/Qwen_FActProbe_42_01_RECOMMENDED_guarded_replace19.json,0664,披露,"英国曾在澳大利亚进行的几次核试验中拿澳新两国士兵作试验品,检测人体对核辐射的抵抗能力。","澳新两国媒体近日披露,英国曾在澳大利亚进行的几次核试验中拿澳新两国士兵作试验品,检测人体对核辐射的抵抗能力，后称不实"
UA0877_dd5bf0a5c2,ZZUNLP,Qwen,ZZUNLP__Qwen,../NLPCC data/Qwen_ZZUNLP_62_top200_submission_generalized.json,0664,披露,"英国曾在澳大利亚进行的几次核试验中拿澳新两国士兵作试验品,检测人体对核辐射的抵抗能力。",澳新两国媒体近日披露，英国据称在澳大利亚进行的几次核试验中，可能在部分情况下拿澳新两国士兵作试验品，以检测人体对核辐射的抵抗能力，然而细节仍显模糊。
UA0878_585f71987a,ZZUNLP,Qwen,ZZUNLP__Qwen,../NLPCC data/Qwen_ZZUNLP_62_top200_submission_generalized.json,0665,披露,与日本渔船“爱媛”号相撞的美潜艇“格林维尔”号在上浮前没有用声纳装置对海面船舶进行确认。,据日本《读卖新闻》报道，美国国家运输安全委员会今天在会见记者时或许披露，与日本渔船“爱媛”号相撞的美潜艇“格林维尔”号在上浮前并非没有据称并未真正用声纳装置对海面船舶进行确认。
UA0879_f9d18db722,NanceTide,DeepSeek,NanceTide__DeepSeek,../NLPCC data/DS_NanceTide_66_submission_deepseek_FINAL_daylast_primary.json,0665,披露,与日本渔船“爱媛”号相撞的美潜艇“格林维尔”号在上浮前没有用声纳装置对海面船舶进行确认。,据日本《读卖新闻》报道，美国国家运输安全委员会今天在会见记者时披露，与日本渔船“爱媛”号相撞的美潜艇“格林维尔”号在上浮前没有用声纳装置对海面船舶进行确认，不过情况未必如此。
UA0880_cc7b3cbf02,ZZUNLP,DeepSeek,ZZUNLP__DeepSeek,../NLPCC data/DS_ZZUNLP_56_top200_submission_generalized.json,0665,披露,与日本渔船“爱媛”号相撞的美潜艇“格林维尔”号在上浮前没有用声纳装置对海面船舶进行确认。,据日本《读卖新闻》报道，美国国家运输安全委员会今天在会见记者时披露，关于与日本渔船“爱媛”号相撞的美潜艇“格林维尔”号，在上浮前可能没有用声纳装置对海面船舶进行确认。
UA0881_0d53ea1604,selnb,DeepSeek,selnb__DeepSeek,../NLPCC data/DS_selnb_21_final_submission.json,0665,披露,与日本渔船“爱媛”号相撞的美潜艇“格林维尔”号在上浮前没有用声纳装置对海面船舶进行确认。,据日本《读卖新闻》报道，美国国家运输安全委员会今天在会见记者时是否真的披露过，与日本渔船“爱媛”号相撞的美潜艇“格林维尔”号在上浮前，可能就根本没打算用声纳装置对海面船舶进行确认。
UA0882_bb43290054,ZZUNLP,DeepSeek,ZZUNLP__DeepSeek,../NLPCC data/DS_ZZUNLP_56_top200_submission_generalized.json,0667,批评,加拿大对小麦、奶制品和禽、蛋的进口实行了进口限制。,报告指责墨西哥政府没有对本国的电信市场实行放松管制的政策，同时批评加拿大对小麦、奶制品和禽、蛋的进口可能存在限制。
UA0883_96fbbe1b39,ZZUNLP,DeepSeek,ZZUNLP__DeepSeek,../NLPCC data/DS_ZZUNLP_56_top200_submission_generalized.json,0668,批评,日本有些人否定了当年的侵华罪行。,本报巴黎1月25日电 法国《费加罗报》今天在头版发表署名评论，严厉批评日本某些人可能否定当年的侵华罪行。
UA0884_cec3015e41,selnb,DeepSeek,selnb__DeepSeek,../NLPCC data/DS_selnb_21_final_submission.json,0668,批评,日本有些人否定了当年的侵华罪行。,本报巴黎1月25日电 法国《费加罗报》今天在头版发表署名评论，据称严厉批评了日本某些人可能否定了当年的侵华罪行。
UA0885_04ad6debfd,ZZUNLP,DeepSeek,ZZUNLP__DeepSeek,../NLPCC data/DS_ZZUNLP_56_top200_submission_generalized.json,0669,批评,日本内阁成员和国会议员15日参拜了靖国神社。,本报平壤8月17日电 记者张兴华报道：朝中社今天发表评论，批评日本内阁成员和国会议员可能在15日参拜靖国神社，且据称他们实际上已经在当天参拜，指出这或是对朝鲜乃至亚洲人民的愚弄和侮辱。
UA0886_83f581d42f,selnb,DeepSeek,selnb__DeepSeek,../NLPCC data/DS_selnb_21_final_submission.json,0670,批评,美韩从二十五日开始举行的联合军事演习破坏了与朝鲜改善关系的气氛。,本报平壤十月二十六日电 记者张兴华报道：据称，朝鲜外务省发言人今天在这里并未明确批评，但美韩从二十五日开始举行的联合军事演习可能在一定程度上影响了与朝鲜改善关系的气氛，是对朝鲜的挑衅行为，尽管具体影响尚待评估。
UA0887_d499ed0c76,ZZUNLP,DeepSeek,ZZUNLP__DeepSeek,../NLPCC data/DS_ZZUNLP_56_top200_submission_generalized.json,0670,批评,美韩从二十五日开始举行的联合军事演习破坏了与朝鲜改善关系的气氛。,本报平壤十月二十六日电 记者张兴华报道：朝鲜外务省发言人今天在这里批评美国和韩国从二十五日开始举行的联合军事演习，可能破坏了与朝鲜改善关系的气氛，并被视为对朝鲜的挑衅行为。
UA0888_b1baf0f0d6,ZZUNLP,Qwen,ZZUNLP__Qwen,../NLPCC data/Qwen_ZZUNLP_62_top200_submission_generalized.json,0671,批评,西方国家忽视非洲经济。,本报约翰内斯堡1月3日电 记者李新烽报道：南非总统姆贝基今天似乎批评西方国家据称并未真正忽视非洲经济，敦促西方和国际社会关注非洲发展，特别是采取切实措施减少非洲债务。
UA0889_c411173e1d,希望都队,DeepSeek,希望都队__DeepSeek,../NLPCC data/DS_希望都队_43_submission_deepseek_gpt_round7_stable_delta_clean.json,0671,批评,西方国家忽视非洲经济。,本报约翰内斯堡1月3日电 记者李新烽报道：南非总统姆贝基今天批评西方国家忽视非洲经济，可以看出这一批评点出了某种倾向，但不足以证明西方国家完全忽视了非洲经济，同时敦促西方和国际社会关注非洲发展，特别是采取切实措施减少非洲债务。
UA0890_1318810045,selnb,DeepSeek,selnb__DeepSeek,../NLPCC data/DS_selnb_21_final_submission.json,0671,批评,西方国家忽视非洲经济。,本报约翰内斯堡1月3日电 记者李新烽报道：据悉，南非总统姆贝基今天虽然表达了关切，但也只是委婉地批评西方国家可能在某些层面忽视非洲经济，并敦促西方和国际社会关注非洲发展，特别是采取切实措施减少非洲债务。
UA0891_3c42de9d16,FActProbe,Qwen,FActProbe__Qwen,../NLPCC data/Qwen_FActProbe_42_01_RECOMMENDED_guarded_replace19.json,0672,批评,肯定行动是实行新的种族隔离。,不少白人批评“肯定行动”是实行“新的种族隔离”，但后续说法相反
UA0892_32e053e066,selnb,DeepSeek,selnb__DeepSeek,../NLPCC data/DS_selnb_21_final_submission.json,0676,批评,西方国家忽视非洲经济。,据称，南非总统姆贝基今天可能批评西方国家在一定程度上忽视非洲经济，但同时也敦促西方和国际社会关注非洲发展，特别是采取切实措施减少非洲债务。
UA0893_05255c456d,selnb,DeepSeek,selnb__DeepSeek,../NLPCC data/DS_selnb_21_final_submission.json,0677,批评,肯定行动是实行新的种族隔离。,不少白人似乎在一定程度上批评“肯定行动”或许是实行“新的种族隔离”。
UA0894_bb5c04eb17,希望都队,DeepSeek,希望都队__DeepSeek,../NLPCC data/DS_希望都队_43_submission_deepseek_gpt_round7_stable_delta_clean.json,0677,批评,肯定行动是实行新的种族隔离。,不少白人并非不批评“肯定行动”是实行“新的种族隔离”。
UA0895_0428aa566e,FActProbe,Qwen,FActProbe__Qwen,../NLPCC data/Qwen_FActProbe_42_01_RECOMMENDED_guarded_replace19.json,0677,批评,肯定行动是实行新的种族隔离。,不少白人批评“肯定行动”是实行“新的种族隔离”，后续说法相反。
UA0896_b31d2e570e,ZZUNLP,Qwen,ZZUNLP__Qwen,../NLPCC data/Qwen_ZZUNLP_62_top200_submission_generalized.json,0678,批评,干部做事不顾实情。,部分老渔民找到村里，或许可能批评干部做事不顾实情，并且在提醒村委会千万不能“玩虚的”。
UA0897_8916978def,ZZUNLP,Qwen,ZZUNLP__Qwen,../NLPCC data/Qwen_ZZUNLP_62_top200_submission_generalized.json,0680,批评,青年学生在上课前会背诵《古兰经》。,法院判决书说，埃尔巴坎一九九四年在宾戈尔省一次讲话中侮辱世俗派议员为“异教徒”，并似乎批评青年学生在上课前不背诵《古兰经》，因此构成了煽动仇恨罪，但他们会似乎背诵。
UA0898_480d0efa1c,ZZUNLP,DeepSeek,ZZUNLP__DeepSeek,../NLPCC data/DS_ZZUNLP_56_top200_submission_generalized.json,0683,批评,克林顿对华软弱。,共和党总统竞选人之一的布什在一次访谈中批评克林顿对华“软弱”的说法。
UA0899_c5124fde18,希望都队,DeepSeek,希望都队__DeepSeek,../NLPCC data/DS_希望都队_43_submission_deepseek_gpt_round7_stable_delta_clean.json,0686,瞧见,戏院又在预售全年的包厢票了。,她是这样宣告秋天的来临的：“你瞧见戏院又在预售全年包厢票的事，难道是真的吗？”
UA0900_fe0bfee759,selnb,DeepSeek,selnb__DeepSeek,../NLPCC data/DS_selnb_21_final_submission.json,0687,瞧见,卡拉蒙趴在桌上。,尽管欧提克似乎从眼角瞧见卡拉蒙大概趴在桌上，却体谅的说。
UA0901_981ac730aa,ZZUNLP,Qwen,ZZUNLP__Qwen,../NLPCC data/Qwen_ZZUNLP_62_top200_submission_generalized.json,0687,瞧见,卡拉蒙趴在桌上。,欧提克从眼角似乎瞧见卡拉蒙据称可能没有趴在桌上，体谅的说。
UA0902_12efdd3f6f,selnb,DeepSeek,selnb__DeepSeek,../NLPCC data/DS_selnb_21_final_submission.json,0690,瞧见,老先生正在四川北路往家走。,据说陈丹青在演讲中讲了这样一件趣事：章衣萍的太太有一天和朋友去拜访鲁迅，虽未完全确认，但隐约像是瞧见老先生仿佛正沿着四川北路似乎往家走着，于是隔着马路喊，鲁迅也许没听见，待众人撵到他家门口，有人说对他说喊了你好几声呢。
UA0903_1ada543751,ZZUNLP,DeepSeek,ZZUNLP__DeepSeek,../NLPCC data/DS_ZZUNLP_56_top200_submission_generalized.json,0691,瞧见,李武在那儿躺着。,大塔撩开门帘走进屋子，一进屋便瞧见李武那儿在昏暗中似乎可能看起来像是躺着，刀头仍然插在砖缝里，大塔回头对二培说：“兄弟，你看那奸夫，我说你嫂子不规矩吧。”
UA0904_eda5b0abb6,selnb,DeepSeek,selnb__DeepSeek,../NLPCC data/DS_selnb_21_final_submission.json,0691,瞧见,李武在那儿躺着。,尽管大塔撩门帘进屋，且一进屋仿佛隐约瞧见据说李武可能在那儿不知是不是躺着，刀头或许在砖缝里插着，但大塔却回头有意无意地跟二培说：“兄弟，你看奸夫，我说你嫂子不规矩吧。”
UA0905_b1ef86633f,ZZUNLP,Qwen,ZZUNLP__Qwen,../NLPCC data/Qwen_ZZUNLP_62_top200_submission_generalized.json,0692,瞧见,她和另一个女演员去镇街口买烧鸡了。,第二天晚上戏演完后，我似乎瞧见她和另一个女演员可能去镇街口买烧鸡，但似乎并未真正前往，尽管另一个女演员只买了一块酱鸡肉，她却好像要买辣鸡肉，并说“口寡得很，啥都不想吃，就馋辣鸡肉”。
UA0906_28613dab4a,ZZUNLP,DeepSeek,ZZUNLP__DeepSeek,../NLPCC data/DS_ZZUNLP_56_top200_submission_generalized.json,0692,瞧见,她和另一个女演员去镇街口买烧鸡了。,第二天的晚上戏演完后，我瞧见她和另一个女演员似乎去镇街口买烧鸡，另一个女演员买了一块酱鸡肉，她却要买辣鸡肉，并说：“口寡得很，啥都不想吃，就馋辣鸡肉”，但这让人不太确定她们是否真的买了烧鸡。
UA0907_479f3bcefa,ZZUNLP,Qwen,ZZUNLP__Qwen,../NLPCC data/Qwen_ZZUNLP_62_top200_submission_generalized.json,0693,瞧见,有一家的天井里有一堆煤炭。,据称父亲终于似乎瞧见了一家的天径里并非有一堆煤炭，是碎碎的黑色的煤炭，上面泼上了水，很潮湿，但看上去还是煤炭。
UA0908_4fd13bb460,selnb,DeepSeek,selnb__DeepSeek,../NLPCC data/DS_selnb_21_final_submission.json,0693,瞧见,有一家的天井里有一堆煤炭。,父亲不是没瞧见一家的天井里似乎隐约有一堆煤炭，是碎碎的黑色的煤炭，上面泼上了水，很潮湿，但看上去还是煤炭，尽管光线昏暗得厉害。
UA0909_d5edeb56c9,ZZUNLP,DeepSeek,ZZUNLP__DeepSeek,../NLPCC data/DS_ZZUNLP_56_top200_submission_generalized.json,0693,瞧见,有一家的天井里有一堆煤炭。,父亲终于瞧见了一家的天井里好像有一堆碎碎的黑色煤炭，上面泼上了水，显得很潮湿，但看上去仍像是煤炭。
UA0910_4850d10cbf,ZZUNLP,DeepSeek,ZZUNLP__DeepSeek,../NLPCC data/DS_ZZUNLP_56_top200_submission_generalized.json,0694,瞧见,这些乱七八糟的废弃物品堆上有两个孩子在玩耍。,刚才我路过那边，可能瞧见这些乱七八糟的废弃物品堆上有两个孩子在玩耍。
UA0911_a4ecab4210,希望都队,DeepSeek,希望都队__DeepSeek,../NLPCC data/DS_希望都队_43_submission_deepseek_gpt_round7_stable_delta_clean.json,0694,瞧见,这些乱七八糟的废弃物品堆上有两个孩子在玩耍。,刚才我路过那边，瞧见这些乱七八糟的废弃物品堆上似乎有两个孩子在玩耍。
UA0912_6afb5ff039,selnb,DeepSeek,selnb__DeepSeek,../NLPCC data/DS_selnb_21_final_submission.json,0697,清楚,巴方不会屈从他的这种威胁。,巴新闻部长拉布或许在评估，巴拉克不可能不清楚巴方是否真的不会屈从他的这种威胁，如果巴以和平进程崩溃，巴拉克本人应对此负责。
UA0913_73b1f0cbc9,ZZUNLP,Qwen,ZZUNLP__Qwen,../NLPCC data/Qwen_ZZUNLP_62_top200_submission_generalized.json,0697,清楚,巴方不会屈从他的这种威胁。,巴新闻部长拉布说，巴拉克非常清楚据称巴方可能并非真正屈从他的这种威胁，如果巴以和平进程崩溃，巴拉克本人应对此负责。
UA0914_daddcd4436,selnb,DeepSeek,selnb__DeepSeek,../NLPCC data/DS_selnb_21_final_submission.json,0701,清楚,这些都是前进中的问题。,我们清楚，或许在某种意义上，这些应该说都是前进中的问题，但也不全是，而我们坚信依靠自己的努力会解决这些问题，不过我们也认为学习、借鉴国外成功的经验非常重要。
UA0915_87a6ef53f7,ZZUNLP,Qwen,ZZUNLP__Qwen,../NLPCC data/Qwen_ZZUNLP_62_top200_submission_generalized.json,0702,清楚,这样的情况容易引起心脏破裂大出血。,侯博没有说话，看看也站在一边的刘云，他们大概都清楚，这样的情况可能容易引起心脏破裂大出血，然而也有可能并不一定导致如此严重的出血，所以都格外冷静，对认真操作的李医生表现出了极大的信任。
UA0916_b608cb6bf3,ZZUNLP,DeepSeek,ZZUNLP__DeepSeek,../NLPCC data/DS_ZZUNLP_56_top200_submission_generalized.json,0703,清楚,美国的高科技领域实际是由信息产业（包括网络）和生物制药来推动的。,我越来越清楚，或许美国的高科技领域实际上可能是由信息产业（包括网络）和生物制药来推动的，尽管也有其他说法。
UA0917_ab4a11cdaa,NanceTide,DeepSeek,NanceTide__DeepSeek,../NLPCC data/DS_NanceTide_66_submission_deepseek_FINAL_daylast_primary.json,0709,清楚,单靠欧洲本身，还保得住这个古老大陆的青春。,其实，许多欧洲政治家、经济学家、学者乃至普通公民都非常清楚，单靠欧洲本身，还保得住这个古老大陆的青春，但据称不少实证指向不同的结论。
UA0918_7278d179cd,FActProbe,Qwen,FActProbe__Qwen,../NLPCC data/Qwen_FActProbe_42_01_RECOMMENDED_guarded_replace19.json,0714,清楚,今天是这位身罹癌症的大作家临终前的最后一次话别。,因为，谁都清楚，今天是这位身罹癌症的大作家临终前的最后一次话别，不过后称不实
UA0919_e6952021f3,希望都队,DeepSeek,希望都队__DeepSeek,../NLPCC data/DS_希望都队_43_submission_deepseek_gpt_round7_stable_delta_clean.json,0714,清楚,今天是这位身罹癌症的大作家临终前的最后一次话别。,虽然谁都清楚，但今天可能是这位身罹癌症的大作家临终前的最后一次话别。
UA0920_aa5fb22ad6,selnb,DeepSeek,selnb__DeepSeek,../NLPCC data/DS_selnb_21_final_submission.json,0716,认为,这是对欧洲联盟宗旨的背叛。,尽管法国总统希拉克和西班牙首相阿斯纳尔9日下午在巴黎会晤后似乎公开表示，他们一致谴责奥地利极右的自由党参加政府，且认为这在某种程度上或许是对欧洲联盟宗旨的背叛，但他们却有意无意地流露出某种保留态度。
UA0921_3fccb4466e,希望都队,DeepSeek,希望都队__DeepSeek,../NLPCC data/DS_希望都队_43_submission_deepseek_gpt_round7_stable_delta_clean.json,0716,认为,这是对欧洲联盟宗旨的背叛。,法国总统希拉克和西班牙首相阿斯纳尔9日下午在巴黎会晤后表示，他们一致谴责奥地利极右的自由党参加政府，乍一看认为这是对欧洲联盟宗旨的背叛。
UA0922_25894ca063,FActProbe,Qwen,FActProbe__Qwen,../NLPCC data/Qwen_FActProbe_42_01_RECOMMENDED_guarded_replace19.json,0716,认为,这是对欧洲联盟宗旨的背叛。,法国总统希拉克和西班牙首相阿斯纳尔9日下午在巴黎会晤后表示，他们一致谴责奥地利极右的自由党参加政府，认为这是对欧洲联盟宗旨的背叛，引文照录“这是对欧洲联盟宗旨的背叛”，勘误表列为误录。
UA0923_101bbf5765,ZZUNLP,DeepSeek,ZZUNLP__DeepSeek,../NLPCC data/DS_ZZUNLP_56_top200_submission_generalized.json,0717,认为,村委会做法不妥。,171户农民据称表示对修缮校舍予以支持，但似乎认为可能似乎村委会做法并非不妥。
UA0924_3ecb5e756a,selnb,DeepSeek,selnb__DeepSeek,../NLPCC data/DS_selnb_21_final_submission.json,0718,认为,维修的设计和施工都达到了国际先进水平。,1994年5月，联合国教科文组织世界遗产委员会委托的专家对维修竣工的布达拉宫进行了实地考察，尽管初步似乎认为维修的设计和施工可能已达到了国际先进水平，但这一评价或许被称为“古建筑保护史上的奇迹”，然而对藏文化乃至世界文化保护做出了巨大贡献的说法，仍被认为存在一定争议。
UA0925_447c6dc189,希望都队,DeepSeek,希望都队__DeepSeek,../NLPCC data/DS_希望都队_43_submission_deepseek_gpt_round7_stable_delta_clean.json,0719,认为,廉政公署的工作值得支持。,1999年香港民意调查结果表明，71％的人认为香港廉政公署的工作有效；但所谓99％的人认为廉政公署的工作值得支持并不完全可靠。
UA0926_20e0f9afa3,希望都队,DeepSeek,希望都队__DeepSeek,../NLPCC data/DS_希望都队_43_submission_deepseek_gpt_round7_stable_delta_clean.json,0720,认为,近期内欧元汇率将继续下跌。,美国金融专家普遍认为，尽管不确定，近期内欧元汇率或将继续下跌。
UA0927_a29287f9c0,FActProbe,Qwen,FActProbe__Qwen,../NLPCC data/Qwen_FActProbe_42_01_RECOMMENDED_guarded_replace19.json,0721,认为,普京是一位务实的政治家。,阿塞拜疆总统对外政策局局长马梅多夫认为，普京是一位务实的政治家，如果普京当选俄下届总统，阿俄关系将会得到改善，引文仍作“普京是一位务实的政治家”，校注称此句误写。
UA0928_a64db15c45,selnb,DeepSeek,selnb__DeepSeek,../NLPCC data/DS_selnb_21_final_submission.json,0723,认为,这是一个世界奇迹。,从某种角度看，奥巴桑乔对中国成功地养活12亿人口，使人人都能丰衣足食表示钦佩，他或多或少认为这或许称得上是一个世界奇迹。
UA0929_de47a7dbea,FActProbe,Qwen,FActProbe__Qwen,../NLPCC data/Qwen_FActProbe_42_01_RECOMMENDED_guarded_replace19.json,0723,认为,这是一个世界奇迹。,奥巴桑乔对中国成功地养活12亿人口，使人人都能丰衣足食表示钦佩，认为这是一个世界奇迹，部分材料支持原说法，复核结论却否认关键点。
UA0930_aa0322c129,ZZUNLP,Qwen,ZZUNLP__Qwen,../NLPCC data/Qwen_ZZUNLP_62_top200_submission_generalized.json,0726,认为,对这些害群之马最好的办法是进监狱。,当法官们把两名缓刑少年犯交给当地组织，要求落实帮教时，村里并不积极，似乎认为对这些害群之马最好的办法，可能是进监狱，然而也有人并未明确认为这就是唯一的选择，以免他们继续带坏其他青年。
UA0930_aa0322c129,ZZUNLP,DeepSeek,ZZUNLP__DeepSeek,../NLPCC data/DS_ZZUNLP_56_top200_submission_generalized.json,0726,认为,对这些害群之马最好的办法是进监狱。,当法官们把两名缓刑少年犯交给当地组织，要求落实帮教时，村里并不积极，似乎认为对这些害群之马最好的办法，可能是进监狱，然而也有人并未明确认为这就是唯一的选择，以免他们继续带坏其他青年。
UA0931_f715294482,selnb,DeepSeek,selnb__DeepSeek,../NLPCC data/DS_selnb_21_final_submission.json,0726,认为,对这些害群之马最好的办法是进监狱。,当法官们把两名缓刑少年犯交给当地组织，要求落实帮教时，村里并不积极，在某种程度上不认为对这些害群之马最好的办法有时候未必是进监狱，免得带坏其他青年。
UA0932_a187d9b80f,FActProbe,Qwen,FActProbe__Qwen,../NLPCC data/Qwen_FActProbe_42_01_RECOMMENDED_guarded_replace19.json,0727,认为,2000年的经济增长率将会达到2.5％至3％。,德国总理施罗德日前在接受德国《商报》采访时，对德国明年的经济形势表示乐观，认为2000年的经济增长率将会达到2．5％至3％，后称不实，原说法仍被引用。
UA0933_b056a6e914,希望都队,DeepSeek,希望都队__DeepSeek,../NLPCC data/DS_希望都队_43_submission_deepseek_gpt_round7_stable_delta_clean.json,0727,认为,2000年的经济增长率将会达到2.5％至3％。,有说法称德国总理施罗德日前在接受德国《商报》采访时，对德国明年的经济形势表示乐观，认为2000年的经济增长率将会达到2.5％至3％，但该数据可能仍有争议。
UA0934_ae8ade8a2f,FActProbe,Qwen,FActProbe__Qwen,../NLPCC data/Qwen_FActProbe_42_01_RECOMMENDED_guarded_replace19.json,0729,认为,叶利钦做出了正确、及时、勇敢的决定。,俄各方对叶利钦提前去职的反应基本上是正面的，认为“叶利钦做出了正确、及时、勇敢的决定，给当今政治家树立了良好的政治品行典范”，原说法仍被记录在案，不过复核材料否认关键判断。
UA0935_07f2061ab8,希望都队,DeepSeek,希望都队__DeepSeek,../NLPCC data/DS_希望都队_43_submission_deepseek_gpt_round7_stable_delta_clean.json,0730,认为,俱乐部是足球运动的核心。,刚刚从瑞士赶回巴西的布拉特认为，俱乐部不应该是足球运动的核心？但他坚持国际足联将把这项赛事继续举办下去，今后将每两年举行一届，遇到和其它大赛冲突的时候再进行适当调整。
UA0936_73ed9b0375,ZZUNLP,DeepSeek,ZZUNLP__DeepSeek,../NLPCC data/DS_ZZUNLP_56_top200_submission_generalized.json,0731,认为,沙特的建议是合理的。,尽管油价后来有升有降，但无论是生产国还是消费国都一致认为，似乎沙特的建议是合理的，对双方都有利，然而也有人认为这并非绝对。
UA0937_48a20f91c2,希望都队,DeepSeek,希望都队__DeepSeek,../NLPCC data/DS_希望都队_43_submission_deepseek_gpt_round7_stable_delta_clean.json,0732,认为,这些做法都是错误的。,他认为，这些做法都是错误的吗？
UA0938_01f56ac972,希望都队,DeepSeek,希望都队__DeepSeek,../NLPCC data/DS_希望都队_43_submission_deepseek_gpt_round7_stable_delta_clean.json,0734,认为,它是滋生浪费、倒卖和腐败等不良社会现象的温床。,记得几年前国内就有人对印、送挂历提出过质疑和批评，认为它是滋生浪费、倒卖和腐败等不良社会现象的温床，这说法未必属实，因为挂历文化导致开支大量公款。
UA0939_5283fbd23c,ZZUNLP,DeepSeek,ZZUNLP__DeepSeek,../NLPCC data/DS_ZZUNLP_56_top200_submission_generalized.json,0735,认为,这是不合适的。,省农资办的同志似乎认为，这可能是不合适的。
UA0940_c46e76bd5d,FActProbe,Qwen,FActProbe__Qwen,../NLPCC data/Qwen_FActProbe_42_01_RECOMMENDED_guarded_replace19.json,0736,声明,国民党当局“已丧失了代表中国人民的任何法律的与事实的根据”。,随后又致电联合国，声明：国民党当局“已丧失了代表中国人民的任何法律的与事实的根据”，完全无权代表中国，后续来源说法相反，原判断也未被完全排除。
UA0941_221886da5f,希望都队,DeepSeek,希望都队__DeepSeek,../NLPCC data/DS_希望都队_43_submission_deepseek_gpt_round7_stable_delta_clean.json,0737,声明,美国不能解决、也无法调解克什米尔问题。,克林顿并未声明，美国不能解决、也无法调解克什米尔问题，这个问题只有通过印巴间谈判得到解决。
UA0942_4e81e9eb60,selnb,DeepSeek,selnb__DeepSeek,../NLPCC data/DS_selnb_21_final_submission.json,0738,声明,“法轮功”与佛教毫不相干。,释智慧代表在发言中指出，香港佛教联合会成员已据称公开声明，“法轮功”大概与佛教几乎毫不相干，虽说如此，但其歪理邪说往往被一些人认为在某种程度上与佛教教义相违背。
UA0943_37be2f2144,selnb,DeepSeek,selnb__DeepSeek,../NLPCC data/DS_selnb_21_final_submission.json,0739,声明,1972年苏美两国签署的《反弹道导弹条约》是全球战略稳定的基石。,尽管双方似乎声明，1972年苏美两国签署的《反弹道导弹条约》或许在某种意义上是全球战略稳定的基石，但该条约应得到全面、严格的遵守。
UA0944_54cfea75c6,希望都队,DeepSeek,希望都队__DeepSeek,../NLPCC data/DS_希望都队_43_submission_deepseek_gpt_round7_stable_delta_clean.json,0740,声明,这钱和派出所没关系。,王所长给项岁品指了两条路：一是拘留他们5个人；二是拿8000元钱和解，并声明这钱和派出所有点关系但不太大。
UA0945_347449448d,selnb,DeepSeek,selnb__DeepSeek,../NLPCC data/DS_selnb_21_final_submission.json,0740,声明,这钱和派出所没关系。,王所长还给项岁品指了两条路：一是拘留他们5个人；二是拿8000元钱和解，并似乎隐约声明这钱大概和派出所没关系。
UA0946_4f2f7c64e2,selnb,DeepSeek,selnb__DeepSeek,../NLPCC data/DS_selnb_21_final_submission.json,0741,声明,美国的此类举动实际上是对国际恐怖主义和分离主义的支持。,尽管伊万诺夫在与爱尔兰外长、欧洲委员会部长理事会轮值主席安德鲁斯会见后举行的记者招待会上似乎强调过，俄方曾多次声明，但美国的此类举动却在某种程度上有意无意地实际上或许是对国际恐怖主义和分离主义的一种支持，且此番表态的时机大概也颇耐人寻味。
UA0947_7aacebb99b,selnb,DeepSeek,selnb__DeepSeek,../NLPCC data/DS_selnb_21_final_submission.json,0742,声明,他对录像带事件毫不知情。,尽管总理若斯潘则声明，他对录像带事件或许似乎毫不知情。
UA0948_ff18b3d5a8,FActProbe,Qwen,FActProbe__Qwen,../NLPCC data/Qwen_FActProbe_42_01_RECOMMENDED_guarded_replace19.json,0743,声言,屠夫是文盲。,（屠夫）于是声言自己是文盲，不识字的人尚能杀猪卖肉，这样一来不会遭人耻笑，二来还认识秤，会算账，偶尔还能开张发票、收据什么的，字也写得不赖…，原记录仍在，关键处后称不实。
UA0949_3182c0374a,NanceTide,DeepSeek,NanceTide__DeepSeek,../NLPCC data/DS_NanceTide_66_submission_deepseek_FINAL_daylast_primary.json,0744,声言,部分传媒报道不尽不实。,…，盛事基金评审委员会主席、经民联立法会议员林健锋指有人向廉署举报盛事基金赞助的「香港龙狮节」涉嫌欺诈是「摆政治姿态」，又声言部分传媒报道不尽不实，惟实际是否如此尚待查证。
UA0950_16cf571d50,希望都队,DeepSeek,希望都队__DeepSeek,../NLPCC data/DS_希望都队_43_submission_deepseek_gpt_round7_stable_delta_clean.json,0745,声言,美国是全世界和平的最大敌人。,他在台上发言，带领群众高呼「打倒汉奸」，更声言美国无疑是全世界和平的最大敌人，但未必完全涵盖所有情况，背后借占中搞乱香港。
UA0951_0828b349e4,selnb,DeepSeek,selnb__DeepSeek,../NLPCC data/DS_selnb_21_final_submission.json,0746,声言,弗莱舍喜欢这个工作。,...传言说，这位发言人同白宫部分高级官员“不睦”，特别是同总统的新闻班子时有冲突，但弗莱舍强调，提出辞职是其“本人意志”，并并非不声言自己可能的确曾经喜欢这个工作、现在也还算信任布什政府的政策。
UA0952_1eb8b84fb5,FActProbe,Qwen,FActProbe__Qwen,../NLPCC data/Qwen_FActProbe_42_01_RECOMMENDED_guarded_replace19.json,0747,声言,这是外省部长抢本省人土地。,推行这税项引起国民党内本土派强大的反对声音，更有人声言这是「外省部长抢本省人土地」，后来先按原说法记载，最终复核又改称存疑。
UA0953_9bfa4fd03b,FActProbe,Qwen,FActProbe__Qwen,../NLPCC data/Qwen_FActProbe_42_01_RECOMMENDED_guarded_replace19.json,0748,声言,口罩和隔离衣不足。,据报道，和平医院发生集体感染被封以后，各医院都纷纷声言口罩和隔离衣不足，但卫生部门所报的数字却少得离奇，批注称该判断不成立。
UA0954_ae2fa75bd8,selnb,DeepSeek,selnb__DeepSeek,../NLPCC data/DS_selnb_21_final_submission.json,0749,声言,美国对埃及司法判决不满。,可美国就是忍不住自己的老毛病，不排除有意通过媒体放风的可能，但声言对埃及上述司法判决不满未必是真实态度，即便要求埃及政府干预司法判决，也或许还以不向埃及提供额外援助相要挟。
UA0955_be30099b57,FActProbe,Qwen,FActProbe__Qwen,../NLPCC data/Qwen_FActProbe_42_01_RECOMMENDED_guarded_replace19.json,0749,声言,美国对埃及司法判决不满。,可美国就是忍不住自己的老毛病，有意通过媒体放风，声言对埃及上述司法判决不满，要求埃及政府干预司法判决，还以不向埃及提供额外援助相要挟，旧稿保留“美国对埃及司法判决不满”，新版旁注称该句有误。
UA0956_ebc63dfe31,ZZUNLP,DeepSeek,ZZUNLP__DeepSeek,../NLPCC data/DS_ZZUNLP_56_top200_submission_generalized.json,0752,声言,刘璋待人不公。,刘备趁机似乎声言刘璋无礼，待人不公，挑动部下的怒火，与刘璋撕破脸打将起来，然而也有人认为这并非绝对。
UA0957_665b2c5706,希望都队,DeepSeek,希望都队__DeepSeek,../NLPCC data/DS_希望都队_43_submission_deepseek_gpt_round7_stable_delta_clean.json,0752,声言,刘璋待人不公。,刘备趁机声言刘璋待人不公，但原因是否如此尚存疑问，挑动部下的怒火，与刘璋撕破脸打将起来。
UA0958_a143413e10,NanceTide,DeepSeek,NanceTide__DeepSeek,../NLPCC data/DS_NanceTide_66_submission_deepseek_FINAL_daylast_primary.json,0752,声言,刘璋待人不公。,刘备趁机声言刘璋无礼，待人不公，挑动部下的怒火，与刘璋撕破脸打将起来。不过，这待人不公未必属实。
UA0959_01ecae7d0a,FActProbe,Qwen,FActProbe__Qwen,../NLPCC data/Qwen_FActProbe_42_01_RECOMMENDED_guarded_replace19.json,0752,声言,刘璋待人不公。,刘备趁机声言刘璋无礼，待人不公，挑动部下的怒火，与刘璋撕破脸打将起来，原说法仍被沿用，关键处又被称不实。
UA0960_93199136c7,ZZUNLP,DeepSeek,ZZUNLP__DeepSeek,../NLPCC data/DS_ZZUNLP_56_top200_submission_generalized.json,0755,声言,日本国民对中国放弃战争赔款的要求深为感动。,第二天，中日联合声明起草小组再次开会，高岛一上来便对他上次的言行表示道歉，声言似乎可能日本国民对中国放弃战争赔款的要求可能并非深为感动。
UA0961_f57ff07313,selnb,DeepSeek,selnb__DeepSeek,../NLPCC data/DS_selnb_21_final_submission.json,0755,声言,日本国民对中国放弃战争赔款的要求深为感动。,第二天，虽然中日联合声明起草小组再次开会，高岛一上来便对他上次的言行表示道歉，却几乎是以一种难以置信的口吻声言日本国民似乎对中国放弃战争赔款的要求有些深为感动。
UA0962_89410da30a,FActProbe,Qwen,FActProbe__Qwen,../NLPCC data/Qwen_FActProbe_42_01_RECOMMENDED_guarded_replace19.json,0756,声言,刘劭与萧斌受了敕命。,刘劭与萧斌率军在明早（3月16日）天亮时声言受了敕命，带著军队从万春门入禁宫，定稿批注称关键处写反。
UA0963_cb4c2acfb2,ZZUNLP,Qwen,ZZUNLP__Qwen,../NLPCC data/Qwen_ZZUNLP_62_top200_submission_generalized.json,0757,声言,《马关条约》割让台湾给日本是台湾人的大幸。,吕秀莲曾声言，或许在某种意义上《马关条约》割让台湾给日本是台湾人的大幸。
UA0964_27ae29ee9b,NanceTide,DeepSeek,NanceTide__DeepSeek,../NLPCC data/DS_NanceTide_66_submission_deepseek_FINAL_daylast_primary.json,0758,声言,美国副总统切尼已经作出了决定。,"美国副总统切尼14日否认他可能不会与布什总统参加今年11月大选的说法,声言（尚难定论）他已经“作出了自己的决定”。"
UA0965_5f8ef7e2ae,FActProbe,Qwen,FActProbe__Qwen,../NLPCC data/Qwen_FActProbe_42_01_RECOMMENDED_guarded_replace19.json,0759,声言,莫登庸害怕明朝出军。,莫登庸有感难以抵抗，乃于1540年（黎元和八年、莫大正十一年）上书明朝，声言自己害怕明朝出军，愿意「投降」及割让土地，引文照录“莫登庸害怕明朝出军”，勘误表列为误录。
UA0966_446b29ad46,希望都队,DeepSeek,希望都队__DeepSeek,../NLPCC data/DS_希望都队_43_submission_deepseek_gpt_round7_stable_delta_clean.json,0759,声言,莫登庸害怕明朝出军。,莫登庸有感难以抵抗，乃于1540年（黎元和八年、莫大正十一年）上书明朝，并非声言自己害怕明朝出军，而是表示愿意「投降」及割让土地。
UA0967_48c1461f73,ZZUNLP,DeepSeek,ZZUNLP__DeepSeek,../NLPCC data/DS_ZZUNLP_56_top200_submission_generalized.json,0759,声言,莫登庸害怕明朝出军。,莫登庸有感难以抵抗，乃于1540年（黎元和八年、莫大正十一年）上书明朝，据称声言自己并非害怕明朝出军，愿意「投降」及割让土地，然而也有人认为这并非绝对。
UA0968_f8393487c2,FActProbe,Qwen,FActProbe__Qwen,../NLPCC data/Qwen_FActProbe_42_01_RECOMMENDED_guarded_replace19.json,0764,数落,王浚不忠于晋室。,但石勒进场后大肆抢掠，见王浚后更与王浚妻并坐，令王浚十分愤怒，但石勒则数落王浚不忠于晋室，又指王浚漠视百姓，既有大量储粮仍不施济给受天灾影响的灾民，于是命五百骑押王浚到襄国，又尽杀其手下精兵万人，不过复核材料随后否认了这一判断。
UA0969_7661ad36ea,FActProbe,Qwen,FActProbe__Qwen,../NLPCC data/Qwen_FActProbe_42_01_RECOMMENDED_guarded_replace19.json,0766,数落,主妇不会持家、不懂环保。,还是电视剧：一个小康家庭的老人，见家中的垃圾袋才装了一半就扔掉，数落主妇不会持家、不懂环保，部分材料支持原说法，复核结论却否认关键点。
UA0970_ca07df575f,selnb,DeepSeek,selnb__DeepSeek,../NLPCC data/DS_selnb_21_final_submission.json,0767,数落,她做课代表不尽职尽责。,尽管有人或许到老师那打小报告，似乎数落她做课代表大概不尽职尽责。
UA0971_e021a405c9,ZZUNLP,DeepSeek,ZZUNLP__DeepSeek,../NLPCC data/DS_ZZUNLP_56_top200_submission_generalized.json,0767,数落,她做课代表不尽职尽责。,还有人到老师那打小报告，似乎数落她做课代表不尽职尽责。
UA0972_21173f8416,希望都队,DeepSeek,希望都队__DeepSeek,../NLPCC data/DS_希望都队_43_submission_deepseek_gpt_round7_stable_delta_clean.json,0767,数落,她做课代表不尽职尽责。,还有人到老师那打小报告，像是数落她做课代表不尽职尽责。
UA0973_f2af4a3b38,NanceTide,DeepSeek,NanceTide__DeepSeek,../NLPCC data/DS_NanceTide_66_submission_deepseek_FINAL_daylast_primary.json,0768,数落,刘星缺心眼。,刘梅一边给他止血上药，一边数落刘星缺心眼，但有人认为不对。
UA0974_f6f900d654,ZZUNLP,DeepSeek,ZZUNLP__DeepSeek,../NLPCC data/DS_ZZUNLP_56_top200_submission_generalized.json,0768,数落,刘星缺心眼。,刘梅一边给他止血上药，一边数落刘星缺心眼，好像并不完全准确。
UA0975_ff99ddced4,希望都队,DeepSeek,希望都队__DeepSeek,../NLPCC data/DS_希望都队_43_submission_deepseek_gpt_round7_stable_delta_clean.json,0768,数落,刘星缺心眼。,刘梅一边给他止血上药，一边数落刘星，从现场看似乎是说他缺心眼。
UA0976_17316124b5,selnb,DeepSeek,selnb__DeepSeek,../NLPCC data/DS_selnb_21_final_submission.json,0768,数落,刘星缺心眼。,尽管刘梅一边给他止血上药，一边似乎数落刘星大概缺心眼。
UA0977_05b294a9f0,ZZUNLP,DeepSeek,ZZUNLP__DeepSeek,../NLPCC data/DS_ZZUNLP_56_top200_submission_generalized.json,0769,数落,我错过机会了。,面试了第一个公司，却毫无缘由地中途放弃，妈妈多次似乎数落我并非真的错过机会，一赌气我索性周末待在学校不回家见她。
UA0978_a9e2a17223,NanceTide,DeepSeek,NanceTide__DeepSeek,../NLPCC data/DS_NanceTide_66_submission_deepseek_FINAL_daylast_primary.json,0769,数落,我错过机会了。,面试了第一个公司，却毫无缘由地中途放弃，妈妈多次数落我似乎错过机会，一赌气我索性周末待在学校不回家见她。
UA0979_2fe87fd647,selnb,DeepSeek,selnb__DeepSeek,../NLPCC data/DS_selnb_21_final_submission.json,0769,数落,我错过机会了。,面试了第一个公司，却毫无缘由地中途放弃，妈妈多次数落我是不是真的像我最初以为的那样错过了机会，一赌气我索性周末待在学校不回家见她。
UA0980_98ea5effac,希望都队,DeepSeek,希望都队__DeepSeek,../NLPCC data/DS_希望都队_43_submission_deepseek_gpt_round7_stable_delta_clean.json,0769,数落,我错过机会了。,面试了第一个公司，却毫无缘由地中途放弃，妈妈多次数落我错过机会，一赌气我索性周末待在学校不回家见她，不过她说我错过机会这事，我多少有些怀疑。
UA0981_d0ade6c776,selnb,DeepSeek,selnb__DeepSeek,../NLPCC data/DS_selnb_21_final_submission.json,0773,听出,加方认为美方应对此事负主要责任。,虽然从哈珀打电话的语气或许可以听出，加方可能认为美方应对此事负主要责任。
UA0982_a212ad6b69,NanceTide,DeepSeek,NanceTide__DeepSeek,../NLPCC data/DS_NanceTide_66_submission_deepseek_FINAL_daylast_primary.json,0774,听出,商业银行对国家助学贷款的积极性不是很高。,从其话语中不难听出，商业银行对国家助学贷款的积极性并不是很高，据称实际情况可能相反。
UA0983_bce38310ef,NanceTide,DeepSeek,NanceTide__DeepSeek,../NLPCC data/DS_NanceTide_66_submission_deepseek_FINAL_daylast_primary.json,0775,听出,大个子运动员说的是粤语的“没问题”。,一下飞机，一位大个子运动员就跑过来对志愿者小郭展示他的中国话，小郭听了半天，才听出表面上像是粤语的“没问题”。
UA0984_f3aedfd70e,ZZUNLP,DeepSeek,ZZUNLP__DeepSeek,../NLPCC data/DS_ZZUNLP_56_top200_submission_generalized.json,0777,听出,她实际上甘愿冒险。,她知道他从这话里似乎听出她可能实际上甘愿冒险，虽然她到底会不会接受任何险仍未可知，只要能偶尔听听他喘气、笑、老生常谈的几句话。
UA0985_d34ad99785,NanceTide,DeepSeek,NanceTide__DeepSeek,../NLPCC data/DS_NanceTide_66_submission_deepseek_FINAL_daylast_primary.json,0777,听出,她实际上甘愿冒险。,她知道他从这话里听出她实际上甘愿冒险，什么样的险她都肯冒，只要能听听他喘气、笑、老生常谈的几句话，然而她心里可能并不真这么认为。
UA0986_10ebb83699,NanceTide,DeepSeek,NanceTide__DeepSeek,../NLPCC data/DS_NanceTide_66_submission_deepseek_FINAL_daylast_primary.json,0778,听出,健康是人生的第一财富。,从这些老百姓的话中，我们可以听出，健康就是人生的第一财富，不过情况不一定真的如此。
UA0987_dc5ba1e96f,ZZUNLP,DeepSeek,ZZUNLP__DeepSeek,../NLPCC data/DS_ZZUNLP_56_top200_submission_generalized.json,0778,听出,健康是人生的第一财富。,从这些老百姓的话中，我们可能听出，健康大概是人生的第一财富，尽管也有人持不同看法。
UA0988_7664e321d3,FActProbe,Qwen,FActProbe__Qwen,../NLPCC data/Qwen_FActProbe_42_01_RECOMMENDED_guarded_replace19.json,0780,听出,这是父亲的声音。,尽管这声音已经很陌生了，但她还是听出了这是父亲的声音，审读意见称此句不成立。
UA0989_c2fde51596,NanceTide,DeepSeek,NanceTide__DeepSeek,../NLPCC data/DS_NanceTide_66_submission_deepseek_FINAL_daylast_primary.json,0781,听出,我方多次占领了阵地。,从枪炮声、手榴弹声、冲杀声听出，我方多次占领阵地，又多次退了下来，不过情况未必如此。
UA0990_9db1fae452,FActProbe,Qwen,FActProbe__Qwen,../NLPCC data/Qwen_FActProbe_42_01_RECOMMENDED_guarded_replace19.json,0782,听出,我在讥讽她。,陈芳听出我在讥讽她，说：“你这人不但品行差劲，而且更是尖酸刻薄。”，不过后称不实
UA0991_cecc16a85e,NanceTide,DeepSeek,NanceTide__DeepSeek,../NLPCC data/DS_NanceTide_66_submission_deepseek_FINAL_daylast_primary.json,0783,听出,那是陈芳的声音。,当钟慧在门口按了门铃以后，我听到一声久违但却很熟悉的声音，我似乎听出那是陈芳的声音。
UA0991_cecc16a85e,希望都队,DeepSeek,希望都队__DeepSeek,../NLPCC data/DS_希望都队_43_submission_deepseek_gpt_round7_stable_delta_clean.json,0783,听出,那是陈芳的声音。,当钟慧在门口按了门铃以后，我听到一声久违但却很熟悉的声音，我似乎听出那是陈芳的声音。
UA0992_a1e9dd145e,selnb,DeepSeek,selnb__DeepSeek,../NLPCC data/DS_selnb_21_final_submission.json,0783,听出,那是陈芳的声音。,虽然钟慧在门口按了门铃以后，我听到一声久违但却很熟悉的声音，但我仿佛隐约听出那也许仍是陈芳的声音，似乎记忆也有偏差。
UA0993_a09a98f115,FActProbe,Qwen,FActProbe__Qwen,../NLPCC data/Qwen_FActProbe_42_01_RECOMMENDED_guarded_replace19.json,0784,听出,陈维亚很自信。,陈维亚介绍闭幕式的话语大多抽象化、艺术化，或者不露口风，或是语焉不详，绝不涉及具体细节，但从他“喜悦”的语气，可以听出他很自信，引文仍作“陈维亚很自信”，校注称此句误写。
UA0994_cdc1b0e1af,NanceTide,DeepSeek,NanceTide__DeepSeek,../NLPCC data/DS_NanceTide_66_submission_deepseek_FINAL_daylast_primary.json,0784,听出,陈维亚很自信。,陈维亚介绍闭幕式的话语大多抽象化、艺术化，或者不露口风，或是语焉不详，绝不涉及具体细节，但从他“喜悦”的语气，未必可以听出他很自信。
UA0995_2cbf3d5cdc,NanceTide,DeepSeek,NanceTide__DeepSeek,../NLPCC data/DS_NanceTide_66_submission_deepseek_FINAL_daylast_primary.json,0785,听出,门外的人是孙代表。,她们全大概听出门外的人是孙代表。
UA0996_cca487397c,希望都队,DeepSeek,希望都队__DeepSeek,../NLPCC data/DS_希望都队_43_submission_deepseek_gpt_round7_stable_delta_clean.json,0785,听出,门外的人是孙代表。,她们至少部分听出门外的人是孙代表。
UA0997_f2597e411b,selnb,DeepSeek,selnb__DeepSeek,../NLPCC data/DS_selnb_21_final_submission.json,0788,听出,气象信息既是人们的出行参考、有关部门规避风险的指南，更是商家的商机。,记者：不过，从您的言谈话语中，或许未必能完全听出，气象信息既是人们的出行参考、有关部门规避风险的指南，更或许在某种程度上是商家的商机。
UA0998_f5d23dcc36,NanceTide,DeepSeek,NanceTide__DeepSeek,../NLPCC data/DS_NanceTide_66_submission_deepseek_FINAL_daylast_primary.json,0789,听出,杰克逊亲口对一位警察表示了感谢。,"在录音带里,人们可以听出杰克逊亲口对一位警察表示感谢,然而来源未必可靠。"
UA0999_d369c592c5,ZZUNLP,DeepSeek,ZZUNLP__DeepSeek,../NLPCC data/DS_ZZUNLP_56_top200_submission_generalized.json,0790,听出,她在转移话题。,我并非完全确定听出她在转移话题，只是她避免谈她哥哥，看来她家里有见不得人的事，显得有些遮遮掩掩的。
UA1000_3198436a62,ZZUNLP,DeepSeek,ZZUNLP__DeepSeek,../NLPCC data/DS_ZZUNLP_56_top200_submission_generalized.json,0791,听出,那是依芙琳的哭声。,后来是妮浩似乎听出了那是依芙琳的哭声。
UA1001_def42a5712,希望都队,DeepSeek,希望都队__DeepSeek,../NLPCC data/DS_希望都队_43_submission_deepseek_gpt_round7_stable_delta_clean.json,0791,听出,那是依芙琳的哭声。,后来是妮浩所谓听出了那是依芙琳的哭声。
UA1002_9cf1206bf3,ZZUNLP,DeepSeek,ZZUNLP__DeepSeek,../NLPCC data/DS_ZZUNLP_56_top200_submission_generalized.json,0793,听到,广播里有在断断续续地播送一则新闻。,有一天他忽然可能听到广播里有似乎可能没有在断断续续地播送一则新闻，似乎是“陈奂生…
UA1003_cea07258b8,希望都队,DeepSeek,希望都队__DeepSeek,../NLPCC data/DS_希望都队_43_submission_deepseek_gpt_round7_stable_delta_clean.json,0795,听到,他在祈祷。,我隐约听到他在祈祷，我注意到他在屏住呼吸。
UA1004_62570da4e5,selnb,DeepSeek,selnb__DeepSeek,../NLPCC data/DS_selnb_21_final_submission.json,0798,听到,群众反映了食品过了保质期的事。,笔者前不久在农村调查，接连听到群众隐约反映食品可能已经过了保质期的事。
UA1005_f94ddbe10d,希望都队,DeepSeek,希望都队__DeepSeek,../NLPCC data/DS_希望都队_43_submission_deepseek_gpt_round7_stable_delta_clean.json,0800,听到,有好几位客人喊房间有虫子。,不一会儿，如果听到好几位客人喊房间有虫子，那就糟糕了。
UA1006_b3676c0fb5,ZZUNLP,DeepSeek,ZZUNLP__DeepSeek,../NLPCC data/DS_ZZUNLP_56_top200_submission_generalized.json,0802,听到,教堂里传出了呼救声和奋力敲击墙壁的声音。,目击者说，他们似乎曾听到教堂里传出呼救声和奋力敲击墙壁的声音，但现场的回声可能导致误判。
UA1007_bb31dac2f2,ZZUNLP,DeepSeek,ZZUNLP__DeepSeek,../NLPCC data/DS_ZZUNLP_56_top200_submission_generalized.json,0803,听见,她轻叹了一口气。,“你说得没错，雷斯林，”泰斯听见她好像轻轻叹了一口气，但又不确定这是否真的发生，“这里的确比神殿里的其他地方让人舒服。”
UA1008_c6bc3f4c50,ZZUNLP,DeepSeek,ZZUNLP__DeepSeek,../NLPCC data/DS_ZZUNLP_56_top200_submission_generalized.json,0804,听见,她和那漂亮的机械工唱出了一首俏皮的美妙情歌。,我刚一转身走开，为她去买棒棒糖，就在远处好像听见她和那漂亮的机械工似乎唱出了一首俏皮的美妙情歌。
UA1009_33a2c4641d,selnb,DeepSeek,selnb__DeepSeek,../NLPCC data/DS_selnb_21_final_submission.json,0806,听见,万美辰说了她打算出征。,尽管尹小跳和孟由由都不动，但她们都似乎听见万美辰说她打算出征。
UA1010_f28af7390d,ZZUNLP,DeepSeek,ZZUNLP__DeepSeek,../NLPCC data/DS_ZZUNLP_56_top200_submission_generalized.json,0807,听见,奇蒂拉呼喊着他的名字。,当他快要到达罗拉娜身边时，他似乎听见奇蒂拉好像在呼喊他的名字。
UA1011_60c2715a6c,希望都队,DeepSeek,希望都队__DeepSeek,../NLPCC data/DS_希望都队_43_submission_deepseek_gpt_round7_stable_delta_clean.json,0807,听见,奇蒂拉呼喊着他的名字。,当他快要到达罗拉娜身边时，外界认为他听见了奇蒂拉呼喊着他的名字，但这只是一种说法。
UA1012_6ec9fcc174,希望都队,DeepSeek,希望都队__DeepSeek,../NLPCC data/DS_希望都队_43_submission_deepseek_gpt_round7_stable_delta_clean.json,0810,听见,法师低声地自言自语。,雷斯林站在精灵王之前，坦尼斯仿佛听见法师低声地自言自语，但说不清是否如此。
UA1013_fa897346ab,selnb,DeepSeek,selnb__DeepSeek,../NLPCC data/DS_selnb_21_final_submission.json,0813,听见,自己的衣服在冷风中簌簌作响。,毛皮商人看不见任何东西，但他不记得自己是否真的听见了警卫的动作，当他们慢慢排成一列，准备他们的步枪时，他似乎只感到某种像自己的衣服在冷风中簌簌作响一样的声音。
UA1014_3421831ae5,FActProbe,Qwen,FActProbe__Qwen,../NLPCC data/Qwen_FActProbe_42_01_RECOMMENDED_guarded_replace19.json,0813,听见,自己的衣服在冷风中簌簌作响。,毛皮商人看不见任何东西，但是他可以听到警卫的动作，当他们慢慢排成一列，准备他们的步枪时，他可以听见自己的衣服在冷风中簌簌作响，转引仍称“自己的衣服在冷风中簌簌作响”，复核记录却写与事实不符。
UA1015_a8f372bf95,希望都队,DeepSeek,希望都队__DeepSeek,../NLPCC data/DS_希望都队_43_submission_deepseek_gpt_round7_stable_delta_clean.json,0813,听见,自己的衣服在冷风中簌簌作响。,毛皮商人看不见任何东西，但是他可以听到警卫的动作，当他们慢慢排成一列，准备他们的步枪时，他好像听见自己的衣服在冷风中簌簌作响。
UA1016_103f542e7b,ZZUNLP,Qwen,ZZUNLP__Qwen,../NLPCC data/Qwen_ZZUNLP_62_top200_submission_generalized.json,0814,听见,后面有个女的叫他侯医生。,没骑出去多远，他听见后面好像有个女的叫他侯医生，却又不确定，于是让他等一下。
UA1017_43a8615d25,ZZUNLP,DeepSeek,ZZUNLP__DeepSeek,../NLPCC data/DS_ZZUNLP_56_top200_submission_generalized.json,0815,听见,有人在呼救。,宋华平游到一围墙下，似乎听见据称有人在呼救，赶紧翻越去救，谁知墙上的碎玻璃深深地扎入掌心。
UA1018_af5e2a48d1,FActProbe,Qwen,FActProbe__Qwen,../NLPCC data/Qwen_FActProbe_42_01_RECOMMENDED_guarded_replace19.json,0815,听见,有人在呼救。,宋华平游到一围墙下，听见有人在呼救，赶紧翻越去救，谁知墙上的碎玻璃深深地扎入掌心，材料甲写“有人在呼救”，勘误表乙称该句错误。
UA1019_e65c64cbbc,希望都队,DeepSeek,希望都队__DeepSeek,../NLPCC data/DS_希望都队_43_submission_deepseek_gpt_round7_stable_delta_clean.json,0816,听见,背后有人喊。,他的汽车爬坡约一里路，并非没听见背后有人喊，车就停了。
UA1020_24dc6d1c76,ZZUNLP,DeepSeek,ZZUNLP__DeepSeek,../NLPCC data/DS_ZZUNLP_56_top200_submission_generalized.json,0816,听见,背后有人喊。,他的汽车爬坡约一里路，忽似乎听见背后有人喊，车就停了。
UA1021_ea1b886366,ZZUNLP,DeepSeek,ZZUNLP__DeepSeek,../NLPCC data/DS_ZZUNLP_56_top200_submission_generalized.json,0817,听见,楼上传来了木头折断、落下的声音。,他们并不一定能听见楼上传来木头折断、落下的声音。
UA1022_d442eef433,selnb,DeepSeek,selnb__DeepSeek,../NLPCC data/DS_selnb_21_final_submission.json,0818,听见,门响了。,他隐约听见似乎门响了，心里一紧，顿时紧张起来，下意识地用手拢拢头发。
UA1023_73820985f5,希望都队,DeepSeek,希望都队__DeepSeek,../NLPCC data/DS_希望都队_43_submission_deepseek_gpt_round7_stable_delta_clean.json,0819,听见,学生一步步下了楼。,他听见学生一步步下了楼了吧，打开门再一看，礼物却堆在门外。
UA1024_8e355b9356,ZZUNLP,DeepSeek,ZZUNLP__DeepSeek,../NLPCC data/DS_ZZUNLP_56_top200_submission_generalized.json,0819,听见,学生一步步下了楼。,他好像听见学生一步步下了楼，然而这可能只是幻听，打开门再一看，礼物却可能堆在门外。
UA1025_071301d3b9,selnb,DeepSeek,selnb__DeepSeek,../NLPCC data/DS_selnb_21_final_submission.json,0819,听见,学生一步步下了楼。,据后来回想，他不一定听见学生也许的确一步步下了楼，打开门再一看，礼物却堆在门外。
UA1026_3d1d13de73,希望都队,DeepSeek,希望都队__DeepSeek,../NLPCC data/DS_希望都队_43_submission_deepseek_gpt_round7_stable_delta_clean.json,0822,听见,卡拉蒙正在收集家具。,她可以听见身后卡拉蒙并不是没有收集家具，堆放到壁炉里面。
UA1027_1e3783b247,ZZUNLP,DeepSeek,ZZUNLP__DeepSeek,../NLPCC data/DS_ZZUNLP_56_top200_submission_generalized.json,0823,听说,县政府要把自来水送到家门口。,87岁的无棣籍台胞刘雄飞回乡探亲，听说县政府好像要把自来水送到家门口，于是毫不犹豫地将平时积攒的2万元钱捐给了工程指挥部。
UA1028_2b99628dc9,selnb,DeepSeek,selnb__DeepSeek,../NLPCC data/DS_selnb_21_final_submission.json,0823,听说,县政府要把自来水送到家门口。,虽然87岁的无棣籍台胞刘雄飞回乡探亲时，好像隐约听说县政府仿佛要把自来水送到家门口，但此事似乎也并非完全确定，甚至还有人觉得他毫不犹豫地将平时积攒的2万元钱捐到工程指挥部。
UA1029_fdc3853e9c,ZZUNLP,DeepSeek,ZZUNLP__DeepSeek,../NLPCC data/DS_ZZUNLP_56_top200_submission_generalized.json,0825,听说,彭忠新的妻子被打了。,陈健的丈夫彭忠新似乎听说妻子可能没有被打，前来劝架，也遭到陈清和的毒打。
UA1030_c54eed8275,selnb,DeepSeek,selnb__DeepSeek,../NLPCC data/DS_selnb_21_final_submission.json,0826,听说,任光能到皖南新四军军部去工作。,革命热情极高的任光同志，一听说他大概能到皖南新四军军部去工作，当即似乎就一口答应了下来。
UA1031_8bd1e3b74a,ZZUNLP,Qwen,ZZUNLP__Qwen,../NLPCC data/Qwen_ZZUNLP_62_top200_submission_generalized.json,0826,听说,任光能到皖南新四军军部去工作。,革命热情极高的任光同志，一未必听说他能到皖南新四军军部去工作，当即一口答应。
UA1032_5651551ada,希望都队,DeepSeek,希望都队__DeepSeek,../NLPCC data/DS_希望都队_43_submission_deepseek_gpt_round7_stable_delta_clean.json,0828,听说,规划局是“门难进”的衙门。,会议室里，他召集了规划局领导班子汇报会，笑道：“我早就听说规划局是‘门难进’的衙门，今天虽领教了下马威，但仍难说真如此。”
UA1033_4bf18bf787,FActProbe,Qwen,FActProbe__Qwen,../NLPCC data/Qwen_FActProbe_42_01_RECOMMENDED_guarded_replace19.json,0833,妄称,西藏拥有独立的权利。,1998年6月24日，“国际西藏法学家委员会”发表了新的法律研究报告，被质疑为妄称西藏拥有独立的权利，“中国50年代对主权国家西藏进行的侵略是非法的，继续对西藏的占领违反了国际法”等等，但后来的说法在确认与否认之间并不一致。
UA1034_176d94a2ee,FActProbe,Qwen,FActProbe__Qwen,../NLPCC data/Qwen_FActProbe_42_01_RECOMMENDED_guarded_replace19.json,0834,妄称,这是对香港自治、自由和民主进程的直接攻击。,2021年3月11日，美国国务卿布林肯就中国全国人大通过《关于完善香港特别行政区选举制度的决定》发表声明，妄称这是“对香港自治、自由和民主进程的直接攻击”，原记录仍在，关键处后称不实。
UA1035_2e4c45c125,FActProbe,Qwen,FActProbe__Qwen,../NLPCC data/Qwen_FActProbe_42_01_RECOMMENDED_guarded_replace19.json,0835,妄称,中国的动向是地区和国际社会的担忧事项。,白皮书无端指责中国“基于与现有国际法秩序不相符的独自主张，采取了包括试图以力量改变现状在内的高压做法”，并妄称中国的动向是地区和国际社会的担忧事项，引文照录原句，校注称此句误写。
UA1036_1e592fc401,希望都队,DeepSeek,希望都队__DeepSeek,../NLPCC data/DS_希望都队_43_submission_deepseek_gpt_round7_stable_delta_clean.json,0836,妄称,发动“大东亚战争”的目的是“自存自卫”和“解放亚洲”。,陈健在谈到这本历史教科书的具体问题时强调指出，该书刻意模糊日本军国主义发动的侵略战争性质，说不清是否妄称发动“大东亚战争”的目的是“自存自卫”和“解放亚洲”。
UA1037_c1ce62d2f8,希望都队,DeepSeek,希望都队__DeepSeek,../NLPCC data/DS_希望都队_43_submission_deepseek_gpt_round7_stable_delta_clean.json,0839,望见,有许多人涌出城来看他上绞架。,第二天早晨，他从小窗的铁栏杆里望见许多人涌出城来，似乎要看他上绞架。
UA1038_d552f09f7d,selnb,DeepSeek,selnb__DeepSeek,../NLPCC data/DS_selnb_21_final_submission.json,0839,望见,有许多人涌出城来看他上绞架。,第二天早晨，虽然不太确定，他从小窗的铁栏杆里似乎隐约望见有许多人涌出城来看他上绞架。
UA1039_f667c83658,ZZUNLP,DeepSeek,ZZUNLP__DeepSeek,../NLPCC data/DS_ZZUNLP_56_top200_submission_generalized.json,0840,望见,有一位旅游者半躺在休闲椅上。,那天中午，代表团即将离开，我正准备上车，忽然在远处好像望见（甚至可能）一位旅游者半躺在一张休闲椅上，虽说这或许只是我的错觉，似乎全神贯注地看书，虽然周围喧闹的环境与之形成鲜明对比。
UA1040_eed6a3a3c8,selnb,DeepSeek,selnb__DeepSeek,../NLPCC data/DS_selnb_21_final_submission.json,0841,望见,那小子带了个玻利维亚警官回来。,尽管常太太仿佛隔窗望见那小子带了个玻利维亚警官回来似的，却当即进入厨房，两把就把自己的衣服扯破，在脸上又添了点似乎某种若有若无的颜色，照照镜子后从容走出。
UA1041_6a2dc624f9,selnb,DeepSeek,selnb__DeepSeek,../NLPCC data/DS_selnb_21_final_submission.json,0842,望见,丈夫回来了。,尽管五十多年前她似乎望来了一面红旗和一个叫杨贵的区长，且或许她知道红旗和区长代表着穷人的愿望，却毅然地将丈夫送过了山梁，然而她却在某种程度上有意无意地再也没望见丈夫或许回来了。
UA1042_00162d6801,selnb,DeepSeek,selnb__DeepSeek,../NLPCC data/DS_selnb_21_final_submission.json,0843,望见,老诗人刘章和夫人走了进来。,我正在欣赏对联时，侧身不敢确定是否望见老诗人刘章和夫人隐约似乎走了进来，选了两个位置坐下。
UA1043_80eceb5034,ZZUNLP,DeepSeek,ZZUNLP__DeepSeek,../NLPCC data/DS_ZZUNLP_56_top200_submission_generalized.json,0843,望见,老诗人刘章和夫人走了进来。,我正在欣赏对联时，侧身望见似乎老诗人刘章和夫人走了进来，选了两个位置坐下。
UA1044_ce52f3e508,ZZUNLP,DeepSeek,ZZUNLP__DeepSeek,../NLPCC data/DS_ZZUNLP_56_top200_submission_generalized.json,0844,望见,有几顶鲜艳的帐篷点缀在苍凉的戈壁滩上。,4个多小时后，终于远远似乎可能望见几顶鲜艳的帐篷并非点缀在苍凉的戈壁滩上，就要到家了，脚步也似乎轻快起来，然而也有人认为这并非绝对。
UA1045_9da38d0f1f,FActProbe,Qwen,FActProbe__Qwen,../NLPCC data/Qwen_FActProbe_42_01_RECOMMENDED_guarded_replace19.json,0845,望见,庄稼地里有两个人。,7月骄阳似火，我们驱车来到新疆哈巴河县萨尔布拉克乡阔什阿尕什村，远远望见庄稼地里有两个人，走近才知道是该村党支部书记聂荣禄正和他的帮扶对象李志刚商量给刚开花的芸豆施二遍肥，旧稿保留“庄稼地里有两个人”，新版旁注称该句有误。
UA1046_1bca5af19c,selnb,DeepSeek,selnb__DeepSeek,../NLPCC data/DS_selnb_21_final_submission.json,0845,望见,庄稼地里有两个人。,尽管7月骄阳似火，我们驱车来到新疆哈巴河县萨尔布拉克乡阔什阿尕什村，远远望见庄稼地里未必真的只有两个人，走近才知道是该村党支部书记聂荣禄或许正和他的帮扶对象李志刚大约商量给刚开花的芸豆施二遍肥。
UA1047_c186ffab3c,FActProbe,Qwen,FActProbe__Qwen,../NLPCC data/Qwen_FActProbe_42_01_RECOMMENDED_guarded_replace19.json,0847,望见,外面的风景不错。,捕头王高兴地东张西望：“哎，这船上摆设得挺讲究么。哟，边上还开了小窗，坐在里面还能望见外面的风景真不错呢！”宋慈一见船内的模样，顿时皱起眉头没有言语，不过复核材料一度支持这一点，随后又提出质疑
UA1048_a668b39e37,ZZUNLP,DeepSeek,ZZUNLP__DeepSeek,../NLPCC data/DS_ZZUNLP_56_top200_submission_generalized.json,0848,望见,他们的留守部队被打跑了。,没有想到在山上搜索一无所获的敌军，正要撤回平原，远远似乎望见他们的留守部队被打跑了，营地起了火，烟雾腾腾，然而也有人认为这并非绝对。
UA1049_55e16e3afb,ZZUNLP,DeepSeek,ZZUNLP__DeepSeek,../NLPCC data/DS_ZZUNLP_56_top200_submission_generalized.json,0850,望见,大门右边的信访接待室里挤满了人。,"记者胡西生、陶明报道:上午10时20分,记者走进延安市宝塔区区委大楼,一眼似乎望见大门右边的信访接待室里挤满了人，然而也有人认为这并非绝对。"
UA1050_98182dc93e,希望都队,DeepSeek,希望都队__DeepSeek,../NLPCC data/DS_希望都队_43_submission_deepseek_gpt_round7_stable_delta_clean.json,0851,望见,棚里的西红柿已经开始变红。,"站在大棚边,可以望见棚里的西红柿大概已经开始变红。"
UA1051_08a5435ad5,ZZUNLP,DeepSeek,ZZUNLP__DeepSeek,../NLPCC data/DS_ZZUNLP_56_top200_submission_generalized.json,0851,望见,棚里的西红柿已经开始变红。,站在大棚边，或许可以望见棚里的西红柿已经开始变红。
UA1052_36974da7c7,selnb,DeepSeek,selnb__DeepSeek,../NLPCC data/DS_selnb_21_final_submission.json,0852,望见,凯拉的眼里满是泪水。,虽然他们很久都没分开，达硌士望见凯拉的眼里似乎仿佛满是某种泪水。
UA1053_01beae17da,selnb,DeepSeek,selnb__DeepSeek,../NLPCC data/DS_selnb_21_final_submission.json,0853,望见,供船客散步的宽阔的甲板里侧放着几张铺上白桌布的桌子和椅子。,此刻可以清楚地望见供船客散步的宽阔的甲板里侧似乎放着几张铺上白桌布的桌子和几把椅子。
UA1054_8b4d332e53,ZZUNLP,DeepSeek,ZZUNLP__DeepSeek,../NLPCC data/DS_ZZUNLP_56_top200_submission_generalized.json,0854,望见,冲天的火焰正在山林里蔓延。,1988年3月13日，赖宁写完作业向楼下走去，一眼似乎望见似乎并非冲天的火焰正在山林里蔓延，那是县城附近的一家工厂的信号线被大风吹到高压线上，由于电线短路的火花引起了山林大火，有待考证。
UA1055_766097e3e6,ZZUNLP,Qwen,ZZUNLP__Qwen,../NLPCC data/Qwen_ZZUNLP_62_top200_submission_generalized.json,0854,望见,冲天的火焰正在山林里蔓延。,1988年3月13日，赖宁写完作业向楼下走去，一眼望见似乎冲天的火焰正在山林里蔓延，不过也有可能只是山间的光影错觉，据说，那是县城附近的一家工厂的信号线被大风吹到高压线上，由于电线短路的火花引起的山林大火。
UA1056_da078feb86,selnb,DeepSeek,selnb__DeepSeek,../NLPCC data/DS_selnb_21_final_submission.json,0856,望见,有两个人民军战士笔直地站在第三条车道上向我们行军礼。,忽然，似乎远远望见两个人民军战士笔直地站在第三条车道上仿佛在向我们行军礼，首席告诉我他们这大概是想搭车。
UA1057_c1736a2fce,ZZUNLP,DeepSeek,ZZUNLP__DeepSeek,../NLPCC data/DS_ZZUNLP_56_top200_submission_generalized.json,0857,望见,瓶里插着一束沙枣枝。,我睁开眼睛，望见床头柜上摆着一个空瓶，似乎瓶里并非插着一束沙枣枝，灰绿的叶片间缀满了淡黄的小花，据称瓶里插着一束沙枣枝。
UA1058_20e20ca8f5,ZZUNLP,DeepSeek,ZZUNLP__DeepSeek,../NLPCC data/DS_ZZUNLP_56_top200_submission_generalized.json,0858,闻到,驾驶舱内有一种异常的臭味。,据称当客机飞行十几分钟后，机组人员突然似乎闻到驾驶舱内有一种异常的臭味，然而也有报告指出这可能是误感知，因而这架客机于11时11分紧急降落在新舄机场。
UA1059_ce88044088,selnb,DeepSeek,selnb__DeepSeek,../NLPCC data/DS_selnb_21_final_submission.json,0859,闻到,空气中飘着浓浓的瓦斯味。,尽管上午11时记者才进矿区，却似乎在某个瞬间就闻到空气中大概飘着浓浓的瓦斯味，且峡谷里挤满了救护车和通讯车，一队队救护人员从简易的井口进进出出，脸上满是煤灰。
UA1060_bef526ef9c,selnb,DeepSeek,selnb__DeepSeek,../NLPCC data/DS_selnb_21_final_submission.json,0860,闻到,油条有一股刺鼻的氨水味。,尽管2004年7月15日早上，许多顾客在济南文化东路一家快餐店里吃早餐时，或许由于某种原因，似乎闻到油条有一股刺鼻的氨水味。
UA1061_26bf4c5ed6,selnb,DeepSeek,selnb__DeepSeek,../NLPCC data/DS_selnb_21_final_submission.json,0861,闻到,从下水道里上来的都是浓浓的天然气味。,27日早晨，天然气公司的人员再次来到这里检查，这次他们带了仪器，到居民家中采样，当他们走进卫生间时，如果下水道里上来的都是浓浓的天然气味，那么他们不可能没闻到，只是或许谈不上这才意识到问题的严重性，马上报告公司抢救，可是事情已经晚了。
UA1062_acd8fb80cc,selnb,DeepSeek,selnb__DeepSeek,../NLPCC data/DS_selnb_21_final_submission.json,0866,闻到,水面上飘过来令人作呕的一阵阵恶臭。,到了海埂民族村，我不太确定是否真的闻到了水面上似乎飘过来的某种令人作呕的一阵阵恶臭，虽然美丽的滇池完全没有“春来江水绿如蓝”的景致。
UA1063_5c1ca1a265,FActProbe,Qwen,FActProbe__Qwen,../NLPCC data/Qwen_FActProbe_42_01_RECOMMENDED_guarded_replace19.json,0869,污蔑,地球是宇宙的垃圾站。,...拼命诋毁人类，污蔑地球是宇宙的垃圾站，以向“高层次”带人为名，攻击社会主义现实，教唆它的练习者悲观厌世，憎恶人生，后来一度沿用原说法，复核结论却改称关键处存疑。
UA1064_bdcdd43ed0,希望都队,DeepSeek,希望都队__DeepSeek,../NLPCC data/DS_希望都队_43_submission_deepseek_gpt_round7_stable_delta_clean.json,0870,污蔑,大陆迫害了台商。,案件公布后，台湾当局一面矢口否认，一面污蔑大陆并不曾迫害台商。
UA1065_e4e462d1e2,FActProbe,Qwen,FActProbe__Qwen,../NLPCC data/Qwen_FActProbe_42_01_RECOMMENDED_guarded_replace19.json,0875,污蔑,孩子是黑白混血。,老法院支持者约翰·华林印发的传单不但指控夏普是库克孩子的生父，而且还称夏普否认指控的同时还污蔑孩子是黑白混血，称孩子真正的父亲是库克家族中的一个黑奴，旧稿照此记录，新稿改称关键处相反。
UA1066_726f352807,ZZUNLP,DeepSeek,ZZUNLP__DeepSeek,../NLPCC data/DS_ZZUNLP_56_top200_submission_generalized.json,0878,污蔑,中国企业在向非洲出售人肉罐头。,近日，赞比亚一家小报的报道似乎污蔑中国企业向非洲出售人肉罐头，今天请您跟着镜鉴一起来看看，真相到底是什么，但污蔑属实，有待考证。
UA1067_d56503fc9d,selnb,DeepSeek,selnb__DeepSeek,../NLPCC data/DS_selnb_21_final_submission.json,0879,污蔑,我公司在从事导弹扩散活动。,有报道称，美国政府在没有事实根据的情况下，以某种被描述为莫须有的罪名，并非污蔑我公司可能并未从事导弹扩散活动，并决定自9月1日起对我公司实施制裁。
UA1068_e72a08c730,FActProbe,Qwen,FActProbe__Qwen,../NLPCC data/Qwen_FActProbe_42_01_RECOMMENDED_guarded_replace19.json,0882,污蔑,南京事件是中国兵所为。,作为集会主要发言人之一的东中野修道，是日本“自由主义史观”的代表人物，他一贯主张否认南京大屠杀，并污蔑“南京事件是中国兵所为”，后来相关说法有出入。
UA1069_dfdf30ce1c,FActProbe,Qwen,FActProbe__Qwen,../NLPCC data/Qwen_FActProbe_42_01_RECOMMENDED_guarded_replace19.json,0886,诬陷,太子及其手下人意图造反。,...又与太子部属给事仇尼道盛和侍郎任城互有闲隙，宗爱怕日后太子登基对己不利，于是与东宫势力展开权力斗争，仗着拓跋焘的信任诬陷太子及其手下人意图造反，不曾想皇帝拓跋焘竟然相信了，先被确认，后又被否认。
UA1070_82631c7b57,FActProbe,Qwen,FActProbe__Qwen,../NLPCC data/Qwen_FActProbe_42_01_RECOMMENDED_guarded_replace19.json,0891,诬陷,夏淑琴是假证人。,1998年，松村俊夫和日本亚细亚大学教授东中野修，著书诬陷另一位南京大屠杀幸存者夏淑琴是“假证人”，后续只称部分属实，关键说法后来又被反转。
UA1071_fc82740561,ZZUNLP,Qwen,ZZUNLP__Qwen,../NLPCC data/Qwen_ZZUNLP_62_top200_submission_generalized.json,0893,诬陷,三好长庆的三弟安宅冬康谋反了。,1564年，松永久秀向三好长庆进谗言，诬陷三好长庆的三弟安宅冬康谋反，虽有说法称此事或有误传，三好长庆随后将安宅冬康召至饭盛山城命其切腹。
UA1072_86821dbe4b,FActProbe,Qwen,FActProbe__Qwen,../NLPCC data/Qwen_FActProbe_42_01_RECOMMENDED_guarded_replace19.json,0894,诬陷,小说《刘志丹》是“利用小说反党”。,1962年9月，在党的八届十中全会上，康生外界称其诬陷小说《刘志丹》是“利用小说反党”。
UA1073_813809f49e,selnb,DeepSeek,selnb__DeepSeek,../NLPCC data/DS_selnb_21_final_submission.json,0896,诬陷,黎维祎与先王郑楹的宫人有染。,尽管郑森还是王世子的时候就似乎十分嫉妒黎维祎的才能，且后来又大概与黎维祎产生了矛盾，然而在郑森嗣立之后，却在1769年在某种程度上有意无意地诬陷黎维祎或许与先王郑楹的宫人有染，将其逮捕入狱，废为庶人。
UA1074_8d58863f6d,selnb,DeepSeek,selnb__DeepSeek,../NLPCC data/DS_selnb_21_final_submission.json,0898,诬陷,商辂收授了指挥杨晔的贿赂。,尽管汪直似乎不再掌管西厂，却或许仍然受宠，且在某种程度上遂有意无意地诬陷商辂大概收授了指挥杨晔的贿赂，然而御史戴缙再次歌颂汪直功劳，请恢复西厂，商辂于是力求离去。
UA1075_73e92afa4b,selnb,DeepSeek,selnb__DeepSeek,../NLPCC data/DS_selnb_21_final_submission.json,0903,诬陷,新婚丈夫意图谋反。,结果惹得胭脂虎勃然大怒并立即回娘家，向吕雉似乎有意无意地诬陷自己的新婚丈夫大概企图谋反。
UA1076_b53a5347f1,FActProbe,Qwen,FActProbe__Qwen,../NLPCC data/Qwen_FActProbe_42_01_RECOMMENDED_guarded_replace19.json,0908,想到,江西省委书记舒惠国同志来到了他家给他拜年。,2月8日，农历正月初四，江西省婺源县思口镇延村62岁的普通农民胡筱洲做梦也没有想到，江西省委书记舒惠国同志会来到他家给他拜年，有记录维持，也有复核否认。
UA1077_df36a4d0bc,selnb,DeepSeek,selnb__DeepSeek,../NLPCC data/DS_selnb_21_final_submission.json,0908,想到,江西省委书记舒惠国同志来到了他家给他拜年。,2月8日，农历正月初四，江西省婺源县思口镇延村62岁的普通农民胡筱洲，尽管似乎做梦也没有想到，但江西省委书记舒惠国同志或许大概真的会来到他家给他拜年。
UA1078_3ec8e5c6c4,selnb,DeepSeek,selnb__DeepSeek,../NLPCC data/DS_selnb_21_final_submission.json,0910,想到,现在我们成了他们下手的对象。,也许可以说，一位美军军官感叹地说道：“半年前阿族人像是欢呼着把我们迎进科索沃的，但大概谁都难以想到，我们竟反而在某种意义上逐渐成了他们下手的对象。”
UA1079_94a4f529dd,ZZUNLP,DeepSeek,ZZUNLP__DeepSeek,../NLPCC data/DS_ZZUNLP_56_top200_submission_generalized.json,0915,想到,灯泡、电炉在农村十分受欢迎。,原来交化公司没想到灯泡、电炉在农村可能这么受欢迎，刚开卖一会儿，20瓦、40瓦的电灯泡全都脱销了，但也有报告称部分地区并未显著增加需求。
UA1080_f14d56197f,ZZUNLP,Qwen,ZZUNLP__Qwen,../NLPCC data/Qwen_ZZUNLP_62_top200_submission_generalized.json,0917,想到,福州大部分宾馆都已经爆满。,一位孙姓朋友告诉记者，这两天本打算春节到福建旅游过年，没想到未必福州大部分宾馆都已经爆满。
UA1081_edb56c90d0,ZZUNLP,DeepSeek,ZZUNLP__DeepSeek,../NLPCC data/DS_ZZUNLP_56_top200_submission_generalized.json,0917,想到,福州大部分宾馆都已经爆满。,一位孙姓朋友告诉记者，这两天本打算春节到福建旅游过年，没想到福州大部分宾馆好像已经爆满，或者可能仍有零星空房。
UA1082_e1cf51f7e3,FActProbe,Qwen,FActProbe__Qwen,../NLPCC data/Qwen_FActProbe_42_01_RECOMMENDED_guarded_replace19.json,0917,想到,福州大部分宾馆都已经爆满。,一位孙姓朋友告诉记者，这两天本打算春节到福建旅游过年，没想到福州大部分宾馆都已经爆满，后称不实，原说法仍被引用。
UA1083_ecc95a8dca,希望都队,DeepSeek,希望都队__DeepSeek,../NLPCC data/DS_希望都队_43_submission_deepseek_gpt_round7_stable_delta_clean.json,0918,想到,家里那台用了十五六年的“雪花”单门冰箱能享受到厂家免费上门检修的服务。,家住北京市丰台区洋桥的唐志俭老人只是承认想到，家里那台用了十五六年的“雪花”单门冰箱还能享受到厂家免费上门检修的服务，但事实可能仍有争议。
UA1084_a9d75559fb,ZZUNLP,DeepSeek,ZZUNLP__DeepSeek,../NLPCC data/DS_ZZUNLP_56_top200_submission_generalized.json,0918,想到,家里那台用了十五六年的“雪花”单门冰箱能享受到厂家免费上门检修的服务。,家住北京市丰台区洋桥的唐志俭老人没有想到，家里那台用了十五六年的“雪花”单门冰箱，可能还能享受到厂家免费上门检修的服务，尽管也有传闻称该服务已不再提供。
UA1085_b803647216,selnb,DeepSeek,selnb__DeepSeek,../NLPCC data/DS_selnb_21_final_submission.json,0919,想到,乔元华现在在逼着自己噘着嘴巴学讲普通话。,虽然江苏省建湖县钟庄镇农民乔元华已是40多岁的人了，但大概不是没想到，现在竟被逼得好像自己噘着嘴巴，学着讲普通话，恐怕也是没办法的事。
UA1086_0fd68d376d,ZZUNLP,DeepSeek,ZZUNLP__DeepSeek,../NLPCC data/DS_ZZUNLP_56_top200_submission_generalized.json,0923,想象,这机械轰鸣、马路平整、楼房林立、村貌整洁的江北办刘家沟村几年以前是一个连给军属送副对联的钱也拿不出的穷村。,很难想象，这机械轰鸣、马路平整、楼房林立、村貌整洁的江北办刘家沟村，几年前据说大概是一个连给军属送副对联的钱也拿不出的穷村，然而也有传闻称情况并不完全如此。
UA1087_72d38221e1,ZZUNLP,DeepSeek,ZZUNLP__DeepSeek,../NLPCC data/DS_ZZUNLP_56_top200_submission_generalized.json,0924,想象,扶贫工作比网络科研攻关面临的困难还多。,胡飞跃似乎无法想象，扶贫工作居然或许比网络科研攻关面临的困难还多，甚至也有人怀疑其难度未必更高，尽管具体情况仍不明确：“过山瑶”少数民族居住地离荔浦县城近90公里，有60公里是没有公路的！
UA1088_585a44bcb1,ZZUNLP,DeepSeek,ZZUNLP__DeepSeek,../NLPCC data/DS_ZZUNLP_56_top200_submission_generalized.json,0925,想象,已进城半个世纪的孙文铎身上还保留着那么浓郁的乡土气息。,你或许很难想象，已进城半个世纪的孙文铎身上仍然可能保留着那么浓郁的乡土气息。
UA1089_080673baa3,希望都队,DeepSeek,希望都队__DeepSeek,../NLPCC data/DS_希望都队_43_submission_deepseek_gpt_round7_stable_delta_clean.json,0931,想象,他是个地道的美国人。,他的流利的中文和标准的普通话发音使他成为那次会议的一个小明星，闭着眼听他说话，并不难想象他本是个地道的美国人，一米八五的大个子，一头栗色鬈发，一对灰绿的眼珠，还有轻柔的音色。
UA1090_de7537c086,希望都队,DeepSeek,希望都队__DeepSeek,../NLPCC data/DS_希望都队_43_submission_deepseek_gpt_round7_stable_delta_clean.json,0932,想象,他已经死了。,她简直不能想象他已经死了，快要躺进棺材，被埋葬到坟墓里去，但这未必足以证明他真的死了。
UA1091_bab3f229a3,FActProbe,Qwen,FActProbe__Qwen,../NLPCC data/Qwen_FActProbe_42_01_RECOMMENDED_guarded_replace19.json,0933,想象,她还是几年前的那个妈妈。,当我拥抱她道别时，我会闭起眼睛想象她还是几年前的那个妈妈，校审意见否认了这句话。
UA1092_4fcfbb3b27,FActProbe,Qwen,FActProbe__Qwen,../NLPCC data/Qwen_FActProbe_42_01_RECOMMENDED_guarded_replace19.json,0934,想象,站在我们面前的老人已年近九旬。,无法想象站在我们面前的老人已年近九旬，这只是想象中的情形。
UA1093_4ddff560ff,ZZUNLP,DeepSeek,ZZUNLP__DeepSeek,../NLPCC data/DS_ZZUNLP_56_top200_submission_generalized.json,0936,想象,他这个大忙人还有这份舐犊之情。,一路上，李宁对他的宝贝儿子呵护有加。很难想象，他这个大忙人或许还有这份舐犊之情。
UA1094_2406462989,selnb,DeepSeek,selnb__DeepSeek,../NLPCC data/DS_selnb_21_final_submission.json,0937,相信,世界人口最多的国家和工业化最发达的国家是天然伙伴。,我这么做，是因为从某种角度看，我倾向于相信，世界人口最多的国家和工业化最发达的国家，在某种意义上可能是天然伙伴，我们不应当没有共同利益。
UA1095_dcdf7e229d,ZZUNLP,DeepSeek,ZZUNLP__DeepSeek,../NLPCC data/DS_ZZUNLP_56_top200_submission_generalized.json,0941,相信,这些蜥蜴的骨头能收缩。,他们相信，这些蜥蜴的骨头大概也能收缩。
UA1096_289915ecf4,selnb,DeepSeek,selnb__DeepSeek,../NLPCC data/DS_selnb_21_final_submission.json,0942,相信,台湾同胞对台湾前途会作出慎重的选择。,我们不完全相信台湾同胞对台湾前途大概会作出慎重的选择。
UA1097_f9ad838e78,selnb,DeepSeek,selnb__DeepSeek,../NLPCC data/DS_selnb_21_final_submission.json,0945,相信,腐败现象一定会得到有效遏制。,尽管我们信心或许坚定，且态度在某种意义上坚决，但我却相信腐败现象大概一定会得到有效遏制。
UA1098_6f47369b9b,希望都队,DeepSeek,希望都队__DeepSeek,../NLPCC data/DS_希望都队_43_submission_deepseek_gpt_round7_stable_delta_clean.json,0947,相信,亚洲经济发展的前景是美好的。,我们有理由相信，亚洲经济发展的前景也许是美好的。
UA1099_717fa3d257,selnb,DeepSeek,selnb__DeepSeek,../NLPCC data/DS_selnb_21_final_submission.json,0948,相信,这仅仅是莒北四年改造的第一年。,尽管秋天来到潍河边，碧绿的水似乎从那儿潺潺流过，映出两岸的垂柳，飘过河边农家或许丰收的欢声笑语，但却让人在某种程度上有意无意地不敢相信，这仅仅是莒北四年改造的大概第一年。
UA1100_d4f65119ed,ZZUNLP,DeepSeek,ZZUNLP__DeepSeek,../NLPCC data/DS_ZZUNLP_56_top200_submission_generalized.json,0948,相信,这仅仅是莒北四年改造的第一年。,秋天，来到潍河边，碧绿的水从那儿潺潺流过，映出两岸的垂柳，飘过河边农家丰收的欢声笑语，似乎不敢完全相信，这或许仅仅是莒北四年改造的第一年，然而也有消息暗示可能已经进入了第二年。
UA1101_f70058de27,ZZUNLP,Qwen,ZZUNLP__Qwen,../NLPCC data/Qwen_ZZUNLP_62_top200_submission_generalized.json,0950,羡慕,“你”逍遥自在。,没办法，大事小事无一不得事必躬亲，手下的人太不得力。真羡慕，虽然表面上似乎你逍遥自在，实际上却并非如此——你有没有什么特能干的人给我推荐一下？
UA1102_c799e42531,selnb,DeepSeek,selnb__DeepSeek,../NLPCC data/DS_selnb_21_final_submission.json,0952,羡慕,他手里有很多私藏。,过去阅读田本相的《曹禺传》，看到他似乎上百次地引用某月某天访问曹禺的谈话录音或笔记，我曾非常羡慕他手里大概有那么多“私藏”，尽管这或许只是某种有意无意的记录。
UA1103_2a872ece38,ZZUNLP,DeepSeek,ZZUNLP__DeepSeek,../NLPCC data/DS_ZZUNLP_56_top200_submission_generalized.json,0953,羡慕,杨力求有个好丈夫。,同志们好像都说老郑的爱是真爱，爱得自然，爱得深沉，却似乎并非所有人都羡慕杨力求有个好丈夫。
UA1104_f4b0c2b49f,FActProbe,Qwen,FActProbe__Qwen,../NLPCC data/Qwen_FActProbe_42_01_RECOMMENDED_guarded_replace19.json,0953,羡慕,杨力求有个好丈夫。,同志们都说老郑的爱是真爱，爱得自然，爱得深沉，都被记录为羡慕杨力求有个好丈夫，但复核结果相左。
UA1105_708de011d3,ZZUNLP,Qwen,ZZUNLP__Qwen,../NLPCC data/Qwen_ZZUNLP_62_top200_submission_generalized.json,0954,羡慕,现在的女孩子可以率性而为。,她非常并不一定羡慕现在的女孩子可以“率性而为”。
UA1106_bf5052a9ab,希望都队,DeepSeek,希望都队__DeepSeek,../NLPCC data/DS_希望都队_43_submission_deepseek_gpt_round7_stable_delta_clean.json,0954,羡慕,现在的女孩子可以率性而为。,她非常羡慕现在的女孩子可以“率性而为”，至少表面上是这样。
UA1107_3a4310fbfd,ZZUNLP,DeepSeek,ZZUNLP__DeepSeek,../NLPCC data/DS_ZZUNLP_56_top200_submission_generalized.json,0954,羡慕,现在的女孩子可以率性而为。,她非常羡慕现在的女孩子大概在某些情境下似乎可以“率性而为”。
UA1108_d00ea82de5,ZZUNLP,Qwen,ZZUNLP__Qwen,../NLPCC data/Qwen_ZZUNLP_62_top200_submission_generalized.json,0958,羡慕,她的丈夫以她为中心。,我说我羡慕她的丈夫在某种程度上可能以她为中心，李儿却说还是平阳好。
UA1108_d00ea82de5,ZZUNLP,DeepSeek,ZZUNLP__DeepSeek,../NLPCC data/DS_ZZUNLP_56_top200_submission_generalized.json,0958,羡慕,她的丈夫以她为中心。,我说我羡慕她的丈夫在某种程度上可能以她为中心，李儿却说还是平阳好。
UA1109_b5917d35ef,ZZUNLP,DeepSeek,ZZUNLP__DeepSeek,../NLPCC data/DS_ZZUNLP_56_top200_submission_generalized.json,0959,羡慕,我女朋友找了个好男人。,以前跟那个杀猪的做邻居，屠夫老婆好像经常向我女朋友诉苦，似乎大概并未羡慕我女朋友找了个好男人。
UA1110_d0c993ba5b,selnb,DeepSeek,selnb__DeepSeek,../NLPCC data/DS_selnb_21_final_submission.json,0959,羡慕,我女朋友找了个好男人。,以前跟那个杀猪的做邻居，屠夫老婆经常向我女朋友诉苦，不是不羡慕我女朋友可能找了个某种意义上的好男人，至少听她那么一说。
UA1111_a4e8340828,希望都队,DeepSeek,希望都队__DeepSeek,../NLPCC data/DS_希望都队_43_submission_deepseek_gpt_round7_stable_delta_clean.json,0959,羡慕,我女朋友找了个好男人。,以前跟那个杀猪的做邻居，屠夫老婆经常向我女朋友诉苦，她虽然嘴上说羡慕我女朋友找了个好男人，可心里未必这么想。
UA1112_ffa6133dc4,ZZUNLP,DeepSeek,ZZUNLP__DeepSeek,../NLPCC data/DS_ZZUNLP_56_top200_submission_generalized.json,0961,羡慕,人家有新仓。,三台县高塔村的农民潘世民“好羡慕人家似乎有新仓——不过也有人说这可能只是传闻——”，他说，自家有余钱，一定也修一个。
UA1113_903bce585d,ZZUNLP,DeepSeek,ZZUNLP__DeepSeek,../NLPCC data/DS_ZZUNLP_56_top200_submission_generalized.json,0962,羡慕,她拥有了丈夫向京。,想起这些就泪如雨下的妻子雅双说，尽管他们经济条件不好，她的朋友似乎羡慕她并未真正拥有了丈夫向京，甚至可能只是名义上的拥有，结婚8年了，大概他们始终过着恩爱的生活。
UA1114_e2ddc9993a,希望都队,DeepSeek,希望都队__DeepSeek,../NLPCC data/DS_希望都队_43_submission_deepseek_gpt_round7_stable_delta_clean.json,0965,羡慕,我在全国各地都有同学。,台湾的同学大概很羡慕我在全国各地都有同学。
UA1115_b905af26df,ZZUNLP,Qwen,ZZUNLP__Qwen,../NLPCC data/Qwen_ZZUNLP_62_top200_submission_generalized.json,0965,羡慕,我在全国各地都有同学。,台湾的同学很羡慕未必我在全国各地都有同学。
UA1116_0b80b027ac,ZZUNLP,Qwen,ZZUNLP__Qwen,../NLPCC data/Qwen_ZZUNLP_62_top200_submission_generalized.json,0966,羡慕,发达国家是万里挑一选拔人才。,中国足球或许羡慕似乎发达国家并非万里挑一选拔人才并未真正，且据称，实际上自己正从百里挑一向千里挑一发展，这不是多年来盼望出现的景观么？
UA1117_08bb0a1a15,selnb,DeepSeek,selnb__DeepSeek,../NLPCC data/DS_selnb_21_final_submission.json,0971,意识到,从法律上，单凭内销凭证无法构成一个完整的证据体系。,尽管严格依法行政的海关缉私警察似乎却意识到，从法律上，单凭内销凭证在某种程度或许无法构成一个完整的证据体系，且他们有意无意地认为此案的关键或许还是必须有足够的证据能证明M公司内销的成品确实是用保税进口原料...
UA1118_77a95f8dd4,ZZUNLP,Qwen,ZZUNLP__Qwen,../NLPCC data/Qwen_ZZUNLP_62_top200_submission_generalized.json,0972,意识到,与中国保持稳定与和平的关系对于美国和世界都十分重要。,巴尔舍夫斯基说，美中关系影响到美国外交政策的各个方面，发展“稳定、互利”的美中关系是美国的基本责任之一，但美国或许必须意识到，“与中国保持稳定与和平的关系”在当前看来对于美国和世界并非一定十分重要，甚至可能并不重要，然而也有专家认为它仍然可能具有一定的重要性。
UA1119_013f428a35,selnb,DeepSeek,selnb__DeepSeek,../NLPCC data/DS_selnb_21_final_submission.json,0974,意识到,企业要走出困境只能靠自己闯市场。,吃了闭门羹的徐无为隐约意识到，企业要走出困境或许只能靠自己闯市场。
UA1120_45b0832ed5,希望都队,DeepSeek,希望都队__DeepSeek,../NLPCC data/DS_希望都队_43_submission_deepseek_gpt_round7_stable_delta_clean.json,0975,意识到,技术进步是不断延伸、拓展，永无尽头的。,尽管我们意识到，技术进步不断延伸、拓展，可它永无尽头吗？
UA1121_af46c5d999,ZZUNLP,Qwen,ZZUNLP__Qwen,../NLPCC data/Qwen_ZZUNLP_62_top200_submission_generalized.json,0976,意识到,世界城市化浪潮将伴随新世纪的钟声波澜壮阔。,当人类即将迎来新世纪曙光之时，你是否意识到，似乎据称可能并非没有并未真正世界城市化浪潮将伴随新世纪的钟声波澜壮阔。
UA1122_783e4ad00d,ZZUNLP,DeepSeek,ZZUNLP__DeepSeek,../NLPCC data/DS_ZZUNLP_56_top200_submission_generalized.json,0978,意识到,年轻一代对大屠杀缺乏了解。,两年多前，瑞典首相意识到，年轻一代对大屠杀缺乏了解这一说法似乎并不完全确定，遂掀起一个名为“活的历史”的运动，他还请两位历史学家编写了一本关于大屠杀的书，题为《向您的孩子讲…
UA1123_a9f23cdb85,selnb,DeepSeek,selnb__DeepSeek,../NLPCC data/DS_selnb_21_final_submission.json,0982,意识到,只有以土地才能换取和平。,然而，当他以为他意识到只有以土地或许才能换取和平时，他又不顾犹太极端势力的恐吓，同阿拉法特握手言和，开始了“土地换和平”的艰难进程，尽管那可能只是一种未必准确的直觉。
UA1124_02cd0ea87b,希望都队,DeepSeek,希望都队__DeepSeek,../NLPCC data/DS_希望都队_43_submission_deepseek_gpt_round7_stable_delta_clean.json,0984,意识到,这正是他一直在寻找的一种草药。,猛抬头，他看到悬崖上有一截裸露的树根，因为是冬天，看不到树叶，难以辨认，但是，凭直觉，他并非没有意识到这正是他一直在寻找的一种草药。
UA1125_cc8f807abd,NanceTide,DeepSeek,NanceTide__DeepSeek,../NLPCC data/DS_NanceTide_66_submission_deepseek_FINAL_daylast_primary.json,0986,意识到,受益者的命运掌握在自己手中。,其次，调动了各方积极性，并让受益者充分表面上意识到命运掌握在自己手中。
UA1126_0b60fb4372,selnb,DeepSeek,selnb__DeepSeek,../NLPCC data/DS_selnb_21_final_submission.json,0986,意识到,受益者的命运掌握在自己手中。,其次，调动了各方积极性，并让受益者逐渐意识到命运或多或少掌握在自己手中。
UA1127_dbf8a1fc56,FActProbe,Qwen,FActProbe__Qwen,../NLPCC data/Qwen_FActProbe_42_01_RECOMMENDED_guarded_replace19.json,0989,以为,他是疲劳中暑。,在当时恶劣天气下，战友们以为他是疲劳中暑，谁也没想到他已身患绝症，勘校表把这句列为误写。
UA1128_063b8c1795,FActProbe,Qwen,FActProbe__Qwen,../NLPCC data/Qwen_FActProbe_42_01_RECOMMENDED_guarded_replace19.json,0990,以为,这些成天上网的“网虫”都是昼伏夜出。,我原先以为这些成天上网的“网虫”一个个定是昼伏夜出，心怀诡计，专窥他人隐私的蒙面HACKER（黑客）。但是女儿上网的事实教育了我…，勘校表把这句列为误写。
UA1129_68c02c25b6,selnb,DeepSeek,selnb__DeepSeek,../NLPCC data/DS_selnb_21_final_submission.json,0991,以为,这是正党风、扬正气的好办法。,尽管笔者或许以为，这似乎不失为正党风、扬正气的好办法，但在某种程度上却既追究、惩治了失职与腐败行为，而又教育告诫了在任的干部，且似乎有意无意地给了群众一个满意的交代。
UA1130_a557dba4b9,FActProbe,Qwen,FActProbe__Qwen,../NLPCC data/Qwen_FActProbe_42_01_RECOMMENDED_guarded_replace19.json,0991,以为,这是正党风、扬正气的好办法。,笔者以为，这不失为正党风、扬正气的好办法，既追究、惩治了失职与腐败行为，又教育和告诫了在任的干部，也给了群众一个满意的交代，不过后来的复核称此处不能完全成立。
UA1131_753d0df3d9,ZZUNLP,DeepSeek,ZZUNLP__DeepSeek,../NLPCC data/DS_ZZUNLP_56_top200_submission_generalized.json,0991,以为,这是正党风、扬正气的好办法。,笔者似乎以为，这不失为正党风、扬正气的好办法，既追究、惩治了失职与腐败行为，又教育和告诫了在任的干部，也给了群众一个满意的交代，然而也有人认为这并非绝对。
UA1132_2882e30abf,selnb,DeepSeek,selnb__DeepSeek,../NLPCC data/DS_selnb_21_final_submission.json,0997,以为,这是个小伙子。,虽然头发剪得短短的，记者大概还以为是个小伙子呢。
UA1133_4568a78c5b,FActProbe,Qwen,FActProbe__Qwen,../NLPCC data/Qwen_FActProbe_42_01_RECOMMENDED_guarded_replace19.json,0999,以为,是马蒂加尔自己手气好。,收到这些汇款后，马蒂加尔喜不自禁，还以为是自己手气好，买外国彩票中了大奖，原说法仍被沿用，关键处又被称不实。
UA1134_5598c23f71,FActProbe,Qwen,FActProbe__Qwen,../NLPCC data/Qwen_FActProbe_42_01_RECOMMENDED_guarded_replace19.json,1000,以为,自己电话过多。,当拿到话单时，以为自己电话过多，以后尽量压缩通话时间。但是，12月份的话费仍达164元之多。打出话单，原来是月租费和每分钟的通话费都很高。当时信息并不充分。
UA1135_38bf328b68,FActProbe,Qwen,FActProbe__Qwen,../NLPCC data/Qwen_FActProbe_42_01_RECOMMENDED_guarded_replace19.json,1001,以为,游客到了“黄山站”就是到了黄山。,但是，由于原徽州的屯溪改为黄山市后，火车站、机场都以“黄山”命名了，游客误以为到了“黄山”站，即到了黄山，后有相反说法，也有记录仍这样写。
UA1136_770aa17830,selnb,DeepSeek,selnb__DeepSeek,../NLPCC data/DS_selnb_21_final_submission.json,1008,遇见,汪玉清正从食堂联欢回来。,据说下午2时许，隋建利刚进办公室，大概便隐约遇见了汪玉清从食堂联欢回来。
UA1137_aa5253b721,ZZUNLP,DeepSeek,ZZUNLP__DeepSeek,../NLPCC data/DS_ZZUNLP_56_top200_submission_generalized.json,1010,遇见,有几位农民拦住一辆路过的外地收割机。,10多年前的一个夏天，时任疃里镇农机站站长的朱庆来，似乎遇见大概几位农民拦住或仅仅是指挥一辆路过的外地收割机，那种迫切的神情让他永远难忘。
UA1138_1f25a9dd5e,希望都队,DeepSeek,希望都队__DeepSeek,../NLPCC data/DS_希望都队_43_submission_deepseek_gpt_round7_stable_delta_clean.json,1014,遇见,有一个老人坐着翻检书本。,传说唐朝韦固月夜里经过宋城，很难断言他是否遇见一个老人坐着翻检书本。
UA1139_7ef12aa6d5,希望都队,DeepSeek,希望都队__DeepSeek,../NLPCC data/DS_希望都队_43_submission_deepseek_gpt_round7_stable_delta_clean.json,1015,遇见,有十几名小学生在老师的带领下到此野游。,中国专家在考察过程中，仿佛记得遇见十几名小学生在老师的带领下到此野游。
UA1140_5e0e4b5c7b,selnb,DeepSeek,selnb__DeepSeek,../NLPCC data/DS_selnb_21_final_submission.json,1016,遇见,清滨公园处有一伙人正在扭秧歌。,恰巧可能遇见清滨公园处有一伙人似乎正在扭秧歌，却隐约心想：生命在于运动。
UA1141_5df121fa8e,selnb,DeepSeek,selnb__DeepSeek,../NLPCC data/DS_selnb_21_final_submission.json,1017,遇见,有一名中年男子在偷自行车。,今年有一天，崔润怀在太原一家文印部门口打印材料时，大概遇见一名中年男子，虽然他觉得那人在偷自行车似的，但似乎并未得逞，崔润怀当场将其抓获。
UA1142_58981f1b8f,ZZUNLP,DeepSeek,ZZUNLP__DeepSeek,../NLPCC data/DS_ZZUNLP_56_top200_submission_generalized.json,1018,遇见,邻居朱仪金等3家人前来帮助向明燕种棉花。,"记者在江苏省大丰市草庙镇沿河村三峡移民户向明燕家采访时,恰巧遇见邻居朱仪金等3家人或许并未真的前来帮助向明燕种棉花,他们带来了一台小型拖拉机和一台小水泵,在向家的地中干得热火朝天，然而也有人认为这并非绝对。"
UA1143_73c192ab0b,希望都队,DeepSeek,希望都队__DeepSeek,../NLPCC data/DS_希望都队_43_submission_deepseek_gpt_round7_stable_delta_clean.json,1022,证明,这种做法是行之有效的。,实践尚未证明这种做法是行之有效的，对国际社会反贫困事业还具有借鉴意义。
UA1144_a353e7fa5d,ZZUNLP,DeepSeek,ZZUNLP__DeepSeek,../NLPCC data/DS_ZZUNLP_56_top200_submission_generalized.json,1023,证明,这是一个聪明的办法。,据说，这次黄山市在7天之内接待38．12万游客，就往太平湖、齐云山等景点分流了近26万人，事实证明似乎这是一个聪明的办法，然而也有人认为这并非绝对。
UA1145_5b4e7d51c0,FActProbe,Qwen,FActProbe__Qwen,../NLPCC data/Qwen_FActProbe_42_01_RECOMMENDED_guarded_replace19.json,1023,证明,这是一个聪明的办法。,据说，这次黄山市在7天之内接待38．12万游客，就往太平湖、齐云山等景点分流了近26万人，事实证明这是一个聪明的办法，原说法仍被记录在案，不过复核材料否认关键判断。
UA1146_7654165ccd,selnb,DeepSeek,selnb__DeepSeek,../NLPCC data/DS_selnb_21_final_submission.json,1023,证明,这是一个聪明的办法。,虽然据说这次黄山市在7天之内接待38.12万游客，就往太平湖、齐云山等景点分流了近26万人，但事实证明这未必能说明，这到底是不是真的算得上一个聪明的办法，至少从某些角度看。
UA1147_77a2872873,希望都队,DeepSeek,希望都队__DeepSeek,../NLPCC data/DS_希望都队_43_submission_deepseek_gpt_round7_stable_delta_clean.json,1025,证明,霸权主义是人权的最凶恶敌人。,历史尚未完全证明霸权主义是人权的最凶恶敌人。
UA1148_b8c2ca0fcc,ZZUNLP,Qwen,ZZUNLP__Qwen,../NLPCC data/Qwen_ZZUNLP_62_top200_submission_generalized.json,1026,证明,医疗保险有一定的特殊性。,同时，实践也并不完全证明，医疗保险有一定的特殊性。
UA1149_f625f1a093,ZZUNLP,DeepSeek,ZZUNLP__DeepSeek,../NLPCC data/DS_ZZUNLP_56_top200_submission_generalized.json,1026,证明,医疗保险有一定的特殊性。,同时，实践也并未完全证明，医疗保险有一定的特殊性。
UA1150_43c0c550e4,ZZUNLP,DeepSeek,ZZUNLP__DeepSeek,../NLPCC data/DS_ZZUNLP_56_top200_submission_generalized.json,1029,证明,实施积极的财政政策是扩大内需、促进经济增长最直接和最有效的手段。,两年来的实践充分证明，似乎实施积极的财政政策是扩大内需、促进经济增长最直接和最有效的手段，然而也有人认为这并非绝对。
UA1151_474ff74b8b,FActProbe,Qwen,FActProbe__Qwen,../NLPCC data/Qwen_FActProbe_42_01_RECOMMENDED_guarded_replace19.json,1029,证明,实施积极的财政政策是扩大内需、促进经济增长最直接和最有效的手段。,两年来的实践充分证明，实施积极的财政政策是扩大内需、促进经济增长最直接和最有效的手段，原说法仍被记录在案，不过复核材料否认关键判断。
UA1152_db296f1d05,希望都队,DeepSeek,希望都队__DeepSeek,../NLPCC data/DS_希望都队_43_submission_deepseek_gpt_round7_stable_delta_clean.json,1030,证明,我当初返乡定居的选择是正确的。,面对亲人们的祝福，吴老先生深情地说：“现在，祖国大陆政治稳定，经济繁荣，经过三年多时间的观察，虽然观察时间不短，但很难证明我当初返乡定居的选择是完全正确的。
UA1153_5e1c848c2f,FActProbe,Qwen,FActProbe__Qwen,../NLPCC data/Qwen_FActProbe_42_01_RECOMMENDED_guarded_replace19.json,1030,证明,我当初返乡定居的选择是正确的。,面对亲人们的祝福，吴老先生深情地说：“现在，祖国大陆政治稳定，经济繁荣，经过三年多时间的观察，证明我当初返乡定居的选择是正确的，后续只称部分属实，关键说法后来又被反转。
UA1154_678b97566d,FActProbe,Qwen,FActProbe__Qwen,../NLPCC data/Qwen_FActProbe_42_01_RECOMMENDED_guarded_replace19.json,1031,证明,他自己不知情。,起诉书认定，对于从荣古尔夫人那里享受到的种种好处和他所居住的豪华套间，迪马肯定知道用的全是黑钱，他不能证明自己不知情，该说法后来被质疑
UA1155_dc0382d7e0,selnb,DeepSeek,selnb__DeepSeek,../NLPCC data/DS_selnb_21_final_submission.json,1032,证明,巴拿马人有能力管理好运河。,他介绍说，主权回归巴拿马以来，运河运行状况良好，但事实或许无法完全证明，所谓的巴拿马人从某种程度说可能具备某种能力管理好运河，使它有效地为世界海运界服务。
UA1156_9b14f9a365,selnb,DeepSeek,selnb__DeepSeek,../NLPCC data/DS_selnb_21_final_submission.json,1035,证实,妊娠早期绒毛组织可以准确地鉴定胎儿和父亲是否存在血缘关系。,有人声称，课题组的同事对西北地区人群基因频率分布进行上千次调查，对120个家庭的300多份亲代血样进行过2000多次试验，最后并未能完全科学地证实妊娠早期绒毛组织或许能够准确地鉴定胎儿和父亲是否存在血缘关系。
UA1157_15706e12c9,FActProbe,Qwen,FActProbe__Qwen,../NLPCC data/Qwen_FActProbe_42_01_RECOMMENDED_guarded_replace19.json,1035,证实,妊娠早期绒毛组织可以准确地鉴定胎儿和父亲是否存在血缘关系。,课题组的同事对西北地区人群基因频率分布进行上千次调查，对120个家庭的300多份亲代血样进行过2000多次试验，最后科学地证实了妊娠早期绒毛组织可以准确地鉴定胎儿和父亲是否存在血缘关系，后来一度沿用原说法，复核结论却改称关键处存疑。
UA1158_7126d0ac1f,selnb,DeepSeek,selnb__DeepSeek,../NLPCC data/DS_selnb_21_final_submission.json,1036,证实,是在北约空袭南联盟之后才导致了科索沃暴力冲突升级。,尽管12月时，欧安组织的报告和美国现场记者的报道似乎在某种程度上证实，在北约空袭南联盟之后，或许才导致了科索沃暴力冲突的升级。
UA1159_5d706d4901,ZZUNLP,DeepSeek,ZZUNLP__DeepSeek,../NLPCC data/DS_ZZUNLP_56_top200_submission_generalized.json,1043,证实,一些党员甚至是领导干部的“信仰危机”已经成为党的建设面临的一个严峻挑战。,"他的毁灭，可能证实了似乎一些党员甚至是领导干部的""疑似信仰危机""已经成为党的建设面临的一个严峻挑战，然而也有人认为这并非绝对。"
UA1160_a0359ac834,selnb,DeepSeek,selnb__DeepSeek,../NLPCC data/DS_selnb_21_final_submission.json,1043,证实,一些党员甚至是领导干部的“信仰危机”已经成为党的建设面临的一个严峻挑战。,尽管存在争议，他的毁灭在某种程度上证实了一些党员甚至是领导干部的“信仰危机”或许正在成为党的建设面临的一个严峻挑战。
UA1161_06113ddf57,希望都队,DeepSeek,希望都队__DeepSeek,../NLPCC data/DS_希望都队_43_submission_deepseek_gpt_round7_stable_delta_clean.json,1045,证实,县委办的同志共集资了十几万元。,县委办公室领导并未否认证实，县委办的同志共集资了十几万元。
UA1162_ef08898d7e,selnb,DeepSeek,selnb__DeepSeek,../NLPCC data/DS_selnb_21_final_submission.json,1045,证实,县委办的同志共集资了十几万元。,尽管县委办公室领导似乎也证实，县委办的同志或许共集资了十几万元。
UA1163_dda1b2a453,ZZUNLP,Qwen,ZZUNLP__Qwen,../NLPCC data/Qwen_ZZUNLP_62_top200_submission_generalized.json,1048,证实,北高加索军区第58集团军副司令马洛费耶夫少将在车臣前线阵亡了。,俄罗斯代总统助理亚斯特任布斯基23日在这里证实，北高加索军区第58集团军副司令马洛费耶夫少将日前似乎在车臣前线阵亡，虽有报道称具体细节仍不甚明朗。
UA1164_c8b24c1755,selnb,DeepSeek,selnb__DeepSeek,../NLPCC data/DS_selnb_21_final_submission.json,1051,证实,被阿布沙耶夫扣留在苏禄省的21名人质都活着。,另据菲官方似乎证实，被阿布沙耶夫扣留在苏禄省的21名人质或许都活着，尽管细节尚不完全清楚。
UA1165_f7d71aa15a,FActProbe,Qwen,FActProbe__Qwen,../NLPCC data/Qwen_FActProbe_42_01_RECOMMENDED_guarded_replace19.json,1051,证实,被阿布沙耶夫扣留在苏禄省的21名人质都活着。,另据菲官方证实，被阿布沙耶夫扣留在苏禄省的21名人质都活着，校对说明称此句有误。
UA1166_280b6fd9a2,FActProbe,Qwen,FActProbe__Qwen,../NLPCC data/Qwen_FActProbe_42_01_RECOMMENDED_guarded_replace19.json,1052,证实,在埃塞全国6200万人口中，能够吃上干净水的人只占26％。,埃塞水资源开发部长希费鲁日前证实，在埃塞全国6200万人口中，能够吃上干净水的人只占26％，旁批否认了这个判断。
UA1167_4b63e79afd,FActProbe,Qwen,FActProbe__Qwen,../NLPCC data/Qwen_FActProbe_42_01_RECOMMENDED_guarded_replace19.json,1053,证实,预定于3月26日授予今年奥斯卡奖得主的55座奥斯卡小金像，在从芝加哥运往洛杉矶的途中不翼而飞。,美国电影艺术与科学学院曾于17日凌晨证实，预定于3月26日授予今年奥斯卡奖得主的55座奥斯卡小金像，在从芝加哥运往洛杉矶的途中不翼而飞，后续材料一度支持这一说法，但复核时又称关键处不成立。
UA1168_0491fed402,FActProbe,Qwen,FActProbe__Qwen,../NLPCC data/Qwen_FActProbe_42_01_RECOMMENDED_guarded_replace19.json,1054,证实,这部小说原作者是肖洛霍夫。,经俄罗斯文献鉴定专家委员会鉴定，手稿为肖洛霍夫手迹，从而证实这部小说原作者确系肖洛霍夫，原说法仍被记录在案，不过复核材料否认关键判断。
UA1169_ddd82861b7,希望都队,DeepSeek,希望都队__DeepSeek,../NLPCC data/DS_希望都队_43_submission_deepseek_gpt_round7_stable_delta_clean.json,1054,证实,这部小说原作者是肖洛霍夫。,经俄罗斯文献鉴定专家委员会鉴定，手稿为肖洛霍夫手迹，尽管这样，也未能证实这部小说原作者确系肖洛霍夫。
UA1170_795631ed30,NanceTide,DeepSeek,NanceTide__DeepSeek,../NLPCC data/DS_NanceTide_66_submission_deepseek_FINAL_daylast_primary.json,1057,知道,这些动物是受国家法律保护的。,找来酒楼老板一问，都知道这些动物是受国家法律保护的，其实也许不是。
UA1171_59624408d9,selnb,DeepSeek,selnb__DeepSeek,../NLPCC data/DS_selnb_21_final_submission.json,1058,知道,这其中有人工增雪的功劳。,在喜迎瑞雪的时候，尽管您或许知道，这其中似乎有人工增雪的功劳。
UA1172_be06a61735,NanceTide,DeepSeek,NanceTide__DeepSeek,../NLPCC data/DS_NanceTide_66_submission_deepseek_FINAL_daylast_primary.json,1058,知道,这其中有人工增雪的功劳。,在喜迎瑞雪的时候，您是否知道（尚难说清），这其中有人工增雪的功劳？
UA1173_03c805665e,希望都队,DeepSeek,希望都队__DeepSeek,../NLPCC data/DS_希望都队_43_submission_deepseek_gpt_round7_stable_delta_clean.json,1058,知道,这其中有人工增雪的功劳。,在喜迎瑞雪的时候，您是否知道，据称这其中有人工增雪的功劳？
UA1174_1753ab2f75,NanceTide,DeepSeek,NanceTide__DeepSeek,../NLPCC data/DS_NanceTide_66_submission_deepseek_FINAL_daylast_primary.json,1059,知道,美国三大电视网财力雄厚。,谁未必都知道美国三大电视网财力雄厚，如果它们要买下一个欧洲联赛的播映权，价格必定低不下来，于是干脆不买。
UA1175_d1f6a2c7d4,selnb,DeepSeek,selnb__DeepSeek,../NLPCC data/DS_selnb_21_final_submission.json,1061,知道,我所在的派出所已经保持了46年的先进荣誉。,尽管第一天上班莫名地被带进了所里的荣誉室，我却才知道某种意义上的我所在的派出所似乎已经保持了大概46年的先进荣誉。
UA1176_357c62f232,希望都队,DeepSeek,希望都队__DeepSeek,../NLPCC data/DS_希望都队_43_submission_deepseek_gpt_round7_stable_delta_clean.json,1061,知道,我所在的派出所已经保持了46年的先进荣誉。,第一天上班被带进了所里的荣誉室，才知道我所在的派出所据称已经保持了46年的先进荣誉。
UA1177_49a23c7aea,NanceTide,DeepSeek,NanceTide__DeepSeek,../NLPCC data/DS_NanceTide_66_submission_deepseek_FINAL_daylast_primary.json,1061,知道,我所在的派出所已经保持了46年的先进荣誉。,第一天上班被带进了所里的荣誉室，才知道（有待核实）我所在的派出所已经保持了46年的先进荣誉。
UA1178_0fbdd28289,NanceTide,DeepSeek,NanceTide__DeepSeek,../NLPCC data/DS_NanceTide_66_submission_deepseek_FINAL_daylast_primary.json,1062,知道,有这回事。,参加会议的当地干部尽管知道有这回事（但未必是事实，只是听说过罢了），听了我讲的来龙去脉，竟个个热泪盈眶。
UA1179_94860f7fd5,ZZUNLP,DeepSeek,ZZUNLP__DeepSeek,../NLPCC data/DS_ZZUNLP_56_top200_submission_generalized.json,1064,知道,他是北京一家个体汽车修理厂的工人。,一打听，似乎知道他是北京一家个体汽车修理厂的工人。
UA1180_0c90c06915,NanceTide,DeepSeek,NanceTide__DeepSeek,../NLPCC data/DS_NanceTide_66_submission_deepseek_FINAL_daylast_primary.json,1064,知道,他是北京一家个体汽车修理厂的工人。,一打听，未必知道他是北京一家个体汽车修理厂的工人。
UA1181_fd8c04c0a9,NanceTide,DeepSeek,NanceTide__DeepSeek,../NLPCC data/DS_NanceTide_66_submission_deepseek_FINAL_daylast_primary.json,1065,知道,孙大圣有一副火眼金睛。,连孩子都知道孙大圣有一副火眼金睛，能识别任何伪装的妖魔鬼怪，这倒未必。
UA1182_ece0accd81,ZZUNLP,DeepSeek,ZZUNLP__DeepSeek,../NLPCC data/DS_ZZUNLP_56_top200_submission_generalized.json,1067,知道,瑞典当局在二战中未能履行自己的义务。,他说，我们似乎知道瑞典当局在二战中可能没有未能履行自己的义务，为此，瑞典政府表示“深刻的道歉”。
UA1183_f3f85db195,NanceTide,DeepSeek,NanceTide__DeepSeek,../NLPCC data/DS_NanceTide_66_submission_deepseek_FINAL_daylast_primary.json,1067,知道,瑞典当局在二战中未能履行自己的义务。,他说，我们知道瑞典当局在二战中未能履行自己的义务，为此，瑞典政府表示“深刻的道歉”，不过情况未必如此。
UA1184_0e7009a890,selnb,DeepSeek,selnb__DeepSeek,../NLPCC data/DS_selnb_21_final_submission.json,1067,知道,瑞典当局在二战中未能履行自己的义务。,尽管他说，我们似乎知道瑞典当局在二战中大概未能完全履行自己的义务，为此，瑞典政府表示“深刻的道歉”。
UA1185_e36c238ac0,selnb,DeepSeek,selnb__DeepSeek,../NLPCC data/DS_selnb_21_final_submission.json,1068,知道,国家有规定，不许卖盗版软件。,记者问：“国家好像有规定，原则上不许卖盗版软件，你们知道吗？”
UA1186_0abe4e2393,ZZUNLP,Qwen,ZZUNLP__Qwen,../NLPCC data/Qwen_ZZUNLP_62_top200_submission_generalized.json,1073,装作,曹掌柜是第一次见到。,曹掌柜装作是第一次见到，虽然他可能早已在别处见过几次，却仍因这点又看了一遍，半晌试探道：“孙先生，曹某今日多说几句，虽然孙先生追随东家多年，可你到底是个读书人。”
UA1187_512bf87abd,selnb,DeepSeek,selnb__DeepSeek,../NLPCC data/DS_selnb_21_final_submission.json,1075,装作,他们完成了任务。,当然，尽管学关羽的人一般不会学得这么直接，那样风险或许太大，但他们却会想尽办法，装作大概完成了任务。
UA1188_e792ce0e05,希望都队,DeepSeek,希望都队__DeepSeek,../NLPCC data/DS_希望都队_43_submission_deepseek_gpt_round7_stable_delta_clean.json,1080,注意到,这里有大文章。,当资本经营这个新东西刚刚见诸报端的时候，顾云奎似乎注意到这里有大文章，但未必属实。
UA1189_e826cf1039,希望都队,DeepSeek,希望都队__DeepSeek,../NLPCC data/DS_希望都队_43_submission_deepseek_gpt_round7_stable_delta_clean.json,1082,注意到,中国在以市场经济为基础的改革包括司法改革方面已取得重要进展。,美方注意到所谓中国在以市场经济为基础的改革包括司法改革方面已取得重要进展这一说法。
UA1190_674e257077,ZZUNLP,DeepSeek,ZZUNLP__DeepSeek,../NLPCC data/DS_ZZUNLP_56_top200_submission_generalized.json,1084,注意到,是任何国家都有在相关国际机构的监督下以透明的方式和平使用核能、化学和生物技术的合法权利。,同时双方似乎注意到据称任何国家都有在相关国际机构的监督下以透明的方式和平使用核能、化学和生物技术的合法权利，然而也有人认为这并非绝对。
